Product_ID,Brand,Category,Price_INR,Units_Sold,Discount_Percent,Revenue_INR,Rating,Customer_Age,Customer_Gender,Skin_Type,Region,Sales_Channel,Sale_Date,Returned,Month,Quarter,Day_of_Week,Is_weekend,Price_Range,Age_Group,Revenue_Per_Unit,Rating_Category,High_Rating,Return_Loss_INR
PROD0001,Lakme,Foundation,2672.7,16,5,40625.04,3.1,22,Female,Normal,Delhi,Brand Store,17-02-2023,0,February,1,Friday,0,Premium,Young Adult,2539.06,Average,0,0
PROD0002,Faces Canada,Lipstick,656.53,42,0,27574.26,4.3,42,Female,Sensitive,Chennai,Retail Store,04-01-2023,0,January,1,Wednesday,0,Mid-Range,Mature,656.53,Good,1,0
PROD0003,Revlon,Highlighter,1049.53,14,15,12489.41,4.9,37,Female,Normal,Delhi,Online,26-06-2023,0,June,2,Monday,0,Mid-Range,Mature,892.1,Excellent,1,0
PROD0004,Faces Canada,Eyeliner,273.88,25,15,5819.95,2.7,34,Female,Dry,Pune,Brand Store,24-01-2023,0,January,1,Tuesday,0,Budget,Mature,232.8,Poor,0,0
PROD0005,MAC,Foundation,3072.61,25,10,69133.73,3.2,39,Female,Combination,Bangalore,Retail Store,17-05-2023,0,May,2,Wednesday,0,Premium,Mature,2765.35,Average,0,0
PROD0006,Colorbar,Foundation,2331.57,35,0,81604.95,4.3,26,Non-binary,Combination,Ahmedabad,Retail Store,24-11-2023,0,November,4,Friday,0,Premium,Young Adult,2331.57,Good,1,0
PROD0007,Lakme,Concealer,794.75,3,0,2384.25,4.5,41,Male,Dry,Hyderabad,Online,18-10-2023,0,October,4,Wednesday,0,Mid-Range,Mature,794.75,Excellent,1,0
PROD0008,Nykaa,Eyeliner,1338.44,42,10,50593.03,3.6,32,Female,Sensitive,Bangalore,Online,27-10-2023,0,October,4,Friday,0,Mid-Range,Mature,1204.6,Average,0,0
PROD0009,MAC,Concealer,2793.04,9,0,25137.36,3.8,21,Female,Dry,Mumbai,Online,15-12-2023,0,December,4,Friday,0,Premium,Young Adult,2793.04,Average,0,0
PROD0010,Colorbar,Highlighter,2989.52,34,15,86397.13,3.1,51,Female,Oily,Mumbai,Brand Store,02-10-2023,0,October,4,Monday,0,Premium,Mature,2541.09,Average,0,0
PROD0011,Maybelline,Concealer,962.39,11,5,10056.98,3.6,32,Male,Oily,Bangalore,Brand Store,02-06-2023,0,June,2,Friday,0,Mid-Range,Mature,914.27,Average,0,0
PROD0012,L'Oreal,Eyeshadow,1682.86,11,20,14809.17,3.8,49,Female,Combination,Mumbai,Brand Store,27-02-2023,1,February,1,Monday,0,Premium,Mature,1346.29,Average,0,14809.17
PROD0013,MAC,Blush,379.39,37,20,11229.94,4.9,21,Female,Sensitive,Ahmedabad,Online,07-03-2023,0,March,1,Tuesday,0,Budget,Young Adult,303.51,Excellent,1,0
PROD0014,NYX,Mascara,1149.34,39,5,42583.05,3.6,29,Female,Combination,Chennai,Brand Store,10-12-2023,0,December,4,Sunday,1,Mid-Range,Young Adult,1091.87,Average,0,0
PROD0015,Sugar,Primer,774.23,15,0,11613.45,2.7,17,Female,Dry,Chennai,Brand Store,29-12-2023,0,December,4,Friday,0,Mid-Range,Mature,774.23,Poor,0,0
PROD0016,Revlon,Lipstick,362.04,16,0,5792.64,3.2,47,Female,Dry,Chennai,Brand Store,20-10-2023,0,October,4,Friday,0,Budget,Mature,362.04,Average,0,0
PROD0017,Nykaa,Eyeliner,365.76,7,25,1920.24,4.1,38,Male,Normal,Kolkata,Retail Store,28-01-2023,0,January,1,Saturday,1,Budget,Mature,274.32,Good,1,0
PROD0018,Lakme,Foundation,1587.79,22,0,34931.38,4.5,22,Female,Dry,Chennai,Online,13-03-2023,0,March,1,Monday,0,Premium,Young Adult,1587.79,Excellent,1,0
PROD0019,Maybelline,Eyeshadow,1939.03,36,20,55844.06,2.7,50,Female,Dry,Mumbai,Online,06-09-2023,0,September,3,Wednesday,0,Premium,Mature,1551.22,Poor,0,0
PROD0020,L'Oreal,Lipstick,1071.02,25,0,26775.5,3.2,45,Female,Sensitive,Hyderabad,Retail Store,07-09-2023,0,September,3,Thursday,0,Mid-Range,Mature,1071.02,Average,0,0
PROD0021,Colorbar,Lipstick,1891.93,4,25,5675.79,4.4,19,Female,Normal,Mumbai,Brand Store,29-09-2023,0,September,3,Friday,0,Premium,Mature,1418.95,Good,1,0
PROD0022,L'Oreal,Foundation,518.34,5,0,2591.7,4.2,31,Female,Sensitive,Kolkata,Online,01-11-2023,0,November,4,Wednesday,0,Mid-Range,Mature,518.34,Good,1,0
PROD0023,Colorbar,Setting Spray,1188.25,17,0,20200.25,3,36,Female,Normal,Chennai,Retail Store,27-11-2023,0,November,4,Monday,0,Mid-Range,Mature,1188.25,Average,0,0
PROD0024,Lakme,Foundation,1765.97,37,20,52272.71,5,20,Female,Combination,Chennai,Brand Store,28-06-2023,0,June,2,Wednesday,0,Premium,Mature,1412.78,Excellent,1,0
PROD0025,NYX,Concealer,609.3,35,20,17060.4,4.3,55,Female,Sensitive,Mumbai,Brand Store,06-12-2023,0,December,4,Wednesday,0,Mid-Range,Mature,487.44,Good,1,0
PROD0026,Maybelline,Blush,2251.74,48,20,86466.82,3.9,33,Female,Dry,Hyderabad,Brand Store,15-04-2023,0,April,2,Saturday,1,Premium,Mature,1801.39,Average,0,0
PROD0027,Sugar,Primer,1177.73,4,0,4710.92,2.7,43,Female,Oily,Hyderabad,Online,08-03-2023,0,March,1,Wednesday,0,Mid-Range,Mature,1177.73,Poor,0,0
PROD0028,Faces Canada,Eyeliner,1087.64,36,5,37197.29,2.5,20,Male,Oily,Bangalore,Brand Store,26-10-2023,0,October,4,Thursday,0,Mid-Range,Mature,1033.26,Poor,0,0
PROD0029,NYX,Lipstick,1038.06,3,5,2958.47,4.7,29,Female,Oily,Chennai,Brand Store,14-10-2023,0,October,4,Saturday,1,Mid-Range,Young Adult,986.16,Excellent,1,0
PROD0030,L'Oreal,Setting Spray,1873.72,16,5,28480.54,4.7,27,Female,Dry,Kolkata,Online,20-06-2023,0,June,2,Tuesday,0,Premium,Young Adult,1780.03,Excellent,1,0
PROD0031,NYX,Eyeshadow,888.19,45,15,33973.27,2.8,18,Male,Dry,Ahmedabad,Online,24-08-2023,0,August,3,Thursday,0,Mid-Range,Mature,754.96,Poor,0,0
PROD0032,MAC,Eyeshadow,386.58,13,15,4271.71,3.5,33,Female,Combination,Delhi,Retail Store,24-07-2023,0,July,3,Monday,0,Budget,Mature,328.59,Average,0,0
PROD0033,Lakme,Concealer,499,17,25,6362.25,2.9,32,Female,Sensitive,Mumbai,Online,10-06-2023,0,June,2,Saturday,1,Budget,Mature,374.25,Poor,0,0
PROD0034,Nykaa,Foundation,3178.31,13,5,39252.13,3.1,43,Female,Sensitive,Mumbai,Brand Store,10-12-2023,0,December,4,Sunday,1,Premium,Mature,3019.39,Average,0,0
PROD0035,Colorbar,Concealer,1015.49,8,0,8123.92,4.3,35,Female,Normal,Hyderabad,Brand Store,23-12-2023,0,December,4,Saturday,1,Mid-Range,Mature,1015.49,Good,1,0
PROD0036,Nykaa,Highlighter,2128.44,12,10,22987.15,4,35,Female,Oily,Kolkata,Brand Store,18-04-2023,0,April,2,Tuesday,0,Premium,Mature,1915.6,Good,1,0
PROD0037,Sugar,Concealer,1348.09,44,0,59315.96,3,46,Female,Oily,Bangalore,Brand Store,06-12-2023,0,December,4,Wednesday,0,Mid-Range,Mature,1348.09,Average,0,0
PROD0038,NYX,Eyeshadow,1130.4,13,20,11756.16,2.9,18,Male,Sensitive,Chennai,Retail Store,07-02-2023,0,February,1,Tuesday,0,Mid-Range,Mature,904.32,Poor,0,0
PROD0039,MAC,Setting Spray,1520.91,25,0,38022.75,3.7,31,Male,Oily,Bangalore,Brand Store,24-02-2023,0,February,1,Friday,0,Premium,Mature,1520.91,Average,0,0
PROD0040,Sugar,Primer,554.73,16,25,6656.76,4.8,23,Female,Normal,Ahmedabad,Online,14-10-2023,0,October,4,Saturday,1,Mid-Range,Young Adult,416.05,Excellent,1,0
PROD0041,Colorbar,Eyeliner,1240.82,33,0,40947.06,3.6,51,Female,Normal,Ahmedabad,Online,07-05-2023,0,May,2,Sunday,1,Mid-Range,Mature,1240.82,Average,0,0
PROD0042,Sugar,Primer,2342.55,18,0,42165.9,3.6,34,Female,Combination,Chennai,Retail Store,04-10-2023,0,October,4,Wednesday,0,Premium,Mature,2342.55,Average,0,0
PROD0043,L'Oreal,Highlighter,2207.04,5,15,9379.92,3.5,37,Female,Oily,Ahmedabad,Retail Store,04-08-2023,0,August,3,Friday,0,Premium,Mature,1875.98,Average,0,0
PROD0044,Colorbar,Lipstick,1074.26,1,20,859.41,4.9,35,Female,Sensitive,Kolkata,Retail Store,07-10-2023,0,October,4,Saturday,1,Mid-Range,Mature,859.41,Excellent,1,0
PROD0045,MAC,Eyeliner,481.38,32,5,14633.95,2.6,37,Male,Dry,Kolkata,Brand Store,07-03-2023,1,March,1,Tuesday,0,Budget,Mature,457.31,Poor,0,14633.95
PROD0046,Colorbar,Highlighter,1823.42,2,5,3464.5,2.7,43,Female,Dry,Bangalore,Retail Store,14-07-2023,0,July,3,Friday,0,Premium,Mature,1732.25,Poor,0,0
PROD0047,Nykaa,Concealer,922.75,27,0,24914.25,3.1,21,Female,Sensitive,Ahmedabad,Online,29-06-2023,0,June,2,Thursday,0,Mid-Range,Young Adult,922.75,Average,0,0
PROD0048,Lakme,Lipstick,2384.06,13,0,30992.78,4.6,55,Female,Dry,Bangalore,Online,28-02-2023,0,February,1,Tuesday,0,Premium,Mature,2384.06,Excellent,1,0
PROD0049,Revlon,Blush,626.69,39,20,19552.73,4.9,23,Female,Oily,Bangalore,Retail Store,09-06-2023,0,June,2,Friday,0,Mid-Range,Young Adult,501.35,Excellent,1,0
PROD0050,Nykaa,Highlighter,2841.91,13,15,31403.11,2.7,31,Male,Combination,Delhi,Brand Store,04-11-2023,0,November,4,Saturday,1,Premium,Mature,2415.62,Poor,0,0
PROD0051,Lakme,Setting Spray,889.59,28,0,24908.52,4.2,20,Male,Normal,Pune,Online,24-02-2023,0,February,1,Friday,0,Mid-Range,Mature,889.59,Good,1,0
PROD0052,L'Oreal,Eyeliner,709.12,47,20,26662.91,3.8,33,Male,Normal,Ahmedabad,Retail Store,31-10-2023,0,October,4,Tuesday,0,Mid-Range,Mature,567.3,Average,0,0
PROD0053,NYX,Foundation,3121.1,16,0,49937.6,4.4,52,Female,Oily,Kolkata,Retail Store,16-06-2023,0,June,2,Friday,0,Premium,Mature,3121.1,Good,1,0
PROD0054,Revlon,Blush,878.51,39,15,29122.61,4.3,33,Female,Dry,Mumbai,Brand Store,28-07-2023,0,July,3,Friday,0,Mid-Range,Mature,746.73,Good,1,0
PROD0055,Sugar,Eyeliner,726.89,2,10,1308.4,2.7,30,Female,Dry,Kolkata,Brand Store,25-10-2023,0,October,4,Wednesday,0,Mid-Range,Young Adult,654.2,Poor,0,0
PROD0056,Nykaa,Concealer,2791.24,36,10,90436.18,3.3,45,Female,Combination,Hyderabad,Retail Store,09-04-2023,0,April,2,Sunday,1,Premium,Mature,2512.12,Average,0,0
PROD0057,MAC,Mascara,588.71,31,0,18250.01,3.2,53,Female,Dry,Hyderabad,Online,04-07-2023,0,July,3,Tuesday,0,Mid-Range,Mature,588.71,Average,0,0
PROD0058,L'Oreal,Primer,1249.64,4,0,4998.56,3.9,24,Female,Oily,Ahmedabad,Online,29-08-2023,0,August,3,Tuesday,0,Mid-Range,Young Adult,1249.64,Average,0,0
PROD0059,NYX,Lipstick,2364.39,31,0,73296.09,2.8,20,Female,Oily,Kolkata,Retail Store,18-12-2023,0,December,4,Monday,0,Premium,Mature,2364.39,Poor,0,0
PROD0060,NYX,Setting Spray,443.89,16,10,6392.02,2.8,42,Female,Normal,Chennai,Brand Store,15-08-2023,0,August,3,Tuesday,0,Budget,Mature,399.5,Poor,0,0
PROD0061,NYX,Highlighter,1834.87,4,0,7339.48,4,22,Female,Dry,Chennai,Brand Store,11-02-2023,0,February,1,Saturday,1,Premium,Young Adult,1834.87,Good,1,0
PROD0062,L'Oreal,Foundation,307.56,29,5,8473.28,4.2,46,Female,Dry,Hyderabad,Online,25-05-2023,0,May,2,Thursday,0,Budget,Mature,292.18,Good,1,0
PROD0063,NYX,Eyeshadow,3214.75,41,15,112034.04,4,28,Female,Sensitive,Kolkata,Online,18-03-2023,1,March,1,Saturday,1,Premium,Young Adult,2732.54,Good,1,112034.04
PROD0064,Lakme,Foundation,830.12,20,20,13281.92,4,52,Female,Oily,Hyderabad,Retail Store,05-06-2023,0,June,2,Monday,0,Mid-Range,Mature,664.1,Good,1,0
PROD0065,Faces Canada,Primer,1930.26,6,15,9844.33,4,43,Female,Combination,Pune,Brand Store,28-04-2023,1,April,2,Friday,0,Premium,Mature,1640.72,Good,1,9844.33
PROD0066,Colorbar,Setting Spray,1916.29,49,0,93898.21,4.2,33,Female,Normal,Mumbai,Online,15-08-2023,1,August,3,Tuesday,0,Premium,Mature,1916.29,Good,1,93898.21
PROD0067,Nykaa,Setting Spray,1378.77,32,0,44120.64,4.9,46,Female,Combination,Pune,Retail Store,23-02-2023,0,February,1,Thursday,0,Mid-Range,Mature,1378.77,Excellent,1,0
PROD0068,NYX,Eyeliner,1027.28,26,15,22702.89,4.5,51,Female,Oily,Mumbai,Retail Store,15-06-2023,0,June,2,Thursday,0,Mid-Range,Mature,873.19,Excellent,1,0
PROD0069,Lakme,Primer,2438.4,35,15,72542.4,3.7,19,Female,Combination,Chennai,Brand Store,13-09-2023,0,September,3,Wednesday,0,Premium,Mature,2072.64,Average,0,0
PROD0070,NYX,Eyeshadow,2331.66,19,10,39871.39,3.6,47,Female,Sensitive,Delhi,Online,30-12-2023,0,December,4,Saturday,1,Premium,Mature,2098.49,Average,0,0
PROD0071,Nykaa,Primer,688.04,8,5,5229.1,3.7,23,Female,Combination,Bangalore,Retail Store,20-05-2023,0,May,2,Saturday,1,Mid-Range,Young Adult,653.64,Average,0,0
PROD0072,MAC,Eyeliner,738.96,10,15,6281.16,3.5,54,Female,Combination,Bangalore,Online,01-08-2023,0,August,3,Tuesday,0,Mid-Range,Mature,628.12,Average,0,0
PROD0073,Lakme,Blush,885.67,20,15,15056.39,4.6,53,Female,Normal,Ahmedabad,Online,26-06-2023,0,June,2,Monday,0,Mid-Range,Mature,752.82,Excellent,1,0
PROD0074,Sugar,Highlighter,2818.63,13,15,31145.86,5,31,Female,Normal,Kolkata,Online,31-08-2023,0,August,3,Thursday,0,Premium,Mature,2395.84,Excellent,1,0
PROD0075,L'Oreal,Highlighter,1636.88,3,0,4910.64,2.8,53,Female,Normal,Pune,Online,22-08-2023,0,August,3,Tuesday,0,Premium,Mature,1636.88,Poor,0,0
PROD0076,Maybelline,Mascara,1044.55,17,20,14205.88,3.3,41,Female,Sensitive,Delhi,Retail Store,12-06-2023,0,June,2,Monday,0,Mid-Range,Mature,835.64,Average,0,0
PROD0077,Faces Canada,Eyeliner,149.29,5,10,671.8,3.1,34,Female,Oily,Chennai,Brand Store,20-02-2023,0,February,1,Monday,0,Budget,Mature,134.36,Average,0,0
PROD0078,Sugar,Foundation,831.53,20,5,15799.07,4.8,18,Female,Combination,Pune,Online,09-08-2023,0,August,3,Wednesday,0,Mid-Range,Mature,789.95,Excellent,1,0
PROD0079,L'Oreal,Setting Spray,588.14,6,5,3352.4,4,40,Female,Sensitive,Chennai,Retail Store,25-08-2023,0,August,3,Friday,0,Mid-Range,Mature,558.73,Good,1,0
PROD0080,Sugar,Lipstick,2272.68,44,5,94998.02,3.9,20,Female,Sensitive,Ahmedabad,Retail Store,06-08-2023,0,August,3,Sunday,1,Premium,Mature,2159.05,Average,0,0
PROD0081,MAC,Blush,2498.59,31,15,65837.85,2.8,40,Non-binary,Combination,Pune,Brand Store,01-06-2023,0,June,2,Thursday,0,Premium,Mature,2123.8,Poor,0,0
PROD0082,NYX,Highlighter,320.87,44,0,14118.28,4.4,19,Female,Dry,Ahmedabad,Retail Store,30-06-2023,0,June,2,Friday,0,Budget,Mature,320.87,Good,1,0
PROD0083,L'Oreal,Blush,1663.19,41,0,68190.79,4.1,35,Female,Sensitive,Ahmedabad,Online,09-03-2023,0,March,1,Thursday,0,Premium,Mature,1663.19,Good,1,0
PROD0084,L'Oreal,Highlighter,841.35,35,0,29447.25,4.7,39,Male,Combination,Hyderabad,Online,04-09-2023,1,September,3,Monday,0,Mid-Range,Mature,841.35,Excellent,1,29447.25
PROD0085,Maybelline,Concealer,1417.13,5,5,6731.37,2.9,30,Female,Combination,Kolkata,Brand Store,22-07-2023,0,July,3,Saturday,1,Mid-Range,Young Adult,1346.27,Poor,0,0
PROD0086,Revlon,Eyeliner,1041.63,44,10,41248.55,3.2,40,Female,Dry,Pune,Online,14-11-2023,0,November,4,Tuesday,0,Mid-Range,Mature,937.47,Average,0,0
PROD0087,MAC,Setting Spray,1400.66,41,5,54555.71,4.6,35,Female,Dry,Kolkata,Online,20-01-2023,0,January,1,Friday,0,Mid-Range,Mature,1330.63,Excellent,1,0
PROD0088,MAC,Foundation,3139.12,9,5,26839.48,3.5,39,Male,Dry,Kolkata,Brand Store,02-12-2023,0,December,4,Saturday,1,Premium,Mature,2982.16,Average,0,0
PROD0089,NYX,Highlighter,387.37,24,25,6972.66,3,44,Non-binary,Oily,Chennai,Retail Store,08-07-2023,0,July,3,Saturday,1,Budget,Mature,290.53,Average,0,0
PROD0090,Lakme,Concealer,1234.56,13,0,16049.28,4.9,45,Female,Dry,Delhi,Brand Store,02-11-2023,1,November,4,Thursday,0,Mid-Range,Mature,1234.56,Excellent,1,16049.28
PROD0091,MAC,Concealer,2770.92,37,0,102524.04,3,51,Male,Dry,Chennai,Brand Store,30-04-2023,0,April,2,Sunday,1,Premium,Mature,2770.92,Average,0,0
PROD0092,Lakme,Setting Spray,770.64,10,0,7706.4,5,50,Female,Oily,Hyderabad,Online,14-01-2023,0,January,1,Saturday,1,Mid-Range,Mature,770.64,Excellent,1,0
PROD0093,Colorbar,Eyeshadow,1497.28,12,0,17967.36,3.2,24,Female,Oily,Kolkata,Brand Store,01-09-2023,0,September,3,Friday,0,Mid-Range,Young Adult,1497.28,Average,0,0
PROD0094,Maybelline,Setting Spray,1067.86,15,5,15217,4.9,18,Female,Oily,Hyderabad,Retail Store,03-09-2023,0,September,3,Sunday,1,Mid-Range,Mature,1014.47,Excellent,1,0
PROD0095,Sugar,Foundation,2579.4,29,10,67322.34,2.7,21,Female,Dry,Pune,Brand Store,21-05-2023,0,May,2,Sunday,1,Premium,Young Adult,2321.46,Poor,0,0
PROD0096,Nykaa,Concealer,2786.03,34,10,85252.52,3.2,48,Male,Oily,Kolkata,Online,30-11-2023,0,November,4,Thursday,0,Premium,Mature,2507.43,Average,0,0
PROD0097,Nykaa,Eyeshadow,1970.2,15,0,29553,3.5,45,Female,Oily,Kolkata,Retail Store,10-06-2023,0,June,2,Saturday,1,Premium,Mature,1970.2,Average,0,0
PROD0098,Sugar,Mascara,319.91,6,10,1727.51,2.7,22,Female,Sensitive,Pune,Online,15-10-2023,0,October,4,Sunday,1,Budget,Young Adult,287.92,Poor,0,0
PROD0099,Revlon,Highlighter,2658.61,49,0,130271.89,3.6,19,Female,Combination,Hyderabad,Brand Store,23-10-2023,0,October,4,Monday,0,Premium,Mature,2658.61,Average,0,0
PROD0100,MAC,Eyeliner,1286.03,23,25,22184.02,4.6,39,Female,Sensitive,Delhi,Retail Store,08-08-2023,0,August,3,Tuesday,0,Mid-Range,Mature,964.52,Excellent,1,0
PROD0101,Colorbar,Setting Spray,1447.14,36,0,52097.04,2.6,33,Female,Combination,Mumbai,Online,08-06-2023,1,June,2,Thursday,0,Mid-Range,Mature,1447.14,Poor,0,52097.04
PROD0102,L'Oreal,Mascara,1218.94,26,0,31692.44,2.7,17,Female,Sensitive,Delhi,Brand Store,03-08-2023,0,August,3,Thursday,0,Mid-Range,Mature,1218.94,Poor,0,0
PROD0103,Revlon,Blush,1997.66,37,10,66522.08,4,19,Female,Sensitive,Bangalore,Online,11-02-2023,0,February,1,Saturday,1,Premium,Mature,1797.89,Good,1,0
PROD0104,Colorbar,Eyeliner,718.3,18,5,12282.93,3,48,Female,Normal,Delhi,Retail Store,14-12-2023,0,December,4,Thursday,0,Mid-Range,Mature,682.38,Average,0,0
PROD0105,Lakme,Blush,745.39,39,0,29070.21,2.6,29,Female,Dry,Hyderabad,Online,29-05-2023,0,May,2,Monday,0,Mid-Range,Young Adult,745.39,Poor,0,0
PROD0106,L'Oreal,Highlighter,647.93,35,5,21543.67,4.3,48,Male,Normal,Pune,Online,22-01-2023,0,January,1,Sunday,1,Mid-Range,Mature,615.53,Good,1,0
PROD0107,Revlon,Foundation,2142.01,37,20,63403.5,3.5,42,Female,Normal,Hyderabad,Online,16-06-2023,0,June,2,Friday,0,Premium,Mature,1713.61,Average,0,0
PROD0108,Revlon,Eyeliner,222.47,7,0,1557.29,3.1,53,Female,Oily,Kolkata,Brand Store,08-06-2023,0,June,2,Thursday,0,Budget,Mature,222.47,Average,0,0
PROD0109,Maybelline,Mascara,1118.38,8,0,8947.04,3.8,28,Female,Dry,Pune,Retail Store,16-03-2023,0,March,1,Thursday,0,Mid-Range,Young Adult,1118.38,Average,0,0
PROD0110,Maybelline,Mascara,518.04,50,25,19426.5,4.1,45,Female,Sensitive,Ahmedabad,Brand Store,16-11-2023,0,November,4,Thursday,0,Mid-Range,Mature,388.53,Good,1,0
PROD0111,L'Oreal,Concealer,1342.82,31,5,39546.05,3.6,35,Female,Oily,Hyderabad,Brand Store,07-02-2023,0,February,1,Tuesday,0,Mid-Range,Mature,1275.68,Average,0,0
PROD0112,Revlon,Lipstick,2112.73,5,15,8979.1,4.1,21,Female,Sensitive,Kolkata,Retail Store,22-01-2023,0,January,1,Sunday,1,Premium,Young Adult,1795.82,Good,1,0
PROD0113,Revlon,Eyeshadow,2538.13,33,0,83758.29,2.9,19,Non-binary,Combination,Ahmedabad,Online,13-02-2023,0,February,1,Monday,0,Premium,Mature,2538.13,Poor,0,0
PROD0114,Sugar,Eyeshadow,3966.64,34,0,134865.76,3.8,26,Female,Combination,Pune,Retail Store,23-06-2023,0,June,2,Friday,0,Premium,Young Adult,3966.64,Average,0,0
PROD0115,Maybelline,Concealer,1056.53,36,10,34231.57,4.2,34,Male,Sensitive,Hyderabad,Brand Store,20-06-2023,0,June,2,Tuesday,0,Mid-Range,Mature,950.88,Good,1,0
PROD0116,NYX,Concealer,2715.98,45,10,109997.19,4.2,24,Female,Sensitive,Delhi,Retail Store,18-06-2023,0,June,2,Sunday,1,Premium,Young Adult,2444.38,Good,1,0
PROD0117,Maybelline,Primer,2402.32,28,5,63901.71,3.8,17,Non-binary,Dry,Pune,Retail Store,24-06-2023,1,June,2,Saturday,1,Premium,Mature,2282.2,Average,0,63901.71
PROD0118,L'Oreal,Eyeshadow,872.45,19,0,16576.55,4.6,22,Male,Combination,Mumbai,Brand Store,13-11-2023,0,November,4,Monday,0,Mid-Range,Young Adult,872.45,Excellent,1,0
PROD0119,L'Oreal,Mascara,1696.25,50,10,76331.25,4.1,26,Female,Normal,Ahmedabad,Online,02-05-2023,1,May,2,Tuesday,0,Premium,Young Adult,1526.62,Good,1,76331.25
PROD0120,MAC,Eyeliner,847.15,20,15,14401.55,4.9,46,Non-binary,Sensitive,Chennai,Retail Store,25-08-2023,0,August,3,Friday,0,Mid-Range,Mature,720.08,Excellent,1,0
PROD0121,Faces Canada,Primer,1697.27,11,0,18669.97,4.5,54,Female,Oily,Bangalore,Retail Store,10-07-2023,0,July,3,Monday,0,Premium,Mature,1697.27,Excellent,1,0
PROD0122,Maybelline,Primer,1282.98,49,20,50292.82,2.9,44,Non-binary,Oily,Bangalore,Retail Store,24-04-2023,0,April,2,Monday,0,Mid-Range,Mature,1026.38,Poor,0,0
PROD0123,Nykaa,Lipstick,321.54,33,10,9549.74,3.4,40,Female,Dry,Delhi,Retail Store,20-02-2023,0,February,1,Monday,0,Budget,Mature,289.39,Average,0,0
PROD0124,L'Oreal,Mascara,267.98,31,0,8307.38,4.2,24,Female,Sensitive,Ahmedabad,Retail Store,10-02-2023,0,February,1,Friday,0,Budget,Young Adult,267.98,Good,1,0
PROD0125,Faces Canada,Mascara,1892.35,39,15,62731.4,3.8,23,Female,Combination,Hyderabad,Online,03-05-2023,0,May,2,Wednesday,0,Premium,Young Adult,1608.5,Average,0,0
PROD0126,Maybelline,Eyeliner,254.31,32,0,8137.92,4,17,Female,Dry,Chennai,Brand Store,01-01-2023,0,January,1,Sunday,1,Budget,Mature,254.31,Good,1,0
PROD0127,L'Oreal,Highlighter,2093.47,6,0,12560.82,3.8,39,Female,Sensitive,Delhi,Brand Store,17-09-2023,0,September,3,Sunday,1,Premium,Mature,2093.47,Average,0,0
PROD0128,Lakme,Eyeliner,989.57,24,15,20187.23,3.1,17,Female,Combination,Pune,Online,03-12-2023,0,December,4,Sunday,1,Mid-Range,Mature,841.13,Average,0,0
PROD0129,L'Oreal,Concealer,314.32,35,15,9351.02,3.3,27,Female,Normal,Ahmedabad,Brand Store,11-03-2023,0,March,1,Saturday,1,Budget,Young Adult,267.17,Average,0,0
PROD0130,Lakme,Eyeliner,510.11,3,0,1530.33,4.5,18,Female,Sensitive,Pune,Retail Store,06-10-2023,0,October,4,Friday,0,Mid-Range,Mature,510.11,Excellent,1,0
PROD0131,NYX,Eyeshadow,1620.16,50,20,64806.4,2.6,37,Female,Combination,Hyderabad,Online,24-07-2023,0,July,3,Monday,0,Premium,Mature,1296.13,Poor,0,0
PROD0132,Revlon,Highlighter,2929.03,32,0,93728.96,4.2,39,Female,Normal,Hyderabad,Online,05-11-2023,1,November,4,Sunday,1,Premium,Mature,2929.03,Good,1,93728.96
PROD0133,Revlon,Blush,479.95,21,0,10078.95,4.2,35,Female,Normal,Ahmedabad,Brand Store,16-08-2023,0,August,3,Wednesday,0,Budget,Mature,479.95,Good,1,0
PROD0134,Colorbar,Concealer,2795.19,18,0,50313.42,4.1,19,Female,Normal,Delhi,Brand Store,14-12-2023,0,December,4,Thursday,0,Premium,Mature,2795.19,Good,1,0
PROD0135,Sugar,Setting Spray,358.19,5,20,1432.76,3.1,39,Female,Sensitive,Pune,Retail Store,20-03-2023,0,March,1,Monday,0,Budget,Mature,286.55,Average,0,0
PROD0136,Sugar,Concealer,2183.78,37,0,80799.86,2.8,39,Female,Combination,Kolkata,Retail Store,28-02-2023,0,February,1,Tuesday,0,Premium,Mature,2183.78,Poor,0,0
PROD0137,Nykaa,Primer,3231.9,8,0,25855.2,3.2,32,Female,Sensitive,Ahmedabad,Online,09-09-2023,0,September,3,Saturday,1,Premium,Mature,3231.9,Average,0,0
PROD0138,Sugar,Foundation,851.67,46,20,31341.46,3.6,21,Female,Combination,Pune,Brand Store,09-10-2023,0,October,4,Monday,0,Mid-Range,Young Adult,681.34,Average,0,0
PROD0139,L'Oreal,Mascara,1628.45,33,5,51051.91,3.1,28,Female,Normal,Bangalore,Online,11-10-2023,0,October,4,Wednesday,0,Premium,Young Adult,1547.03,Average,0,0
PROD0140,L'Oreal,Primer,2296.65,6,25,10334.93,2.7,41,Female,Normal,Ahmedabad,Brand Store,22-10-2023,0,October,4,Sunday,1,Premium,Mature,1722.49,Poor,0,0
PROD0141,Sugar,Foundation,1790.13,34,5,57821.2,3.4,51,Female,Normal,Bangalore,Online,29-01-2023,0,January,1,Sunday,1,Premium,Mature,1700.62,Average,0,0
PROD0142,L'Oreal,Blush,613.59,46,10,25402.63,3.1,49,Female,Combination,Hyderabad,Online,10-10-2023,0,October,4,Tuesday,0,Mid-Range,Mature,552.23,Average,0,0
PROD0143,Faces Canada,Setting Spray,457.92,42,20,15386.11,2.9,53,Female,Sensitive,Bangalore,Online,06-11-2023,0,November,4,Monday,0,Budget,Mature,366.34,Poor,0,0
PROD0144,Lakme,Lipstick,385.89,42,10,14586.64,4.4,32,Female,Normal,Chennai,Brand Store,16-01-2023,0,January,1,Monday,0,Budget,Mature,347.3,Good,1,0
PROD0145,NYX,Blush,1336.11,44,0,58788.84,3.5,45,Female,Oily,Delhi,Brand Store,01-08-2023,0,August,3,Tuesday,0,Mid-Range,Mature,1336.11,Average,0,0
PROD0146,L'Oreal,Setting Spray,830.7,46,5,36301.59,3.3,38,Female,Combination,Kolkata,Online,24-02-2023,0,February,1,Friday,0,Mid-Range,Mature,789.16,Average,0,0
PROD0147,Sugar,Blush,807.07,7,0,5649.49,2.6,40,Male,Dry,Kolkata,Online,23-10-2023,0,October,4,Monday,0,Mid-Range,Mature,807.07,Poor,0,0
PROD0148,Sugar,Mascara,1992.74,30,0,59782.2,3.7,35,Non-binary,Oily,Ahmedabad,Online,16-09-2023,0,September,3,Saturday,1,Premium,Mature,1992.74,Average,0,0
PROD0149,Revlon,Setting Spray,381.77,19,0,7253.63,3.7,46,Male,Oily,Hyderabad,Brand Store,09-08-2023,0,August,3,Wednesday,0,Budget,Mature,381.77,Average,0,0
PROD0150,Nykaa,Concealer,1150.8,26,15,25432.68,2.6,51,Female,Sensitive,Chennai,Retail Store,17-07-2023,0,July,3,Monday,0,Mid-Range,Mature,978.18,Poor,0,0
PROD0151,Colorbar,Blush,1780.58,8,0,14244.64,2.8,22,Female,Combination,Kolkata,Retail Store,07-07-2023,0,July,3,Friday,0,Premium,Young Adult,1780.58,Poor,0,0
PROD0152,Nykaa,Primer,1949.74,3,20,4679.38,2.6,37,Female,Normal,Ahmedabad,Brand Store,21-09-2023,0,September,3,Thursday,0,Premium,Mature,1559.79,Poor,0,0
PROD0153,L'Oreal,Concealer,1221.07,40,5,46400.66,4.3,35,Female,Sensitive,Pune,Brand Store,29-12-2023,0,December,4,Friday,0,Mid-Range,Mature,1160.02,Good,1,0
PROD0154,Revlon,Lipstick,961.18,8,15,6536.02,4.9,53,Female,Oily,Hyderabad,Brand Store,16-05-2023,1,May,2,Tuesday,0,Mid-Range,Mature,817,Excellent,1,6536.02
PROD0155,Colorbar,Setting Spray,686.05,4,0,2744.2,4,26,Female,Dry,Kolkata,Online,25-12-2023,0,December,4,Monday,0,Mid-Range,Young Adult,686.05,Good,1,0
PROD0156,Nykaa,Concealer,592.87,45,0,26679.15,3,48,Female,Oily,Ahmedabad,Brand Store,23-09-2023,0,September,3,Saturday,1,Mid-Range,Mature,592.87,Average,0,0
PROD0157,Faces Canada,Eyeliner,626.93,12,10,6770.84,3.6,50,Female,Combination,Pune,Brand Store,15-12-2023,0,December,4,Friday,0,Mid-Range,Mature,564.24,Average,0,0
PROD0158,Sugar,Setting Spray,626.04,16,0,10016.64,3.2,35,Female,Combination,Chennai,Retail Store,20-12-2023,0,December,4,Wednesday,0,Mid-Range,Mature,626.04,Average,0,0
PROD0159,Faces Canada,Concealer,2627.55,47,0,123494.85,3.2,23,Non-binary,Combination,Kolkata,Retail Store,16-03-2023,0,March,1,Thursday,0,Premium,Young Adult,2627.55,Average,0,0
PROD0160,Revlon,Foundation,3256.75,42,0,136783.5,3.1,46,Female,Sensitive,Chennai,Online,15-10-2023,0,October,4,Sunday,1,Premium,Mature,3256.75,Average,0,0
PROD0161,Colorbar,Setting Spray,706.02,4,5,2682.88,4.2,49,Female,Dry,Chennai,Brand Store,31-07-2023,0,July,3,Monday,0,Mid-Range,Mature,670.72,Good,1,0
PROD0162,Lakme,Mascara,1936.1,11,10,19167.39,3.5,46,Female,Dry,Ahmedabad,Brand Store,28-05-2023,0,May,2,Sunday,1,Premium,Mature,1742.49,Average,0,0
PROD0163,Colorbar,Foundation,1042.34,48,0,50032.32,4.3,18,Non-binary,Dry,Bangalore,Retail Store,19-01-2023,1,January,1,Thursday,0,Mid-Range,Mature,1042.34,Good,1,50032.32
PROD0164,L'Oreal,Eyeliner,1411.19,19,25,20109.46,4.7,16,Female,Sensitive,Hyderabad,Brand Store,21-06-2023,0,June,2,Wednesday,0,Mid-Range,Mature,1058.39,Excellent,1,0
PROD0165,Faces Canada,Primer,1930.62,9,10,15638.02,4.6,45,Female,Oily,Hyderabad,Online,23-08-2023,0,August,3,Wednesday,0,Premium,Mature,1737.56,Excellent,1,0
PROD0166,Revlon,Lipstick,2018.56,37,5,70952.38,4.2,28,Male,Normal,Bangalore,Brand Store,21-09-2023,0,September,3,Thursday,0,Premium,Young Adult,1917.63,Good,1,0
PROD0167,L'Oreal,Foundation,3441.37,31,0,106682.47,3.3,31,Female,Normal,Mumbai,Retail Store,17-05-2023,1,May,2,Wednesday,0,Premium,Mature,3441.37,Average,0,106682.47
PROD0168,Lakme,Setting Spray,743.9,24,20,14282.88,4.2,19,Female,Combination,Delhi,Retail Store,18-12-2023,0,December,4,Monday,0,Mid-Range,Mature,595.12,Good,1,0
PROD0169,Maybelline,Blush,1686.74,19,10,28843.25,3.4,30,Female,Normal,Chennai,Online,07-11-2023,0,November,4,Tuesday,0,Premium,Young Adult,1518.07,Average,0,0
PROD0170,Faces Canada,Eyeliner,1222.59,14,10,15404.63,4.4,54,Female,Normal,Delhi,Brand Store,05-07-2023,0,July,3,Wednesday,0,Mid-Range,Mature,1100.33,Good,1,0
PROD0171,Faces Canada,Lipstick,2276.55,13,10,26635.64,3.9,25,Female,Sensitive,Bangalore,Retail Store,15-12-2023,0,December,4,Friday,0,Premium,Young Adult,2048.9,Average,0,0
PROD0172,Faces Canada,Foundation,1724.99,4,0,6899.96,3.6,48,Female,Sensitive,Kolkata,Retail Store,25-08-2023,0,August,3,Friday,0,Premium,Mature,1724.99,Average,0,0
PROD0173,Nykaa,Lipstick,784.51,1,0,784.51,4.4,53,Female,Normal,Delhi,Online,02-02-2023,0,February,1,Thursday,0,Mid-Range,Mature,784.51,Good,1,0
PROD0174,Sugar,Foundation,400.58,27,10,9734.09,2.9,24,Female,Normal,Kolkata,Retail Store,13-07-2023,0,July,3,Thursday,0,Budget,Young Adult,360.52,Poor,0,0
PROD0175,L'Oreal,Primer,2425.61,23,15,47420.68,2.8,50,Female,Dry,Kolkata,Brand Store,25-04-2023,0,April,2,Tuesday,0,Premium,Mature,2061.77,Poor,0,0
PROD0176,Sugar,Blush,1765.05,35,20,49421.4,3.6,40,Female,Normal,Chennai,Online,22-05-2023,0,May,2,Monday,0,Premium,Mature,1412.04,Average,0,0
PROD0177,Lakme,Foundation,2890.14,27,10,70230.4,4,17,Female,Oily,Chennai,Online,18-01-2023,0,January,1,Wednesday,0,Premium,Mature,2601.13,Good,1,0
PROD0178,MAC,Lipstick,1902.99,26,20,39582.19,3.6,50,Female,Dry,Chennai,Online,29-05-2023,0,May,2,Monday,0,Premium,Mature,1522.39,Average,0,0
PROD0179,Revlon,Setting Spray,1281.28,50,0,64064,4.2,36,Non-binary,Dry,Chennai,Retail Store,24-09-2023,0,September,3,Sunday,1,Mid-Range,Mature,1281.28,Good,1,0
PROD0180,Faces Canada,Lipstick,2381.55,48,5,108598.68,4.8,43,Non-binary,Combination,Ahmedabad,Online,10-12-2023,0,December,4,Sunday,1,Premium,Mature,2262.47,Excellent,1,0
PROD0181,Nykaa,Highlighter,702.04,25,5,16673.45,3,50,Female,Dry,Ahmedabad,Online,29-12-2023,0,December,4,Friday,0,Mid-Range,Mature,666.94,Average,0,0
PROD0182,Faces Canada,Lipstick,1148.57,27,5,29460.82,3.9,24,Female,Combination,Kolkata,Online,28-11-2023,0,November,4,Tuesday,0,Mid-Range,Young Adult,1091.14,Average,0,0
PROD0183,Maybelline,Concealer,1592.19,13,10,18628.62,2.6,40,Male,Dry,Mumbai,Online,28-10-2023,0,October,4,Saturday,1,Premium,Mature,1432.97,Poor,0,0
PROD0184,MAC,Eyeliner,1317.13,22,10,26079.17,3.3,16,Female,Oily,Chennai,Online,03-09-2023,1,September,3,Sunday,1,Mid-Range,Mature,1185.42,Average,0,26079.17
PROD0185,Nykaa,Eyeshadow,3685.88,36,5,126057.1,3.3,34,Female,Sensitive,Kolkata,Retail Store,07-06-2023,0,June,2,Wednesday,0,Premium,Mature,3501.59,Average,0,0
PROD0186,Sugar,Eyeliner,237.15,47,10,10031.45,3.7,36,Female,Combination,Chennai,Retail Store,16-10-2023,0,October,4,Monday,0,Budget,Mature,213.44,Average,0,0
PROD0187,NYX,Lipstick,1472.17,38,0,55942.46,3.9,42,Female,Dry,Hyderabad,Online,14-07-2023,0,July,3,Friday,0,Mid-Range,Mature,1472.17,Average,0,0
PROD0188,Revlon,Primer,1196.97,32,20,30642.43,4.9,47,Female,Combination,Ahmedabad,Online,07-10-2023,0,October,4,Saturday,1,Mid-Range,Mature,957.58,Excellent,1,0
PROD0189,Lakme,Primer,2023.75,5,0,10118.75,4.9,19,Male,Dry,Mumbai,Retail Store,29-04-2023,0,April,2,Saturday,1,Premium,Mature,2023.75,Excellent,1,0
PROD0190,Faces Canada,Eyeshadow,1986.69,4,0,7946.76,4,55,Female,Normal,Ahmedabad,Brand Store,30-09-2023,0,September,3,Saturday,1,Premium,Mature,1986.69,Good,1,0
PROD0191,NYX,Primer,2060.32,19,5,37188.78,2.5,43,Female,Oily,Bangalore,Online,04-05-2023,0,May,2,Thursday,0,Premium,Mature,1957.3,Poor,0,0
PROD0192,NYX,Concealer,2266.63,6,15,11559.81,3.4,41,Non-binary,Dry,Ahmedabad,Brand Store,26-04-2023,0,April,2,Wednesday,0,Premium,Mature,1926.64,Average,0,0
PROD0193,Lakme,Foundation,598.3,25,5,14209.62,3.4,46,Female,Oily,Mumbai,Brand Store,12-02-2023,0,February,1,Sunday,1,Mid-Range,Mature,568.38,Average,0,0
PROD0194,Colorbar,Concealer,2741.03,7,10,17268.49,4.7,18,Female,Sensitive,Chennai,Online,24-01-2023,1,January,1,Tuesday,0,Premium,Mature,2466.93,Excellent,1,17268.49
PROD0195,Faces Canada,Blush,1517.46,3,20,3641.9,2.9,36,Female,Sensitive,Mumbai,Online,31-12-2023,0,December,4,Sunday,1,Premium,Mature,1213.97,Poor,0,0
PROD0196,L'Oreal,Blush,1518.47,37,5,53374.22,4.6,40,Female,Dry,Pune,Retail Store,19-12-2023,0,December,4,Tuesday,0,Premium,Mature,1442.55,Excellent,1,0
PROD0197,Lakme,Concealer,453.08,15,0,6796.2,4.6,37,Female,Oily,Kolkata,Retail Store,19-08-2023,0,August,3,Saturday,1,Budget,Mature,453.08,Excellent,1,0
PROD0198,Nykaa,Highlighter,800.68,38,15,25861.96,4.2,21,Female,Oily,Hyderabad,Online,20-03-2023,0,March,1,Monday,0,Mid-Range,Young Adult,680.58,Good,1,0
PROD0199,Nykaa,Mascara,769.34,7,5,5116.11,2.7,35,Female,Combination,Ahmedabad,Retail Store,14-02-2023,0,February,1,Tuesday,0,Mid-Range,Mature,730.87,Poor,0,0
PROD0200,Faces Canada,Primer,1664.34,2,5,3162.25,2.7,51,Female,Sensitive,Delhi,Brand Store,17-07-2023,0,July,3,Monday,0,Premium,Mature,1581.12,Poor,0,0
PROD0201,Faces Canada,Foundation,3196.57,16,0,51145.12,3.9,26,Female,Dry,Kolkata,Online,18-05-2023,0,May,2,Thursday,0,Premium,Young Adult,3196.57,Average,0,0
PROD0202,NYX,Highlighter,1436.4,31,0,44528.4,4.5,39,Female,Normal,Hyderabad,Online,11-04-2023,0,April,2,Tuesday,0,Mid-Range,Mature,1436.4,Excellent,1,0
PROD0203,Nykaa,Lipstick,963.43,40,0,38537.2,3.4,37,Male,Normal,Ahmedabad,Retail Store,30-11-2023,1,November,4,Thursday,0,Mid-Range,Mature,963.43,Average,0,38537.2
PROD0204,Colorbar,Concealer,2662.87,13,10,31155.58,3.7,27,Female,Combination,Kolkata,Retail Store,21-11-2023,0,November,4,Tuesday,0,Premium,Young Adult,2396.58,Average,0,0
PROD0205,Revlon,Eyeshadow,1690.78,26,10,39564.25,3.4,52,Female,Sensitive,Chennai,Brand Store,09-10-2023,0,October,4,Monday,0,Premium,Mature,1521.7,Average,0,0
PROD0206,Sugar,Eyeshadow,3251.23,45,5,138990.08,2.7,42,Female,Combination,Ahmedabad,Online,04-12-2023,0,December,4,Monday,0,Premium,Mature,3088.67,Poor,0,0
PROD0207,Maybelline,Highlighter,1511.93,39,15,50120.48,3.7,41,Female,Oily,Kolkata,Brand Store,04-07-2023,0,July,3,Tuesday,0,Premium,Mature,1285.14,Average,0,0
PROD0208,Maybelline,Setting Spray,485.04,16,0,7760.64,4.1,38,Female,Sensitive,Bangalore,Brand Store,27-11-2023,0,November,4,Monday,0,Budget,Mature,485.04,Good,1,0
PROD0209,Nykaa,Concealer,474.56,7,5,3155.82,3.1,48,Female,Combination,Chennai,Retail Store,14-12-2023,0,December,4,Thursday,0,Budget,Mature,450.83,Average,0,0
PROD0210,Lakme,Concealer,1454.69,19,0,27639.11,3.5,21,Female,Dry,Delhi,Brand Store,25-06-2023,0,June,2,Sunday,1,Mid-Range,Young Adult,1454.69,Average,0,0
PROD0211,Revlon,Eyeliner,766.1,29,15,18884.37,4.3,44,Female,Combination,Pune,Online,30-12-2023,0,December,4,Saturday,1,Mid-Range,Mature,651.19,Good,1,0
PROD0212,L'Oreal,Foundation,3275.68,48,5,149371.01,3.1,27,Female,Sensitive,Bangalore,Retail Store,25-08-2023,0,August,3,Friday,0,Premium,Young Adult,3111.9,Average,0,0
PROD0213,L'Oreal,Mascara,1352.5,28,0,37870,3.5,55,Female,Sensitive,Chennai,Retail Store,03-01-2023,0,January,1,Tuesday,0,Mid-Range,Mature,1352.5,Average,0,0
PROD0214,Colorbar,Foundation,624.71,35,10,19678.37,3,36,Female,Oily,Chennai,Retail Store,08-09-2023,0,September,3,Friday,0,Mid-Range,Mature,562.24,Average,0,0
PROD0215,Nykaa,Setting Spray,1338.84,38,20,40700.74,2.8,38,Male,Dry,Ahmedabad,Brand Store,28-12-2023,0,December,4,Thursday,0,Mid-Range,Mature,1071.07,Poor,0,0
PROD0216,Maybelline,Setting Spray,1442.26,21,10,27258.71,2.8,35,Female,Combination,Delhi,Online,19-09-2023,0,September,3,Tuesday,0,Mid-Range,Mature,1298.03,Poor,0,0
PROD0217,Nykaa,Setting Spray,1018.59,32,10,29335.39,4.1,27,Female,Combination,Bangalore,Retail Store,11-06-2023,0,June,2,Sunday,1,Mid-Range,Young Adult,916.73,Good,1,0
PROD0218,Lakme,Concealer,1459.47,13,0,18973.11,4.5,51,Female,Normal,Ahmedabad,Retail Store,16-08-2023,0,August,3,Wednesday,0,Mid-Range,Mature,1459.47,Excellent,1,0
PROD0219,MAC,Lipstick,871.1,18,0,15679.8,3.1,34,Female,Sensitive,Bangalore,Retail Store,11-09-2023,0,September,3,Monday,0,Mid-Range,Mature,871.1,Average,0,0
PROD0220,NYX,Foundation,2780.14,24,10,60051.02,3.9,18,Non-binary,Dry,Ahmedabad,Brand Store,22-02-2023,0,February,1,Wednesday,0,Premium,Mature,2502.13,Average,0,0
PROD0221,NYX,Eyeshadow,3536.67,3,10,9549.01,3.6,38,Female,Oily,Delhi,Retail Store,02-05-2023,0,May,2,Tuesday,0,Premium,Mature,3183,Average,0,0
PROD0222,Colorbar,Concealer,1844.84,11,0,20293.24,4,29,Female,Sensitive,Chennai,Online,24-05-2023,0,May,2,Wednesday,0,Premium,Young Adult,1844.84,Good,1,0
PROD0223,NYX,Blush,1538.23,33,20,40609.27,5,22,Non-binary,Oily,Bangalore,Retail Store,02-12-2023,0,December,4,Saturday,1,Premium,Young Adult,1230.58,Excellent,1,0
PROD0224,L'Oreal,Eyeshadow,2931.87,16,5,44564.42,4.4,41,Female,Sensitive,Ahmedabad,Online,18-11-2023,0,November,4,Saturday,1,Premium,Mature,2785.28,Good,1,0
PROD0225,Nykaa,Foundation,1949.48,18,5,33336.11,4.2,39,Female,Combination,Ahmedabad,Retail Store,17-02-2023,0,February,1,Friday,0,Premium,Mature,1852.01,Good,1,0
PROD0226,Maybelline,Concealer,2268.56,26,10,53084.3,3,43,Female,Combination,Chennai,Retail Store,26-05-2023,0,May,2,Friday,0,Premium,Mature,2041.7,Average,0,0
PROD0227,Sugar,Setting Spray,1639.9,44,0,72155.6,4.4,18,Female,Normal,Delhi,Brand Store,22-03-2023,0,March,1,Wednesday,0,Premium,Mature,1639.9,Good,1,0
PROD0228,MAC,Highlighter,2988.37,9,10,24205.8,4.7,35,Female,Oily,Bangalore,Retail Store,09-05-2023,0,May,2,Tuesday,0,Premium,Mature,2689.53,Excellent,1,0
PROD0229,Lakme,Mascara,912.81,20,0,18256.2,4.3,30,Female,Oily,Kolkata,Brand Store,01-01-2023,0,January,1,Sunday,1,Mid-Range,Young Adult,912.81,Good,1,0
PROD0230,MAC,Setting Spray,1182.57,29,10,30865.08,2.5,37,Female,Dry,Delhi,Retail Store,28-04-2023,0,April,2,Friday,0,Mid-Range,Mature,1064.31,Poor,0,0
PROD0231,Maybelline,Foundation,1302.04,20,5,24738.76,2.8,24,Female,Sensitive,Bangalore,Online,09-11-2023,0,November,4,Thursday,0,Mid-Range,Young Adult,1236.94,Poor,0,0
PROD0232,L'Oreal,Eyeshadow,3703.53,40,0,148141.2,4.2,29,Female,Dry,Delhi,Online,29-10-2023,0,October,4,Sunday,1,Premium,Young Adult,3703.53,Good,1,0
PROD0233,Revlon,Highlighter,2435.7,16,20,31176.96,3.2,21,Female,Sensitive,Chennai,Brand Store,08-11-2023,0,November,4,Wednesday,0,Premium,Young Adult,1948.56,Average,0,0
PROD0234,NYX,Lipstick,671.73,39,0,26197.47,3.8,41,Female,Oily,Hyderabad,Brand Store,03-05-2023,0,May,2,Wednesday,0,Mid-Range,Mature,671.73,Average,0,0
PROD0235,Colorbar,Eyeliner,198.49,1,15,168.72,5,36,Female,Sensitive,Bangalore,Retail Store,07-10-2023,0,October,4,Saturday,1,Budget,Mature,168.72,Excellent,1,0
PROD0236,Lakme,Foundation,2179.15,1,5,2070.19,3.2,18,Female,Sensitive,Mumbai,Retail Store,31-12-2023,0,December,4,Sunday,1,Premium,Mature,2070.19,Average,0,0
PROD0237,Maybelline,Highlighter,2029.09,35,0,71018.15,4,33,Female,Oily,Delhi,Retail Store,15-04-2023,1,April,2,Saturday,1,Premium,Mature,2029.09,Good,1,71018.15
PROD0238,Nykaa,Concealer,1724.32,49,0,84491.68,4.6,20,Female,Normal,Hyderabad,Brand Store,03-05-2023,0,May,2,Wednesday,0,Premium,Mature,1724.32,Excellent,1,0
PROD0239,Maybelline,Highlighter,1523.56,39,0,59418.84,2.6,27,Female,Dry,Delhi,Online,25-03-2023,0,March,1,Saturday,1,Premium,Young Adult,1523.56,Poor,0,0
PROD0240,NYX,Primer,916.75,9,0,8250.75,4.4,33,Male,Combination,Delhi,Online,20-05-2023,0,May,2,Saturday,1,Mid-Range,Mature,916.75,Good,1,0
PROD0241,Maybelline,Setting Spray,1142.95,33,10,33945.61,3.4,47,Female,Dry,Bangalore,Retail Store,22-02-2023,0,February,1,Wednesday,0,Mid-Range,Mature,1028.65,Average,0,0
PROD0242,MAC,Foundation,2670.24,1,25,2002.68,2.6,16,Female,Normal,Chennai,Online,18-03-2023,0,March,1,Saturday,1,Premium,Mature,2002.68,Poor,0,0
PROD0243,Faces Canada,Lipstick,2046.97,46,0,94160.62,4.4,42,Female,Dry,Chennai,Retail Store,13-06-2023,0,June,2,Tuesday,0,Premium,Mature,2046.97,Good,1,0
PROD0244,Maybelline,Concealer,1504.81,4,0,6019.24,2.9,49,Male,Oily,Mumbai,Retail Store,25-05-2023,0,May,2,Thursday,0,Premium,Mature,1504.81,Poor,0,0
PROD0245,Faces Canada,Foundation,1761.04,24,5,40151.71,3,52,Female,Sensitive,Hyderabad,Brand Store,08-07-2023,0,July,3,Saturday,1,Premium,Mature,1672.99,Average,0,0
PROD0246,Faces Canada,Eyeshadow,3113.54,16,25,37362.48,2.9,42,Female,Sensitive,Mumbai,Online,22-12-2023,0,December,4,Friday,0,Premium,Mature,2335.16,Poor,0,0
PROD0247,Nykaa,Lipstick,2152.56,47,0,101170.32,3.3,29,Non-binary,Normal,Chennai,Retail Store,14-03-2023,0,March,1,Tuesday,0,Premium,Young Adult,2152.56,Average,0,0
PROD0248,Faces Canada,Eyeshadow,1827.72,24,10,39478.75,3.6,21,Female,Dry,Delhi,Brand Store,21-07-2023,0,July,3,Friday,0,Premium,Young Adult,1644.95,Average,0,0
PROD0249,L'Oreal,Highlighter,938.52,17,0,15954.84,4.6,41,Female,Normal,Pune,Retail Store,08-02-2023,1,February,1,Wednesday,0,Mid-Range,Mature,938.52,Excellent,1,15954.84
PROD0250,Maybelline,Setting Spray,563.35,11,5,5887.01,3.6,36,Female,Sensitive,Kolkata,Online,17-04-2023,0,April,2,Monday,0,Mid-Range,Mature,535.18,Average,0,0
PROD0251,Maybelline,Foundation,803.53,44,0,35355.32,3.3,54,Female,Combination,Mumbai,Online,31-12-2023,0,December,4,Sunday,1,Mid-Range,Mature,803.53,Average,0,0
PROD0252,Lakme,Primer,2498.95,17,5,40358.04,4.6,27,Female,Normal,Mumbai,Retail Store,09-10-2023,0,October,4,Monday,0,Premium,Young Adult,2374,Excellent,1,0
PROD0253,Maybelline,Mascara,220.53,50,10,9923.85,5,24,Female,Combination,Chennai,Retail Store,27-11-2023,0,November,4,Monday,0,Budget,Young Adult,198.48,Excellent,1,0
PROD0254,Lakme,Foundation,3490.91,13,20,36305.46,4.8,44,Female,Combination,Bangalore,Online,25-08-2023,0,August,3,Friday,0,Premium,Mature,2792.73,Excellent,1,0
PROD0255,Nykaa,Highlighter,1639.04,25,0,40976,4.2,27,Female,Dry,Pune,Online,17-08-2023,0,August,3,Thursday,0,Premium,Young Adult,1639.04,Good,1,0
PROD0256,Colorbar,Setting Spray,717.08,19,10,12262.07,3.7,51,Female,Oily,Ahmedabad,Online,12-03-2023,0,March,1,Sunday,1,Mid-Range,Mature,645.37,Average,0,0
PROD0257,MAC,Primer,2354.97,35,5,78302.75,4.5,40,Female,Sensitive,Pune,Retail Store,26-06-2023,1,June,2,Monday,0,Premium,Mature,2237.22,Excellent,1,78302.75
PROD0258,NYX,Highlighter,784.68,21,25,12358.71,4,17,Female,Normal,Hyderabad,Online,27-10-2023,1,October,4,Friday,0,Mid-Range,Mature,588.51,Good,1,12358.71
PROD0259,MAC,Foundation,2401.62,18,10,38906.24,3.8,19,Female,Normal,Chennai,Brand Store,30-03-2023,0,March,1,Thursday,0,Premium,Mature,2161.46,Average,0,0
PROD0260,Colorbar,Concealer,272.37,45,0,12256.65,3.4,52,Male,Dry,Bangalore,Brand Store,10-09-2023,0,September,3,Sunday,1,Budget,Mature,272.37,Average,0,0
PROD0261,Maybelline,Lipstick,328.24,39,0,12801.36,3,49,Male,Combination,Ahmedabad,Online,14-04-2023,0,April,2,Friday,0,Budget,Mature,328.24,Average,0,0
PROD0262,Revlon,Mascara,306.26,10,10,2756.34,4,25,Non-binary,Combination,Delhi,Brand Store,11-07-2023,0,July,3,Tuesday,0,Budget,Young Adult,275.63,Good,1,0
PROD0263,Maybelline,Setting Spray,871.49,21,10,16471.16,2.8,26,Female,Normal,Kolkata,Brand Store,31-03-2023,0,March,1,Friday,0,Mid-Range,Young Adult,784.34,Poor,0,0
PROD0264,Revlon,Setting Spray,678.73,38,20,20633.39,4.5,40,Female,Combination,Hyderabad,Brand Store,01-01-2023,1,January,1,Sunday,1,Mid-Range,Mature,542.98,Excellent,1,20633.39
PROD0265,Colorbar,Highlighter,386.47,39,10,13565.1,3.3,55,Female,Sensitive,Chennai,Brand Store,12-09-2023,0,September,3,Tuesday,0,Budget,Mature,347.82,Average,0,0
PROD0266,Revlon,Eyeshadow,3934.79,11,0,43282.69,4.1,21,Female,Oily,Pune,Retail Store,08-05-2023,0,May,2,Monday,0,Premium,Young Adult,3934.79,Good,1,0
PROD0267,Lakme,Foundation,453.12,29,5,12483.46,4.3,26,Female,Normal,Kolkata,Retail Store,12-07-2023,0,July,3,Wednesday,0,Budget,Young Adult,430.46,Good,1,0
PROD0268,MAC,Setting Spray,575.68,5,0,2878.4,4.5,18,Female,Combination,Hyderabad,Online,23-02-2023,0,February,1,Thursday,0,Mid-Range,Mature,575.68,Excellent,1,0
PROD0269,L'Oreal,Highlighter,2276.09,36,20,65551.39,4.9,21,Male,Sensitive,Pune,Brand Store,27-12-2023,0,December,4,Wednesday,0,Premium,Young Adult,1820.87,Excellent,1,0
PROD0270,Colorbar,Mascara,1801.45,11,0,19815.95,2.6,37,Female,Normal,Chennai,Online,04-10-2023,0,October,4,Wednesday,0,Premium,Mature,1801.45,Poor,0,0
PROD0271,Maybelline,Eyeshadow,482.7,37,10,16073.91,3.9,47,Female,Combination,Bangalore,Online,14-02-2023,0,February,1,Tuesday,0,Budget,Mature,434.43,Average,0,0
PROD0272,Sugar,Setting Spray,638.65,2,20,1021.84,3,34,Female,Oily,Delhi,Retail Store,23-07-2023,0,July,3,Sunday,1,Mid-Range,Mature,510.92,Average,0,0
PROD0273,Maybelline,Blush,1693.84,25,0,42346,3,40,Female,Normal,Pune,Online,14-08-2023,0,August,3,Monday,0,Premium,Mature,1693.84,Average,0,0
PROD0274,Colorbar,Blush,387.75,49,10,17099.78,4.2,22,Male,Combination,Delhi,Brand Store,31-07-2023,1,July,3,Monday,0,Budget,Young Adult,348.98,Good,1,17099.78
PROD0275,Lakme,Primer,3006.31,34,20,81771.63,3.5,50,Female,Dry,Ahmedabad,Brand Store,10-02-2023,0,February,1,Friday,0,Premium,Mature,2405.05,Average,0,0
PROD0276,Faces Canada,Lipstick,1513.38,34,15,43736.68,4.5,55,Female,Normal,Bangalore,Online,27-03-2023,1,March,1,Monday,0,Premium,Mature,1286.37,Excellent,1,43736.68
PROD0277,Lakme,Mascara,961.5,44,0,42306,3.6,25,Female,Oily,Hyderabad,Retail Store,12-10-2023,0,October,4,Thursday,0,Mid-Range,Young Adult,961.5,Average,0,0
PROD0278,Faces Canada,Blush,1280.31,1,15,1088.26,4.5,55,Female,Normal,Kolkata,Online,18-10-2023,0,October,4,Wednesday,0,Mid-Range,Mature,1088.26,Excellent,1,0
PROD0279,Maybelline,Foundation,2100.15,7,5,13966,4.5,50,Female,Combination,Pune,Retail Store,06-09-2023,0,September,3,Wednesday,0,Premium,Mature,1995.14,Excellent,1,0
PROD0280,NYX,Mascara,924.76,40,20,29592.32,4,41,Female,Combination,Mumbai,Retail Store,26-01-2023,0,January,1,Thursday,0,Mid-Range,Mature,739.81,Good,1,0
PROD0281,Lakme,Concealer,1077.79,20,0,21555.8,3.3,47,Female,Dry,Delhi,Online,15-08-2023,0,August,3,Tuesday,0,Mid-Range,Mature,1077.79,Average,0,0
PROD0282,Colorbar,Highlighter,2042.64,13,0,26554.32,3.6,42,Male,Combination,Ahmedabad,Brand Store,21-09-2023,0,September,3,Thursday,0,Premium,Mature,2042.64,Average,0,0
PROD0283,Nykaa,Primer,819.65,34,0,27868.1,4.7,17,Male,Dry,Bangalore,Online,08-05-2023,0,May,2,Monday,0,Mid-Range,Mature,819.65,Excellent,1,0
PROD0284,MAC,Concealer,911.62,30,20,21878.88,3.8,23,Female,Combination,Mumbai,Online,17-08-2023,0,August,3,Thursday,0,Mid-Range,Young Adult,729.3,Average,0,0
PROD0285,Faces Canada,Setting Spray,893.94,11,15,8358.34,4.6,32,Female,Oily,Delhi,Retail Store,25-03-2023,0,March,1,Saturday,1,Mid-Range,Mature,759.85,Excellent,1,0
PROD0286,MAC,Eyeshadow,2694.95,44,10,106720.02,3,42,Female,Oily,Mumbai,Brand Store,09-03-2023,0,March,1,Thursday,0,Premium,Mature,2425.46,Average,0,0
PROD0287,MAC,Lipstick,779.75,20,10,14035.5,4.3,33,Female,Combination,Kolkata,Retail Store,22-04-2023,0,April,2,Saturday,1,Mid-Range,Mature,701.78,Good,1,0
PROD0288,Nykaa,Setting Spray,1293.21,1,10,1163.89,3.8,39,Female,Oily,Hyderabad,Retail Store,22-06-2023,1,June,2,Thursday,0,Mid-Range,Mature,1163.89,Average,0,1163.89
PROD0289,NYX,Blush,1725.93,42,10,65240.15,3.2,25,Female,Sensitive,Chennai,Online,13-06-2023,0,June,2,Tuesday,0,Premium,Young Adult,1553.34,Average,0,0
PROD0290,NYX,Eyeliner,462.46,27,20,9989.14,3.5,18,Female,Dry,Chennai,Retail Store,23-11-2023,0,November,4,Thursday,0,Budget,Mature,369.97,Average,0,0
PROD0291,Faces Canada,Concealer,979.81,11,10,9700.12,4.6,51,Female,Oily,Bangalore,Retail Store,13-05-2023,0,May,2,Saturday,1,Mid-Range,Mature,881.83,Excellent,1,0
PROD0292,Revlon,Mascara,1377.64,15,0,20664.6,3.4,35,Female,Combination,Kolkata,Retail Store,31-05-2023,0,May,2,Wednesday,0,Mid-Range,Mature,1377.64,Average,0,0
PROD0293,Colorbar,Lipstick,1534.3,40,20,49097.6,2.7,28,Female,Normal,Delhi,Brand Store,31-07-2023,0,July,3,Monday,0,Premium,Young Adult,1227.44,Poor,0,0
PROD0294,MAC,Mascara,816.15,37,25,22648.16,4.7,45,Female,Dry,Bangalore,Retail Store,07-09-2023,0,September,3,Thursday,0,Mid-Range,Mature,612.11,Excellent,1,0
PROD0295,Lakme,Concealer,211.26,18,5,3612.55,3,26,Female,Oily,Bangalore,Retail Store,11-08-2023,0,August,3,Friday,0,Budget,Young Adult,200.7,Average,0,0
PROD0296,Nykaa,Eyeliner,105.54,35,10,3324.51,3,39,Female,Sensitive,Mumbai,Retail Store,13-12-2023,0,December,4,Wednesday,0,Budget,Mature,94.99,Average,0,0
PROD0297,Revlon,Eyeshadow,1454.05,7,5,9669.43,3.5,53,Male,Oily,Hyderabad,Online,02-06-2023,1,June,2,Friday,0,Mid-Range,Mature,1381.35,Average,0,9669.43
PROD0298,Colorbar,Primer,2024.29,28,20,45344.1,4.7,24,Female,Combination,Pune,Retail Store,26-03-2023,1,March,1,Sunday,1,Premium,Young Adult,1619.43,Excellent,1,45344.1
PROD0299,Lakme,Highlighter,915.96,47,15,36592.6,5,29,Female,Sensitive,Mumbai,Brand Store,07-07-2023,0,July,3,Friday,0,Mid-Range,Young Adult,778.57,Excellent,1,0
PROD0300,NYX,Highlighter,2382.15,40,0,95286,2.6,19,Female,Oily,Delhi,Brand Store,01-03-2023,0,March,1,Wednesday,0,Premium,Mature,2382.15,Poor,0,0
PROD0301,NYX,Primer,1870.1,10,10,16830.9,3,16,Female,Oily,Hyderabad,Retail Store,19-05-2023,0,May,2,Friday,0,Premium,Mature,1683.09,Average,0,0
PROD0302,Maybelline,Highlighter,1680.79,40,25,50423.7,2.8,23,Female,Dry,Delhi,Retail Store,15-05-2023,0,May,2,Monday,0,Premium,Young Adult,1260.59,Poor,0,0
PROD0303,Nykaa,Concealer,967.21,3,0,2901.63,3.9,29,Female,Dry,Ahmedabad,Retail Store,10-12-2023,0,December,4,Sunday,1,Mid-Range,Young Adult,967.21,Average,0,0
PROD0304,Sugar,Setting Spray,552.69,6,0,3316.14,4.4,20,Female,Dry,Delhi,Retail Store,01-06-2023,0,June,2,Thursday,0,Mid-Range,Mature,552.69,Good,1,0
PROD0305,Lakme,Mascara,1733.9,24,0,41613.6,4.5,36,Female,Oily,Kolkata,Brand Store,24-01-2023,0,January,1,Tuesday,0,Premium,Mature,1733.9,Excellent,1,0
PROD0306,Revlon,Mascara,842.91,29,5,23222.17,4.9,33,Female,Combination,Delhi,Retail Store,25-07-2023,0,July,3,Tuesday,0,Mid-Range,Mature,800.76,Excellent,1,0
PROD0307,Sugar,Highlighter,2459.53,42,20,82640.21,4.7,26,Non-binary,Oily,Delhi,Online,23-03-2023,0,March,1,Thursday,0,Premium,Young Adult,1967.62,Excellent,1,0
PROD0308,Colorbar,Eyeliner,1049.43,12,5,11963.5,4,38,Female,Dry,Mumbai,Brand Store,07-09-2023,0,September,3,Thursday,0,Mid-Range,Mature,996.96,Good,1,0
PROD0309,Maybelline,Lipstick,800.97,21,0,16820.37,2.5,49,Female,Combination,Chennai,Brand Store,19-12-2023,0,December,4,Tuesday,0,Mid-Range,Mature,800.97,Poor,0,0
PROD0310,Sugar,Eyeshadow,1578.62,44,20,55567.42,4.1,25,Female,Dry,Mumbai,Online,29-08-2023,0,August,3,Tuesday,0,Premium,Young Adult,1262.9,Good,1,0
PROD0311,Sugar,Foundation,1325.35,22,5,27699.81,4.9,19,Female,Normal,Chennai,Brand Store,01-05-2023,0,May,2,Monday,0,Mid-Range,Mature,1259.08,Excellent,1,0
PROD0312,Sugar,Setting Spray,448.72,32,5,13641.09,3.6,23,Female,Oily,Ahmedabad,Brand Store,31-07-2023,0,July,3,Monday,0,Budget,Young Adult,426.28,Average,0,0
PROD0313,Colorbar,Foundation,3382.11,41,15,117866.53,3.3,48,Non-binary,Normal,Chennai,Brand Store,06-07-2023,0,July,3,Thursday,0,Premium,Mature,2874.79,Average,0,0
PROD0314,Revlon,Eyeliner,883.77,40,0,35350.8,4,39,Female,Oily,Ahmedabad,Online,24-04-2023,0,April,2,Monday,0,Mid-Range,Mature,883.77,Good,1,0
PROD0315,Faces Canada,Blush,1423.99,45,0,64079.55,2.8,26,Female,Normal,Ahmedabad,Online,09-11-2023,0,November,4,Thursday,0,Mid-Range,Young Adult,1423.99,Poor,0,0
PROD0316,MAC,Highlighter,1533.48,13,10,17941.72,4.3,22,Female,Sensitive,Kolkata,Online,19-08-2023,0,August,3,Saturday,1,Premium,Young Adult,1380.13,Good,1,0
PROD0317,L'Oreal,Primer,3387.91,1,0,3387.91,3.8,19,Non-binary,Normal,Kolkata,Brand Store,01-04-2023,0,April,2,Saturday,1,Premium,Mature,3387.91,Average,0,0
PROD0318,Maybelline,Mascara,896.72,39,25,26229.06,4,36,Male,Sensitive,Kolkata,Retail Store,08-05-2023,0,May,2,Monday,0,Mid-Range,Mature,672.54,Good,1,0
PROD0319,Sugar,Blush,2060.6,9,10,16690.86,3.5,48,Male,Sensitive,Hyderabad,Brand Store,31-12-2023,0,December,4,Sunday,1,Premium,Mature,1854.54,Average,0,0
PROD0320,MAC,Eyeshadow,1075.15,46,10,44511.21,3.2,38,Female,Dry,Bangalore,Brand Store,22-12-2023,0,December,4,Friday,0,Mid-Range,Mature,967.64,Average,0,0
PROD0321,Faces Canada,Concealer,1448.44,37,0,53592.28,4.9,42,Female,Oily,Hyderabad,Retail Store,13-01-2023,0,January,1,Friday,0,Mid-Range,Mature,1448.44,Excellent,1,0
PROD0322,MAC,Lipstick,813.32,11,15,7604.54,5,32,Female,Combination,Bangalore,Online,05-10-2023,0,October,4,Thursday,0,Mid-Range,Mature,691.32,Excellent,1,0
PROD0323,Colorbar,Foundation,3077.58,48,10,132951.46,3.9,30,Female,Sensitive,Kolkata,Online,23-12-2023,0,December,4,Saturday,1,Premium,Young Adult,2769.82,Average,0,0
PROD0324,Nykaa,Highlighter,1424.15,44,20,50130.08,3.3,51,Female,Combination,Mumbai,Online,15-08-2023,0,August,3,Tuesday,0,Mid-Range,Mature,1139.32,Average,0,0
PROD0325,Colorbar,Concealer,1620.75,39,0,63209.25,3,28,Non-binary,Dry,Hyderabad,Retail Store,08-02-2023,0,February,1,Wednesday,0,Premium,Young Adult,1620.75,Average,0,0
PROD0326,Maybelline,Primer,1568.69,28,10,39530.99,3.2,32,Male,Sensitive,Bangalore,Online,03-01-2023,0,January,1,Tuesday,0,Premium,Mature,1411.82,Average,0,0
PROD0327,Lakme,Mascara,475.82,21,0,9992.22,4,55,Female,Sensitive,Hyderabad,Retail Store,07-02-2023,0,February,1,Tuesday,0,Budget,Mature,475.82,Good,1,0
PROD0328,L'Oreal,Eyeshadow,2225.76,33,0,73450.08,2.9,50,Female,Combination,Kolkata,Online,20-04-2023,0,April,2,Thursday,0,Premium,Mature,2225.76,Poor,0,0
PROD0329,MAC,Blush,2388.14,40,10,85973.04,3.8,51,Female,Combination,Mumbai,Online,25-11-2023,0,November,4,Saturday,1,Premium,Mature,2149.33,Average,0,0
PROD0330,Revlon,Lipstick,1076.54,8,5,8181.7,3.5,50,Male,Sensitive,Hyderabad,Online,11-07-2023,0,July,3,Tuesday,0,Mid-Range,Mature,1022.71,Average,0,0
PROD0331,Lakme,Eyeliner,514.3,42,10,19440.54,3,48,Non-binary,Dry,Delhi,Online,03-10-2023,0,October,4,Tuesday,0,Mid-Range,Mature,462.87,Average,0,0
PROD0332,MAC,Eyeshadow,3500.18,28,10,88204.54,4.6,29,Female,Oily,Kolkata,Brand Store,20-03-2023,0,March,1,Monday,0,Premium,Young Adult,3150.16,Excellent,1,0
PROD0333,Maybelline,Lipstick,367.54,12,10,3969.43,4.5,51,Male,Dry,Delhi,Brand Store,28-07-2023,0,July,3,Friday,0,Budget,Mature,330.79,Excellent,1,0
PROD0334,Revlon,Highlighter,344.62,44,5,14405.12,2.8,16,Female,Sensitive,Delhi,Brand Store,07-02-2023,0,February,1,Tuesday,0,Budget,Mature,327.39,Poor,0,0
PROD0335,NYX,Blush,1614.38,19,10,27605.9,4.4,44,Female,Oily,Kolkata,Retail Store,01-10-2023,0,October,4,Sunday,1,Premium,Mature,1452.94,Good,1,0
PROD0336,NYX,Primer,3376.38,10,10,30387.42,3.2,39,Female,Sensitive,Mumbai,Brand Store,22-01-2023,0,January,1,Sunday,1,Premium,Mature,3038.74,Average,0,0
PROD0337,Faces Canada,Primer,3335.58,20,15,56704.86,3,38,Female,Sensitive,Chennai,Retail Store,05-04-2023,0,April,2,Wednesday,0,Premium,Mature,2835.24,Average,0,0
PROD0338,Maybelline,Eyeshadow,970.21,37,0,35897.77,4.6,51,Female,Sensitive,Ahmedabad,Brand Store,10-12-2023,0,December,4,Sunday,1,Mid-Range,Mature,970.21,Excellent,1,0
PROD0339,Sugar,Setting Spray,1917.57,23,5,41898.9,2.8,31,Female,Sensitive,Delhi,Retail Store,10-04-2023,0,April,2,Monday,0,Premium,Mature,1821.69,Poor,0,0
PROD0340,NYX,Setting Spray,1478.57,10,10,13307.13,3.9,39,Female,Dry,Pune,Retail Store,07-05-2023,0,May,2,Sunday,1,Mid-Range,Mature,1330.71,Average,0,0
PROD0341,NYX,Highlighter,2568.14,9,0,23113.26,4.2,37,Female,Normal,Ahmedabad,Retail Store,06-06-2023,0,June,2,Tuesday,0,Premium,Mature,2568.14,Good,1,0
PROD0342,Maybelline,Setting Spray,1730.89,9,10,14020.21,4.7,28,Female,Oily,Hyderabad,Brand Store,10-01-2023,0,January,1,Tuesday,0,Premium,Young Adult,1557.8,Excellent,1,0
PROD0343,Colorbar,Setting Spray,988.13,38,0,37548.94,3,18,Female,Sensitive,Hyderabad,Brand Store,18-03-2023,0,March,1,Saturday,1,Mid-Range,Mature,988.13,Average,0,0
PROD0344,NYX,Setting Spray,526.73,33,15,14774.78,3.8,41,Female,Oily,Pune,Brand Store,11-11-2023,0,November,4,Saturday,1,Mid-Range,Mature,447.72,Average,0,0
PROD0345,Sugar,Mascara,485.76,37,0,17973.12,4.9,25,Female,Oily,Ahmedabad,Retail Store,07-09-2023,0,September,3,Thursday,0,Budget,Young Adult,485.76,Excellent,1,0
PROD0346,Lakme,Eyeshadow,2773.44,34,0,94296.96,4.8,39,Male,Normal,Kolkata,Retail Store,21-01-2023,1,January,1,Saturday,1,Premium,Mature,2773.44,Excellent,1,94296.96
PROD0347,NYX,Primer,2987.94,17,0,50794.98,3.9,52,Female,Normal,Bangalore,Retail Store,01-12-2023,0,December,4,Friday,0,Premium,Mature,2987.94,Average,0,0
PROD0348,Nykaa,Blush,2438.49,15,0,36577.35,3.8,38,Male,Normal,Pune,Retail Store,04-01-2023,0,January,1,Wednesday,0,Premium,Mature,2438.49,Average,0,0
PROD0349,MAC,Mascara,337.84,42,5,13479.82,3.2,25,Female,Combination,Bangalore,Online,02-03-2023,0,March,1,Thursday,0,Budget,Young Adult,320.95,Average,0,0
PROD0350,Maybelline,Concealer,1451.42,31,10,40494.62,3.7,53,Female,Normal,Bangalore,Brand Store,23-01-2023,0,January,1,Monday,0,Mid-Range,Mature,1306.28,Average,0,0
PROD0351,Faces Canada,Mascara,269.58,37,10,8977.01,2.9,26,Non-binary,Sensitive,Hyderabad,Online,03-11-2023,1,November,4,Friday,0,Budget,Young Adult,242.62,Poor,0,8977.01
PROD0352,Maybelline,Blush,736.55,39,0,28725.45,5,46,Female,Normal,Bangalore,Online,26-10-2023,0,October,4,Thursday,0,Mid-Range,Mature,736.55,Excellent,1,0
PROD0353,NYX,Primer,919.1,44,5,38418.38,3.4,45,Female,Normal,Delhi,Online,25-02-2023,0,February,1,Saturday,1,Mid-Range,Mature,873.14,Average,0,0
PROD0354,Nykaa,Primer,2962.02,39,0,115518.78,2.7,46,Female,Sensitive,Mumbai,Brand Store,17-02-2023,0,February,1,Friday,0,Premium,Mature,2962.02,Poor,0,0
PROD0355,Faces Canada,Setting Spray,1706.61,50,15,72530.93,4.2,43,Female,Oily,Kolkata,Retail Store,08-08-2023,0,August,3,Tuesday,0,Premium,Mature,1450.62,Good,1,0
PROD0356,Revlon,Highlighter,1890.02,48,0,90720.96,4.8,52,Female,Dry,Delhi,Retail Store,30-04-2023,1,April,2,Sunday,1,Premium,Mature,1890.02,Excellent,1,90720.96
PROD0357,Faces Canada,Setting Spray,994.11,13,0,12923.43,2.5,16,Female,Oily,Delhi,Brand Store,16-04-2023,0,April,2,Sunday,1,Mid-Range,Mature,994.11,Poor,0,0
PROD0358,Maybelline,Concealer,601.58,42,0,25266.36,4,32,Female,Combination,Kolkata,Brand Store,15-12-2023,0,December,4,Friday,0,Mid-Range,Mature,601.58,Good,1,0
PROD0359,Faces Canada,Primer,1895.13,24,0,45483.12,3.9,46,Female,Sensitive,Hyderabad,Retail Store,28-12-2023,0,December,4,Thursday,0,Premium,Mature,1895.13,Average,0,0
PROD0360,MAC,Foundation,1728.55,45,10,70006.28,4.9,22,Female,Normal,Chennai,Brand Store,09-10-2023,0,October,4,Monday,0,Premium,Young Adult,1555.7,Excellent,1,0
PROD0361,L'Oreal,Lipstick,1094.33,41,0,44867.53,2.5,21,Female,Sensitive,Bangalore,Retail Store,02-02-2023,0,February,1,Thursday,0,Mid-Range,Young Adult,1094.33,Poor,0,0
PROD0362,Lakme,Setting Spray,1531.37,26,5,37824.84,4,49,Female,Sensitive,Hyderabad,Brand Store,31-03-2023,0,March,1,Friday,0,Premium,Mature,1454.8,Good,1,0
PROD0363,Faces Canada,Eyeshadow,1357.51,3,0,4072.53,4.5,48,Female,Dry,Chennai,Brand Store,04-07-2023,0,July,3,Tuesday,0,Mid-Range,Mature,1357.51,Excellent,1,0
PROD0364,Maybelline,Mascara,1994.27,50,0,99713.5,3.5,41,Female,Dry,Kolkata,Brand Store,27-12-2023,0,December,4,Wednesday,0,Premium,Mature,1994.27,Average,0,0
PROD0365,Faces Canada,Blush,2308.69,23,0,53099.87,3.4,33,Female,Dry,Chennai,Brand Store,26-07-2023,0,July,3,Wednesday,0,Premium,Mature,2308.69,Average,0,0
PROD0366,Faces Canada,Highlighter,586.56,5,5,2786.16,3.8,37,Male,Combination,Delhi,Brand Store,22-10-2023,0,October,4,Sunday,1,Mid-Range,Mature,557.23,Average,0,0
PROD0367,Colorbar,Highlighter,1605.28,16,10,23116.03,4.4,45,Female,Oily,Ahmedabad,Brand Store,13-05-2023,0,May,2,Saturday,1,Premium,Mature,1444.75,Good,1,0
PROD0368,MAC,Eyeshadow,3260.4,27,10,79227.72,4.9,49,Female,Combination,Mumbai,Brand Store,17-02-2023,0,February,1,Friday,0,Premium,Mature,2934.36,Excellent,1,0
PROD0369,Maybelline,Concealer,1641.39,12,0,19696.68,3.7,38,Female,Combination,Chennai,Brand Store,16-12-2023,1,December,4,Saturday,1,Premium,Mature,1641.39,Average,0,19696.68
PROD0370,MAC,Eyeshadow,3020.82,17,0,51353.94,3,28,Female,Combination,Chennai,Brand Store,24-02-2023,0,February,1,Friday,0,Premium,Young Adult,3020.82,Average,0,0
PROD0371,Colorbar,Eyeliner,108.28,35,5,3600.31,4.9,46,Female,Combination,Pune,Brand Store,22-10-2023,0,October,4,Sunday,1,Budget,Mature,102.87,Excellent,1,0
PROD0372,NYX,Primer,1632.82,49,10,72007.36,3.9,19,Female,Sensitive,Kolkata,Retail Store,27-06-2023,0,June,2,Tuesday,0,Premium,Mature,1469.54,Average,0,0
PROD0373,Sugar,Mascara,1957.69,45,10,79286.45,3.8,36,Female,Dry,Mumbai,Online,21-02-2023,0,February,1,Tuesday,0,Premium,Mature,1761.92,Average,0,0
PROD0374,L'Oreal,Blush,1483.82,16,15,20179.95,3.2,55,Female,Dry,Pune,Retail Store,18-04-2023,0,April,2,Tuesday,0,Mid-Range,Mature,1261.25,Average,0,0
PROD0375,Nykaa,Concealer,926.32,12,0,11115.84,3.9,52,Male,Combination,Chennai,Online,12-10-2023,0,October,4,Thursday,0,Mid-Range,Mature,926.32,Average,0,0
PROD0376,L'Oreal,Mascara,1050.85,1,0,1050.85,2.9,47,Female,Sensitive,Bangalore,Brand Store,11-06-2023,0,June,2,Sunday,1,Mid-Range,Mature,1050.85,Poor,0,0
PROD0377,Colorbar,Primer,546.95,7,0,3828.65,4.2,19,Male,Normal,Chennai,Retail Store,19-02-2023,0,February,1,Sunday,1,Mid-Range,Mature,546.95,Good,1,0
PROD0378,Revlon,Concealer,1656.47,17,5,26751.99,3.4,42,Female,Sensitive,Delhi,Retail Store,22-10-2023,0,October,4,Sunday,1,Premium,Mature,1573.65,Average,0,0
PROD0379,Revlon,Blush,980.78,33,20,25892.59,3.7,44,Female,Sensitive,Delhi,Retail Store,20-11-2023,1,November,4,Monday,0,Mid-Range,Mature,784.62,Average,0,25892.59
PROD0380,Nykaa,Concealer,1840.94,37,10,61303.3,3.5,20,Female,Combination,Delhi,Online,12-06-2023,0,June,2,Monday,0,Premium,Mature,1656.85,Average,0,0
PROD0381,Nykaa,Setting Spray,760.39,29,0,22051.31,4.5,39,Female,Dry,Ahmedabad,Retail Store,12-01-2023,0,January,1,Thursday,0,Mid-Range,Mature,760.39,Excellent,1,0
PROD0382,Maybelline,Blush,723,26,25,14098.5,2.8,20,Female,Oily,Ahmedabad,Brand Store,23-07-2023,0,July,3,Sunday,1,Mid-Range,Mature,542.25,Poor,0,0
PROD0383,NYX,Foundation,2277.55,6,0,13665.3,4.1,40,Female,Dry,Hyderabad,Online,15-08-2023,0,August,3,Tuesday,0,Premium,Mature,2277.55,Good,1,0
PROD0384,Lakme,Mascara,262.31,23,25,4524.85,4.7,36,Non-binary,Sensitive,Ahmedabad,Retail Store,08-10-2023,0,October,4,Sunday,1,Budget,Mature,196.73,Excellent,1,0
PROD0385,L'Oreal,Primer,2231.17,30,0,66935.1,4.1,52,Female,Sensitive,Kolkata,Brand Store,27-06-2023,0,June,2,Tuesday,0,Premium,Mature,2231.17,Good,1,0
PROD0386,Sugar,Foundation,1284.49,27,5,32947.17,3.1,35,Male,Sensitive,Mumbai,Online,11-03-2023,0,March,1,Saturday,1,Mid-Range,Mature,1220.27,Average,0,0
PROD0387,Sugar,Lipstick,2377.95,31,5,70030.63,3.2,43,Female,Dry,Hyderabad,Brand Store,08-10-2023,0,October,4,Sunday,1,Premium,Mature,2259.05,Average,0,0
PROD0388,Nykaa,Primer,1623.13,11,15,15176.27,4.3,40,Female,Combination,Kolkata,Online,17-11-2023,0,November,4,Friday,0,Premium,Mature,1379.66,Good,1,0
PROD0389,NYX,Setting Spray,783.24,48,5,35715.74,3.8,33,Female,Oily,Kolkata,Online,29-05-2023,0,May,2,Monday,0,Mid-Range,Mature,744.08,Average,0,0
PROD0390,NYX,Eyeliner,1080.36,32,0,34571.52,3,17,Female,Sensitive,Bangalore,Online,22-02-2023,0,February,1,Wednesday,0,Mid-Range,Mature,1080.36,Average,0,0
PROD0391,Lakme,Eyeliner,425.17,10,5,4039.11,2.5,29,Female,Combination,Pune,Retail Store,13-09-2023,1,September,3,Wednesday,0,Budget,Young Adult,403.91,Poor,0,4039.11
PROD0392,Revlon,Lipstick,383.59,49,15,15976.52,4.9,19,Female,Oily,Hyderabad,Retail Store,03-04-2023,0,April,2,Monday,0,Budget,Mature,326.05,Excellent,1,0
PROD0393,Lakme,Highlighter,628.42,50,25,23565.75,4.3,40,Female,Oily,Ahmedabad,Online,18-02-2023,0,February,1,Saturday,1,Mid-Range,Mature,471.32,Good,1,0
PROD0394,Nykaa,Eyeliner,1053.7,20,0,21074,4.8,26,Female,Sensitive,Mumbai,Brand Store,10-05-2023,0,May,2,Wednesday,0,Mid-Range,Young Adult,1053.7,Excellent,1,0
PROD0395,Lakme,Concealer,2445.37,14,0,34235.18,4.9,31,Female,Oily,Kolkata,Retail Store,22-05-2023,0,May,2,Monday,0,Premium,Mature,2445.37,Excellent,1,0
PROD0396,Lakme,Eyeshadow,3884.66,38,10,132855.37,4.5,46,Female,Oily,Bangalore,Retail Store,13-09-2023,0,September,3,Wednesday,0,Premium,Mature,3496.19,Excellent,1,0
PROD0397,Lakme,Lipstick,1017.05,10,15,8644.92,4.3,22,Female,Dry,Bangalore,Retail Store,13-10-2023,0,October,4,Friday,0,Mid-Range,Young Adult,864.49,Good,1,0
PROD0398,MAC,Eyeliner,128.92,25,10,2900.7,3.4,24,Female,Normal,Hyderabad,Online,14-10-2023,0,October,4,Saturday,1,Budget,Young Adult,116.03,Average,0,0
PROD0399,Colorbar,Eyeshadow,989.71,23,0,22763.33,3.3,45,Female,Sensitive,Hyderabad,Brand Store,29-09-2023,0,September,3,Friday,0,Mid-Range,Mature,989.71,Average,0,0
PROD0400,Faces Canada,Blush,1075.37,1,15,914.06,4.4,48,Male,Dry,Kolkata,Brand Store,14-11-2023,0,November,4,Tuesday,0,Mid-Range,Mature,914.06,Good,1,0
PROD0401,Revlon,Eyeshadow,2967.43,43,0,127599.49,4.9,40,Female,Normal,Chennai,Brand Store,20-03-2023,0,March,1,Monday,0,Premium,Mature,2967.43,Excellent,1,0
PROD0402,Maybelline,Concealer,449.36,43,10,17390.23,2.7,24,Female,Dry,Bangalore,Online,09-04-2023,0,April,2,Sunday,1,Budget,Young Adult,404.42,Poor,0,0
PROD0403,Sugar,Highlighter,1719.24,45,0,77365.8,4,19,Female,Sensitive,Pune,Online,07-01-2023,1,January,1,Saturday,1,Premium,Mature,1719.24,Good,1,77365.8
PROD0404,Maybelline,Eyeliner,754.75,41,10,27850.28,2.7,51,Male,Oily,Kolkata,Retail Store,17-05-2023,0,May,2,Wednesday,0,Mid-Range,Mature,679.28,Poor,0,0
PROD0405,Maybelline,Blush,2375.3,34,20,64608.16,2.7,30,Female,Dry,Kolkata,Online,08-05-2023,0,May,2,Monday,0,Premium,Young Adult,1900.24,Poor,0,0
PROD0406,Faces Canada,Primer,1686.49,7,0,11805.43,4.4,52,Female,Normal,Pune,Brand Store,07-08-2023,0,August,3,Monday,0,Premium,Mature,1686.49,Good,1,0
PROD0407,Faces Canada,Mascara,922.2,22,5,19273.98,4.1,50,Female,Combination,Ahmedabad,Retail Store,16-06-2023,0,June,2,Friday,0,Mid-Range,Mature,876.09,Good,1,0
PROD0408,Revlon,Highlighter,1942.32,37,0,71865.84,3.9,40,Female,Normal,Hyderabad,Retail Store,23-07-2023,0,July,3,Sunday,1,Premium,Mature,1942.32,Average,0,0
PROD0409,Colorbar,Blush,285.7,9,15,2185.6,5,35,Female,Dry,Mumbai,Retail Store,11-06-2023,0,June,2,Sunday,1,Budget,Mature,242.84,Excellent,1,0
PROD0410,Faces Canada,Blush,1399.87,37,20,41436.15,4.8,25,Female,Normal,Delhi,Online,12-03-2023,0,March,1,Sunday,1,Mid-Range,Young Adult,1119.9,Excellent,1,0
PROD0411,MAC,Eyeshadow,1247.36,20,15,21205.12,2.7,41,Female,Oily,Chennai,Brand Store,05-09-2023,0,September,3,Tuesday,0,Mid-Range,Mature,1060.26,Poor,0,0
PROD0412,Maybelline,Setting Spray,1311.49,20,15,22295.33,2.6,52,Non-binary,Oily,Kolkata,Online,21-06-2023,0,June,2,Wednesday,0,Mid-Range,Mature,1114.77,Poor,0,0
PROD0413,Maybelline,Highlighter,2648.29,15,5,37738.13,4.4,54,Female,Normal,Mumbai,Brand Store,26-09-2023,0,September,3,Tuesday,0,Premium,Mature,2515.88,Good,1,0
PROD0414,Revlon,Mascara,1103.83,15,15,14073.83,2.9,41,Female,Sensitive,Ahmedabad,Brand Store,24-04-2023,0,April,2,Monday,0,Mid-Range,Mature,938.26,Poor,0,0
PROD0415,L'Oreal,Mascara,804.44,31,0,24937.64,3.9,19,Female,Oily,Kolkata,Retail Store,11-08-2023,0,August,3,Friday,0,Mid-Range,Mature,804.44,Average,0,0
PROD0416,Sugar,Mascara,1206.29,32,0,38601.28,3.5,52,Non-binary,Sensitive,Chennai,Brand Store,26-09-2023,0,September,3,Tuesday,0,Mid-Range,Mature,1206.29,Average,0,0
PROD0417,Revlon,Highlighter,2148.48,37,0,79493.76,2.7,42,Female,Combination,Kolkata,Retail Store,26-06-2023,0,June,2,Monday,0,Premium,Mature,2148.48,Poor,0,0
PROD0418,L'Oreal,Blush,2472.2,40,0,98888,4.6,44,Non-binary,Oily,Bangalore,Retail Store,30-04-2023,0,April,2,Sunday,1,Premium,Mature,2472.2,Excellent,1,0
PROD0419,Maybelline,Foundation,2666.4,16,5,40529.28,4.9,25,Female,Combination,Hyderabad,Online,26-02-2023,0,February,1,Sunday,1,Premium,Young Adult,2533.08,Excellent,1,0
PROD0420,MAC,Concealer,2123.77,14,10,26759.5,3,49,Female,Normal,Hyderabad,Brand Store,14-03-2023,0,March,1,Tuesday,0,Premium,Mature,1911.39,Average,0,0
PROD0421,Colorbar,Highlighter,2746.21,34,5,88702.58,2.6,26,Female,Dry,Mumbai,Retail Store,13-11-2023,0,November,4,Monday,0,Premium,Young Adult,2608.9,Poor,0,0
PROD0422,Maybelline,Lipstick,1093.27,18,25,14759.15,4.2,39,Male,Combination,Delhi,Online,29-11-2023,0,November,4,Wednesday,0,Mid-Range,Mature,819.95,Good,1,0
PROD0423,Maybelline,Primer,3201.91,32,10,92215.01,4.7,50,Female,Dry,Delhi,Online,23-08-2023,0,August,3,Wednesday,0,Premium,Mature,2881.72,Excellent,1,0
PROD0424,MAC,Lipstick,2321.14,20,0,46422.8,3.3,41,Female,Combination,Bangalore,Online,01-07-2023,0,July,3,Saturday,1,Premium,Mature,2321.14,Average,0,0
PROD0425,NYX,Primer,2916.68,41,10,107625.49,3.1,40,Female,Combination,Mumbai,Brand Store,24-06-2023,0,June,2,Saturday,1,Premium,Mature,2625.01,Average,0,0
PROD0426,Nykaa,Foundation,1965.82,44,0,86496.08,4,30,Female,Sensitive,Kolkata,Online,09-06-2023,1,June,2,Friday,0,Premium,Young Adult,1965.82,Good,1,86496.08
PROD0427,L'Oreal,Primer,1040.15,9,25,7021.01,4,28,Male,Sensitive,Bangalore,Retail Store,09-08-2023,1,August,3,Wednesday,0,Mid-Range,Young Adult,780.11,Good,1,7021.01
PROD0428,Colorbar,Mascara,1850.72,21,15,33035.35,2.7,50,Male,Combination,Delhi,Online,16-03-2023,0,March,1,Thursday,0,Premium,Mature,1573.11,Poor,0,0
PROD0429,Nykaa,Highlighter,1118.34,48,10,48312.29,4.8,33,Female,Oily,Bangalore,Online,14-01-2023,0,January,1,Saturday,1,Mid-Range,Mature,1006.51,Excellent,1,0
PROD0430,Colorbar,Blush,1525.41,15,15,19448.98,4,30,Female,Oily,Mumbai,Retail Store,02-09-2023,0,September,3,Saturday,1,Premium,Young Adult,1296.6,Good,1,0
PROD0431,Revlon,Eyeliner,356.75,25,25,6689.06,3.7,24,Female,Dry,Bangalore,Online,08-01-2023,1,January,1,Sunday,1,Budget,Young Adult,267.56,Average,0,6689.06
PROD0432,MAC,Eyeshadow,3103.53,5,15,13190,2.9,44,Male,Combination,Ahmedabad,Brand Store,07-05-2023,0,May,2,Sunday,1,Premium,Mature,2638,Poor,0,0
PROD0433,Nykaa,Setting Spray,1524.06,26,0,39625.56,4,52,Female,Oily,Mumbai,Brand Store,22-01-2023,0,January,1,Sunday,1,Premium,Mature,1524.06,Good,1,0
PROD0434,Nykaa,Primer,3449.86,3,0,10349.58,3.9,49,Female,Combination,Mumbai,Online,05-06-2023,0,June,2,Monday,0,Premium,Mature,3449.86,Average,0,0
PROD0435,Nykaa,Mascara,729.25,4,15,2479.45,4.2,25,Female,Normal,Ahmedabad,Brand Store,14-09-2023,0,September,3,Thursday,0,Mid-Range,Young Adult,619.86,Good,1,0
PROD0436,L'Oreal,Primer,1617.9,21,10,30578.31,3.6,27,Male,Dry,Ahmedabad,Brand Store,16-02-2023,0,February,1,Thursday,0,Premium,Young Adult,1456.11,Average,0,0
PROD0437,Maybelline,Mascara,363.24,46,0,16709.04,3.6,39,Female,Normal,Delhi,Brand Store,19-09-2023,0,September,3,Tuesday,0,Budget,Mature,363.24,Average,0,0
PROD0438,Nykaa,Primer,535.15,11,0,5886.65,4.8,52,Female,Dry,Bangalore,Online,31-12-2023,0,December,4,Sunday,1,Mid-Range,Mature,535.15,Excellent,1,0
PROD0439,NYX,Eyeliner,976.66,8,5,7422.62,4.7,28,Female,Combination,Mumbai,Brand Store,12-09-2023,0,September,3,Tuesday,0,Mid-Range,Young Adult,927.83,Excellent,1,0
PROD0440,Colorbar,Lipstick,2230.1,16,20,28545.28,3,46,Female,Normal,Ahmedabad,Retail Store,04-11-2023,0,November,4,Saturday,1,Premium,Mature,1784.08,Average,0,0
PROD0441,Colorbar,Blush,1664.06,14,15,19802.31,2.6,25,Female,Combination,Mumbai,Brand Store,17-01-2023,0,January,1,Tuesday,0,Premium,Young Adult,1414.45,Poor,0,0
PROD0442,Revlon,Blush,2320.79,4,10,8354.84,2.8,27,Female,Combination,Bangalore,Brand Store,21-12-2023,0,December,4,Thursday,0,Premium,Young Adult,2088.71,Poor,0,0
PROD0443,L'Oreal,Primer,3395.48,48,15,138535.58,3.9,18,Female,Combination,Delhi,Retail Store,14-07-2023,0,July,3,Friday,0,Premium,Mature,2886.16,Average,0,0
PROD0444,Maybelline,Primer,1307.07,9,0,11763.63,2.8,33,Female,Normal,Pune,Brand Store,23-12-2023,0,December,4,Saturday,1,Mid-Range,Mature,1307.07,Poor,0,0
PROD0445,Faces Canada,Setting Spray,1978.21,31,25,45993.38,4.3,54,Male,Sensitive,Hyderabad,Retail Store,13-05-2023,0,May,2,Saturday,1,Premium,Mature,1483.66,Good,1,0
PROD0446,L'Oreal,Concealer,1796.77,32,0,57496.64,3.8,47,Female,Sensitive,Ahmedabad,Online,29-05-2023,1,May,2,Monday,0,Premium,Mature,1796.77,Average,0,57496.64
PROD0447,Sugar,Lipstick,1638.19,8,0,13105.52,4.3,29,Female,Oily,Kolkata,Retail Store,14-10-2023,0,October,4,Saturday,1,Premium,Young Adult,1638.19,Good,1,0
PROD0448,NYX,Eyeshadow,1240.6,5,10,5582.7,3.3,48,Female,Oily,Pune,Online,24-06-2023,0,June,2,Saturday,1,Mid-Range,Mature,1116.54,Average,0,0
PROD0449,L'Oreal,Lipstick,645.43,22,20,11359.57,4.8,46,Female,Dry,Ahmedabad,Online,18-11-2023,0,November,4,Saturday,1,Mid-Range,Mature,516.34,Excellent,1,0
PROD0450,Sugar,Concealer,2238.16,27,10,54387.29,4.8,19,Female,Combination,Hyderabad,Brand Store,10-01-2023,0,January,1,Tuesday,0,Premium,Mature,2014.34,Excellent,1,0
PROD0451,Maybelline,Concealer,2720.96,18,0,48977.28,4.6,37,Male,Sensitive,Kolkata,Brand Store,20-10-2023,0,October,4,Friday,0,Premium,Mature,2720.96,Excellent,1,0
PROD0452,NYX,Foundation,2556.56,21,25,40265.82,4.3,33,Male,Normal,Kolkata,Online,10-07-2023,0,July,3,Monday,0,Premium,Mature,1917.42,Good,1,0
PROD0453,Faces Canada,Eyeshadow,1417.88,8,0,11343.04,3.4,18,Female,Normal,Chennai,Online,05-09-2023,1,September,3,Tuesday,0,Mid-Range,Mature,1417.88,Average,0,11343.04
PROD0454,Sugar,Concealer,2104.08,34,0,71538.72,3.3,36,Female,Sensitive,Bangalore,Online,09-03-2023,0,March,1,Thursday,0,Premium,Mature,2104.08,Average,0,0
PROD0455,Faces Canada,Highlighter,611.87,20,10,11013.66,4.8,54,Male,Normal,Delhi,Retail Store,22-02-2023,0,February,1,Wednesday,0,Mid-Range,Mature,550.68,Excellent,1,0
PROD0456,Lakme,Blush,1549.09,20,5,29432.71,4.1,29,Female,Dry,Pune,Online,30-09-2023,0,September,3,Saturday,1,Premium,Young Adult,1471.64,Good,1,0
PROD0457,NYX,Foundation,776.98,18,20,11188.51,2.8,55,Female,Sensitive,Delhi,Online,13-06-2023,0,June,2,Tuesday,0,Mid-Range,Mature,621.58,Poor,0,0
PROD0458,Colorbar,Blush,800.1,5,0,4000.5,3.3,37,Female,Dry,Ahmedabad,Online,12-12-2023,0,December,4,Tuesday,0,Mid-Range,Mature,800.1,Average,0,0
PROD0459,Nykaa,Foundation,1553.53,46,10,64316.14,4,53,Female,Combination,Ahmedabad,Brand Store,12-04-2023,0,April,2,Wednesday,0,Premium,Mature,1398.18,Good,1,0
PROD0460,Maybelline,Primer,3418.39,49,10,150751,4.4,52,Female,Normal,Bangalore,Online,08-06-2023,0,June,2,Thursday,0,Premium,Mature,3076.55,Good,1,0
PROD0461,Sugar,Eyeliner,423.6,15,20,5083.2,2.9,55,Female,Normal,Hyderabad,Retail Store,07-12-2023,0,December,4,Thursday,0,Budget,Mature,338.88,Poor,0,0
PROD0462,Sugar,Concealer,1467.01,5,0,7335.05,3.7,38,Female,Dry,Ahmedabad,Retail Store,28-06-2023,0,June,2,Wednesday,0,Mid-Range,Mature,1467.01,Average,0,0
PROD0463,Nykaa,Foundation,2915.99,7,0,20411.93,3.3,20,Female,Normal,Hyderabad,Brand Store,31-07-2023,0,July,3,Monday,0,Premium,Mature,2915.99,Average,0,0
PROD0464,Sugar,Mascara,890.25,22,0,19585.5,3,53,Female,Sensitive,Kolkata,Retail Store,06-10-2023,0,October,4,Friday,0,Mid-Range,Mature,890.25,Average,0,0
PROD0465,Colorbar,Foundation,2977.43,8,5,22628.47,4,45,Male,Oily,Pune,Brand Store,01-04-2023,0,April,2,Saturday,1,Premium,Mature,2828.56,Good,1,0
PROD0466,Maybelline,Setting Spray,1465.05,39,20,45709.56,4.4,40,Female,Oily,Pune,Retail Store,13-03-2023,0,March,1,Monday,0,Mid-Range,Mature,1172.04,Good,1,0
PROD0467,L'Oreal,Lipstick,1719.69,29,15,42390.36,3.8,40,Female,Dry,Ahmedabad,Online,12-06-2023,0,June,2,Monday,0,Premium,Mature,1461.74,Average,0,0
PROD0468,Nykaa,Blush,1864.75,23,0,42889.25,5,53,Female,Sensitive,Mumbai,Brand Store,07-03-2023,0,March,1,Tuesday,0,Premium,Mature,1864.75,Excellent,1,0
PROD0469,Lakme,Primer,401.62,36,10,13012.49,4.6,38,Female,Oily,Delhi,Retail Store,26-12-2023,0,December,4,Tuesday,0,Budget,Mature,361.46,Excellent,1,0
PROD0470,Nykaa,Highlighter,1329.61,35,0,46536.35,3,27,Female,Dry,Ahmedabad,Online,04-07-2023,0,July,3,Tuesday,0,Mid-Range,Young Adult,1329.61,Average,0,0
PROD0471,L'Oreal,Mascara,219.9,42,20,7388.64,2.5,47,Female,Oily,Kolkata,Online,01-08-2023,0,August,3,Tuesday,0,Budget,Mature,175.92,Poor,0,0
PROD0472,Nykaa,Setting Spray,1359.15,30,10,36697.05,3.8,51,Female,Combination,Ahmedabad,Retail Store,06-08-2023,0,August,3,Sunday,1,Mid-Range,Mature,1223.24,Average,0,0
PROD0473,Faces Canada,Eyeshadow,1295.5,35,25,34006.88,3.9,18,Female,Normal,Mumbai,Brand Store,27-02-2023,0,February,1,Monday,0,Mid-Range,Mature,971.63,Average,0,0
PROD0474,L'Oreal,Foundation,2636.32,34,5,85153.14,5,33,Female,Oily,Ahmedabad,Brand Store,09-11-2023,0,November,4,Thursday,0,Premium,Mature,2504.5,Excellent,1,0
PROD0475,Faces Canada,Foundation,2853.71,20,0,57074.2,4,37,Female,Normal,Mumbai,Retail Store,29-08-2023,0,August,3,Tuesday,0,Premium,Mature,2853.71,Good,1,0
PROD0476,NYX,Concealer,951.23,3,0,2853.69,4.2,54,Female,Sensitive,Hyderabad,Brand Store,19-11-2023,0,November,4,Sunday,1,Mid-Range,Mature,951.23,Good,1,0
PROD0477,NYX,Lipstick,2060.27,40,10,74169.72,2.6,47,Female,Sensitive,Delhi,Online,23-05-2023,0,May,2,Tuesday,0,Premium,Mature,1854.24,Poor,0,0
PROD0478,NYX,Blush,280.97,8,10,2022.98,4,53,Female,Normal,Bangalore,Brand Store,31-03-2023,0,March,1,Friday,0,Budget,Mature,252.87,Good,1,0
PROD0479,L'Oreal,Eyeliner,1218.92,3,0,3656.76,3.4,21,Male,Dry,Bangalore,Brand Store,31-07-2023,0,July,3,Monday,0,Mid-Range,Young Adult,1218.92,Average,0,0
PROD0480,L'Oreal,Eyeliner,394.41,47,5,17610.41,4.6,19,Female,Oily,Hyderabad,Online,24-07-2023,0,July,3,Monday,0,Budget,Mature,374.69,Excellent,1,0
PROD0481,MAC,Primer,1576.76,46,0,72530.96,3.5,32,Female,Normal,Bangalore,Brand Store,18-08-2023,0,August,3,Friday,0,Premium,Mature,1576.76,Average,0,0
PROD0482,Lakme,Primer,700.93,35,10,22079.29,4.1,43,Female,Combination,Hyderabad,Retail Store,20-02-2023,0,February,1,Monday,0,Mid-Range,Mature,630.84,Good,1,0
PROD0483,MAC,Eyeliner,1127.77,38,15,36426.97,4.4,49,Female,Dry,Pune,Brand Store,06-01-2023,0,January,1,Friday,0,Mid-Range,Mature,958.6,Good,1,0
PROD0484,Nykaa,Lipstick,423.8,7,0,2966.6,4.2,38,Female,Combination,Chennai,Brand Store,18-01-2023,0,January,1,Wednesday,0,Budget,Mature,423.8,Good,1,0
PROD0485,MAC,Setting Spray,1915.78,41,25,58910.24,2.8,23,Female,Dry,Delhi,Brand Store,28-11-2023,0,November,4,Tuesday,0,Premium,Young Adult,1436.84,Poor,0,0
PROD0486,L'Oreal,Foundation,1109.93,30,0,33297.9,4.2,20,Female,Normal,Ahmedabad,Retail Store,08-12-2023,0,December,4,Friday,0,Mid-Range,Mature,1109.93,Good,1,0
PROD0487,Maybelline,Mascara,698.39,4,20,2234.85,3.5,37,Female,Combination,Mumbai,Retail Store,05-02-2023,0,February,1,Sunday,1,Mid-Range,Mature,558.71,Average,0,0
PROD0488,Nykaa,Setting Spray,602.53,32,0,19280.96,2.8,50,Female,Sensitive,Kolkata,Online,15-08-2023,0,August,3,Tuesday,0,Mid-Range,Mature,602.53,Poor,0,0
PROD0489,Maybelline,Foundation,2127.87,17,0,36173.79,4.4,17,Non-binary,Oily,Ahmedabad,Online,07-12-2023,0,December,4,Thursday,0,Premium,Mature,2127.87,Good,1,0
PROD0490,Nykaa,Concealer,1693.64,33,0,55890.12,4.3,47,Male,Normal,Ahmedabad,Retail Store,05-02-2023,0,February,1,Sunday,1,Premium,Mature,1693.64,Good,1,0
PROD0491,Maybelline,Eyeliner,893.71,23,5,19527.56,3.3,35,Female,Oily,Kolkata,Online,24-06-2023,0,June,2,Saturday,1,Mid-Range,Mature,849.02,Average,0,0
PROD0492,MAC,Blush,646.57,3,5,1842.72,4.9,28,Male,Normal,Hyderabad,Brand Store,19-11-2023,0,November,4,Sunday,1,Mid-Range,Young Adult,614.24,Excellent,1,0
PROD0493,MAC,Eyeliner,295.06,13,5,3643.99,2.6,53,Female,Normal,Chennai,Retail Store,04-10-2023,0,October,4,Wednesday,0,Budget,Mature,280.31,Poor,0,0
PROD0494,Lakme,Eyeliner,150.9,4,20,482.88,3.3,18,Male,Dry,Kolkata,Online,08-12-2023,0,December,4,Friday,0,Budget,Mature,120.72,Average,0,0
PROD0495,L'Oreal,Primer,2697,15,10,36409.5,4.8,18,Female,Oily,Bangalore,Retail Store,13-11-2023,0,November,4,Monday,0,Premium,Mature,2427.3,Excellent,1,0
PROD0496,Lakme,Mascara,509.22,4,0,2036.88,4.8,22,Male,Dry,Ahmedabad,Brand Store,02-02-2023,0,February,1,Thursday,0,Mid-Range,Young Adult,509.22,Excellent,1,0
PROD0497,Colorbar,Eyeliner,1218.64,15,0,18279.6,2.7,28,Female,Normal,Kolkata,Retail Store,17-12-2023,0,December,4,Sunday,1,Mid-Range,Young Adult,1218.64,Poor,0,0
PROD0498,Lakme,Eyeshadow,2494.01,22,0,54868.22,2.7,33,Female,Dry,Bangalore,Retail Store,11-10-2023,0,October,4,Wednesday,0,Premium,Mature,2494.01,Poor,0,0
PROD0499,Lakme,Setting Spray,525.86,41,10,19404.23,4,26,Female,Oily,Mumbai,Retail Store,02-04-2023,1,April,2,Sunday,1,Mid-Range,Young Adult,473.27,Good,1,19404.23
PROD0500,NYX,Setting Spray,1006.99,50,0,50349.5,3.7,24,Female,Combination,Chennai,Online,30-07-2023,0,July,3,Sunday,1,Mid-Range,Young Adult,1006.99,Average,0,0
PROD0501,Colorbar,Lipstick,613.18,32,25,14716.32,4,21,Female,Normal,Hyderabad,Retail Store,01-05-2023,0,May,2,Monday,0,Mid-Range,Young Adult,459.88,Good,1,0
PROD0502,Colorbar,Foundation,1457.45,49,0,71415.05,5,48,Female,Dry,Chennai,Retail Store,10-04-2023,0,April,2,Monday,0,Mid-Range,Mature,1457.45,Excellent,1,0
PROD0503,Sugar,Eyeliner,346.03,43,20,11903.43,4.8,19,Female,Dry,Pune,Retail Store,21-06-2023,0,June,2,Wednesday,0,Budget,Mature,276.82,Excellent,1,0
PROD0504,Lakme,Eyeliner,245.29,4,10,883.04,4.8,27,Female,Normal,Bangalore,Online,06-02-2023,0,February,1,Monday,0,Budget,Young Adult,220.76,Excellent,1,0
PROD0505,Colorbar,Setting Spray,853.48,13,20,8876.19,4.4,36,Female,Combination,Chennai,Online,02-05-2023,0,May,2,Tuesday,0,Mid-Range,Mature,682.78,Good,1,0
PROD0506,MAC,Highlighter,497.6,38,5,17963.36,3.7,43,Female,Sensitive,Bangalore,Online,18-07-2023,0,July,3,Tuesday,0,Budget,Mature,472.72,Average,0,0
PROD0507,Revlon,Eyeshadow,3909.53,13,0,50823.89,3.3,18,Female,Dry,Mumbai,Retail Store,27-08-2023,0,August,3,Sunday,1,Premium,Mature,3909.53,Average,0,0
PROD0508,MAC,Concealer,2504.55,39,5,92793.58,2.9,55,Male,Sensitive,Bangalore,Brand Store,14-02-2023,0,February,1,Tuesday,0,Premium,Mature,2379.32,Poor,0,0
PROD0509,Colorbar,Eyeshadow,2051.38,30,10,55387.26,3.2,43,Female,Combination,Chennai,Online,24-04-2023,0,April,2,Monday,0,Premium,Mature,1846.24,Average,0,0
PROD0510,Colorbar,Mascara,1816.75,27,15,41694.41,5,18,Female,Sensitive,Ahmedabad,Brand Store,29-09-2023,0,September,3,Friday,0,Premium,Mature,1544.24,Excellent,1,0
PROD0511,Sugar,Foundation,1884.41,6,0,11306.46,3.9,16,Female,Dry,Kolkata,Online,03-05-2023,0,May,2,Wednesday,0,Premium,Mature,1884.41,Average,0,0
PROD0512,NYX,Eyeliner,325.69,30,15,8305.1,4.6,53,Female,Normal,Mumbai,Retail Store,27-12-2023,0,December,4,Wednesday,0,Budget,Mature,276.84,Excellent,1,0
PROD0513,Sugar,Concealer,2029.85,1,0,2029.85,4.7,20,Female,Combination,Kolkata,Brand Store,01-06-2023,0,June,2,Thursday,0,Premium,Mature,2029.85,Excellent,1,0
PROD0514,Faces Canada,Setting Spray,1277.47,14,0,17884.58,4.5,21,Female,Oily,Pune,Brand Store,12-12-2023,0,December,4,Tuesday,0,Mid-Range,Young Adult,1277.47,Excellent,1,0
PROD0515,Revlon,Highlighter,1555.92,3,0,4667.76,3.4,27,Female,Dry,Delhi,Brand Store,21-06-2023,0,June,2,Wednesday,0,Premium,Young Adult,1555.92,Average,0,0
PROD0516,Colorbar,Eyeliner,1319.46,45,0,59375.7,3,30,Female,Combination,Pune,Retail Store,05-08-2023,0,August,3,Saturday,1,Mid-Range,Young Adult,1319.46,Average,0,0
PROD0517,Sugar,Concealer,1463.68,34,15,42300.35,4.6,46,Female,Sensitive,Hyderabad,Retail Store,11-12-2023,1,December,4,Monday,0,Mid-Range,Mature,1244.13,Excellent,1,42300.35
PROD0518,MAC,Foundation,3153.98,30,0,94619.4,2.7,41,Female,Oily,Bangalore,Retail Store,22-05-2023,0,May,2,Monday,0,Premium,Mature,3153.98,Poor,0,0
PROD0519,MAC,Mascara,1136.76,41,0,46607.16,2.6,42,Female,Combination,Bangalore,Retail Store,27-11-2023,0,November,4,Monday,0,Mid-Range,Mature,1136.76,Poor,0,0
PROD0520,MAC,Lipstick,2120.21,34,15,61274.07,4.1,42,Female,Combination,Pune,Brand Store,07-12-2023,0,December,4,Thursday,0,Premium,Mature,1802.18,Good,1,0
PROD0521,Sugar,Eyeliner,525.02,9,0,4725.18,4.7,35,Female,Dry,Bangalore,Retail Store,28-05-2023,0,May,2,Sunday,1,Mid-Range,Mature,525.02,Excellent,1,0
PROD0522,NYX,Concealer,1384.86,11,15,12948.44,4,26,Male,Dry,Hyderabad,Online,21-12-2023,1,December,4,Thursday,0,Mid-Range,Young Adult,1177.13,Good,1,12948.44
PROD0523,MAC,Mascara,409.57,21,0,8600.97,3.9,44,Female,Dry,Hyderabad,Retail Store,29-12-2023,0,December,4,Friday,0,Budget,Mature,409.57,Average,0,0
PROD0524,L'Oreal,Concealer,1168.95,35,20,32730.6,4.9,50,Female,Oily,Hyderabad,Online,13-09-2023,0,September,3,Wednesday,0,Mid-Range,Mature,935.16,Excellent,1,0
PROD0525,L'Oreal,Concealer,210.17,48,15,8574.94,3.9,48,Female,Combination,Pune,Brand Store,29-05-2023,1,May,2,Monday,0,Budget,Mature,178.64,Average,0,8574.94
PROD0526,L'Oreal,Setting Spray,1659.08,47,10,70179.08,4.8,44,Female,Oily,Pune,Brand Store,21-01-2023,0,January,1,Saturday,1,Premium,Mature,1493.17,Excellent,1,0
PROD0527,Lakme,Blush,1153.07,15,15,14701.64,3.6,21,Female,Sensitive,Pune,Online,26-10-2023,0,October,4,Thursday,0,Mid-Range,Young Adult,980.11,Average,0,0
PROD0528,MAC,Blush,299.76,35,0,10491.6,4.6,21,Female,Normal,Kolkata,Online,06-11-2023,0,November,4,Monday,0,Budget,Young Adult,299.76,Excellent,1,0
PROD0529,Nykaa,Concealer,583.81,28,0,16346.68,3.4,39,Female,Combination,Mumbai,Retail Store,17-08-2023,0,August,3,Thursday,0,Mid-Range,Mature,583.81,Average,0,0
PROD0530,Nykaa,Eyeliner,1224.96,19,5,22110.53,2.9,43,Female,Sensitive,Kolkata,Online,15-03-2023,0,March,1,Wednesday,0,Mid-Range,Mature,1163.71,Poor,0,0
PROD0531,Revlon,Primer,604.03,38,10,20657.83,4.4,21,Female,Combination,Mumbai,Retail Store,12-10-2023,0,October,4,Thursday,0,Mid-Range,Young Adult,543.63,Good,1,0
PROD0532,MAC,Mascara,534,25,0,13350,3.2,47,Female,Sensitive,Mumbai,Retail Store,14-10-2023,0,October,4,Saturday,1,Mid-Range,Mature,534,Average,0,0
PROD0533,L'Oreal,Lipstick,803.42,41,10,29646.2,4.6,46,Female,Combination,Delhi,Brand Store,09-09-2023,1,September,3,Saturday,1,Mid-Range,Mature,723.08,Excellent,1,29646.2
PROD0534,Maybelline,Lipstick,1958.62,32,5,59542.05,5,20,Female,Normal,Pune,Brand Store,13-05-2023,0,May,2,Saturday,1,Premium,Mature,1860.69,Excellent,1,0
PROD0535,Revlon,Foundation,1939.6,37,0,71765.2,2.5,32,Female,Oily,Bangalore,Brand Store,25-08-2023,0,August,3,Friday,0,Premium,Mature,1939.6,Poor,0,0
PROD0536,Lakme,Mascara,690.08,27,15,15837.34,4.1,38,Female,Combination,Mumbai,Retail Store,09-02-2023,0,February,1,Thursday,0,Mid-Range,Mature,586.57,Good,1,0
PROD0537,Maybelline,Mascara,1277.37,11,0,14051.07,3.9,36,Female,Combination,Hyderabad,Retail Store,24-10-2023,0,October,4,Tuesday,0,Mid-Range,Mature,1277.37,Average,0,0
PROD0538,Faces Canada,Mascara,705.83,50,15,29997.77,3.7,37,Female,Dry,Bangalore,Online,24-04-2023,0,April,2,Monday,0,Mid-Range,Mature,599.96,Average,0,0
PROD0539,Colorbar,Primer,2537.61,34,20,69022.99,4.6,51,Male,Normal,Delhi,Retail Store,01-03-2023,0,March,1,Wednesday,0,Premium,Mature,2030.09,Excellent,1,0
PROD0540,Revlon,Eyeliner,535.51,24,20,10281.79,2.8,44,Female,Combination,Pune,Online,02-03-2023,0,March,1,Thursday,0,Mid-Range,Mature,428.41,Poor,0,0
PROD0541,MAC,Mascara,752.68,14,0,10537.52,2.8,21,Female,Oily,Kolkata,Brand Store,05-09-2023,0,September,3,Tuesday,0,Mid-Range,Young Adult,752.68,Poor,0,0
PROD0542,Lakme,Foundation,2837.57,33,0,93639.81,4,46,Female,Oily,Delhi,Retail Store,08-12-2023,0,December,4,Friday,0,Premium,Mature,2837.57,Good,1,0
PROD0543,Colorbar,Foundation,956.49,13,0,12434.37,3,38,Male,Dry,Mumbai,Online,23-05-2023,1,May,2,Tuesday,0,Mid-Range,Mature,956.49,Average,0,12434.37
PROD0544,Faces Canada,Mascara,1605.22,40,0,64208.8,3.1,52,Female,Sensitive,Delhi,Online,28-09-2023,0,September,3,Thursday,0,Premium,Mature,1605.22,Average,0,0
PROD0545,L'Oreal,Blush,2278.64,35,10,71777.16,2.5,22,Female,Normal,Chennai,Brand Store,29-10-2023,0,October,4,Sunday,1,Premium,Young Adult,2050.78,Poor,0,0
PROD0546,L'Oreal,Foundation,2971.01,25,0,74275.25,3.6,48,Female,Oily,Chennai,Retail Store,10-06-2023,0,June,2,Saturday,1,Premium,Mature,2971.01,Average,0,0
PROD0547,Sugar,Mascara,1571.85,46,10,65074.59,3.2,18,Female,Normal,Delhi,Retail Store,26-05-2023,0,May,2,Friday,0,Premium,Mature,1414.66,Average,0,0
PROD0548,MAC,Eyeliner,875.04,19,25,12469.32,5,43,Non-binary,Normal,Chennai,Online,08-07-2023,0,July,3,Saturday,1,Mid-Range,Mature,656.28,Excellent,1,0
PROD0549,Maybelline,Eyeliner,654.31,34,10,20021.89,4.1,21,Female,Normal,Delhi,Online,30-10-2023,1,October,4,Monday,0,Mid-Range,Young Adult,588.88,Good,1,20021.89
PROD0550,Maybelline,Mascara,854.04,13,10,9992.27,3.3,54,Male,Dry,Kolkata,Online,13-09-2023,0,September,3,Wednesday,0,Mid-Range,Mature,768.64,Average,0,0
PROD0551,Colorbar,Setting Spray,763.33,42,0,32059.86,4.9,38,Non-binary,Sensitive,Ahmedabad,Brand Store,06-09-2023,0,September,3,Wednesday,0,Mid-Range,Mature,763.33,Excellent,1,0
PROD0552,Maybelline,Eyeliner,270.19,32,25,6484.56,3.7,24,Male,Oily,Mumbai,Online,13-09-2023,0,September,3,Wednesday,0,Budget,Young Adult,202.64,Average,0,0
PROD0553,Colorbar,Highlighter,2133.53,10,10,19201.77,3.3,55,Female,Sensitive,Delhi,Online,27-08-2023,0,August,3,Sunday,1,Premium,Mature,1920.18,Average,0,0
PROD0554,Faces Canada,Eyeliner,465.59,22,0,10242.98,4.5,50,Male,Normal,Mumbai,Online,02-03-2023,0,March,1,Thursday,0,Budget,Mature,465.59,Excellent,1,0
PROD0555,Sugar,Highlighter,1540.53,3,0,4621.59,2.9,35,Female,Normal,Bangalore,Retail Store,19-07-2023,0,July,3,Wednesday,0,Premium,Mature,1540.53,Poor,0,0
PROD0556,Faces Canada,Eyeliner,1059.21,37,0,39190.77,3.7,51,Female,Oily,Bangalore,Brand Store,11-09-2023,0,September,3,Monday,0,Mid-Range,Mature,1059.21,Average,0,0
PROD0557,NYX,Concealer,1032.58,2,0,2065.16,4,24,Female,Sensitive,Pune,Retail Store,17-11-2023,0,November,4,Friday,0,Mid-Range,Young Adult,1032.58,Good,1,0
PROD0558,Revlon,Concealer,1270.43,4,0,5081.72,4.2,31,Female,Combination,Chennai,Brand Store,19-12-2023,0,December,4,Tuesday,0,Mid-Range,Mature,1270.43,Good,1,0
PROD0559,L'Oreal,Concealer,250.27,21,0,5255.67,2.6,43,Female,Oily,Kolkata,Retail Store,29-10-2023,0,October,4,Sunday,1,Budget,Mature,250.27,Poor,0,0
PROD0560,Nykaa,Setting Spray,847.44,7,10,5338.87,4.5,22,Female,Normal,Chennai,Retail Store,08-12-2023,0,December,4,Friday,0,Mid-Range,Young Adult,762.7,Excellent,1,0
PROD0561,Nykaa,Concealer,723.77,41,0,29674.57,4.6,20,Female,Combination,Chennai,Retail Store,21-10-2023,0,October,4,Saturday,1,Mid-Range,Mature,723.77,Excellent,1,0
PROD0562,Colorbar,Foundation,602.24,22,0,13249.28,3.2,52,Female,Dry,Ahmedabad,Retail Store,09-02-2023,0,February,1,Thursday,0,Mid-Range,Mature,602.24,Average,0,0
PROD0563,Nykaa,Blush,1742.44,21,0,36591.24,3,41,Female,Sensitive,Hyderabad,Brand Store,08-10-2023,0,October,4,Sunday,1,Premium,Mature,1742.44,Average,0,0
PROD0564,L'Oreal,Primer,2187.79,14,10,27566.15,4.2,45,Male,Sensitive,Hyderabad,Brand Store,11-08-2023,1,August,3,Friday,0,Premium,Mature,1969.01,Good,1,27566.15
PROD0565,Faces Canada,Lipstick,660.69,30,15,16847.6,2.9,25,Female,Normal,Hyderabad,Retail Store,02-02-2023,0,February,1,Thursday,0,Mid-Range,Young Adult,561.59,Poor,0,0
PROD0566,NYX,Blush,1703.24,17,15,24611.82,4.2,31,Female,Oily,Kolkata,Online,15-01-2023,0,January,1,Sunday,1,Premium,Mature,1447.75,Good,1,0
PROD0567,Sugar,Eyeliner,883.31,28,0,24732.68,3.6,18,Female,Combination,Chennai,Online,13-05-2023,0,May,2,Saturday,1,Mid-Range,Mature,883.31,Average,0,0
PROD0568,L'Oreal,Primer,2396.96,3,20,5752.7,4.9,47,Female,Oily,Mumbai,Online,02-06-2023,0,June,2,Friday,0,Premium,Mature,1917.57,Excellent,1,0
PROD0569,Revlon,Highlighter,2113.19,6,15,10777.27,3.5,24,Female,Sensitive,Chennai,Online,03-03-2023,0,March,1,Friday,0,Premium,Young Adult,1796.21,Average,0,0
PROD0570,NYX,Primer,1938.49,6,0,11630.94,3.1,23,Female,Sensitive,Pune,Retail Store,01-05-2023,1,May,2,Monday,0,Premium,Young Adult,1938.49,Average,0,11630.94
PROD0571,L'Oreal,Foundation,984.36,18,5,16832.56,3.6,32,Female,Sensitive,Mumbai,Retail Store,27-02-2023,0,February,1,Monday,0,Mid-Range,Mature,935.14,Average,0,0
PROD0572,NYX,Eyeshadow,3553.78,10,0,35537.8,3.4,39,Female,Sensitive,Hyderabad,Online,06-12-2023,0,December,4,Wednesday,0,Premium,Mature,3553.78,Average,0,0
PROD0573,NYX,Eyeshadow,2344.65,20,25,35169.75,4.1,39,Male,Dry,Delhi,Brand Store,18-07-2023,0,July,3,Tuesday,0,Premium,Mature,1758.49,Good,1,0
PROD0574,NYX,Blush,452.15,49,0,22155.35,3.1,29,Male,Combination,Bangalore,Retail Store,26-11-2023,0,November,4,Sunday,1,Budget,Young Adult,452.15,Average,0,0
PROD0575,Sugar,Foundation,1806.96,27,5,46348.52,4.8,37,Female,Dry,Kolkata,Online,17-09-2023,0,September,3,Sunday,1,Premium,Mature,1716.61,Excellent,1,0
PROD0576,Revlon,Primer,1804.56,2,0,3609.12,4.4,27,Female,Dry,Ahmedabad,Brand Store,13-04-2023,0,April,2,Thursday,0,Premium,Young Adult,1804.56,Good,1,0
PROD0577,Maybelline,Foundation,804.19,34,10,24608.21,4.3,24,Female,Normal,Kolkata,Retail Store,10-03-2023,0,March,1,Friday,0,Mid-Range,Young Adult,723.77,Good,1,0
PROD0578,NYX,Concealer,715.72,27,10,17392,3.4,41,Female,Dry,Kolkata,Brand Store,12-01-2023,1,January,1,Thursday,0,Mid-Range,Mature,644.15,Average,0,17392
PROD0579,Maybelline,Eyeshadow,3904.25,13,25,38066.44,3.2,26,Female,Sensitive,Mumbai,Retail Store,14-05-2023,0,May,2,Sunday,1,Premium,Young Adult,2928.19,Average,0,0
PROD0580,Colorbar,Mascara,410.35,46,15,16044.69,3.8,45,Female,Dry,Ahmedabad,Online,08-04-2023,1,April,2,Saturday,1,Budget,Mature,348.8,Average,0,16044.69
PROD0581,NYX,Blush,1929.24,25,0,48231,2.8,29,Female,Dry,Chennai,Retail Store,29-07-2023,0,July,3,Saturday,1,Premium,Young Adult,1929.24,Poor,0,0
PROD0582,MAC,Blush,1639.4,16,0,26230.4,3.4,45,Female,Normal,Delhi,Online,15-06-2023,1,June,2,Thursday,0,Premium,Mature,1639.4,Average,0,26230.4
PROD0583,Nykaa,Eyeshadow,2920.99,48,0,140207.52,4,20,Female,Oily,Delhi,Brand Store,01-05-2023,0,May,2,Monday,0,Premium,Mature,2920.99,Good,1,0
PROD0584,Colorbar,Setting Spray,1505.97,3,10,4066.12,2.5,48,Female,Normal,Kolkata,Retail Store,09-03-2023,1,March,1,Thursday,0,Premium,Mature,1355.37,Poor,0,4066.12
PROD0585,L'Oreal,Setting Spray,741.76,33,0,24478.08,3.7,37,Female,Oily,Ahmedabad,Online,29-09-2023,0,September,3,Friday,0,Mid-Range,Mature,741.76,Average,0,0
PROD0586,Lakme,Concealer,2744.12,32,15,74640.06,4.7,33,Male,Combination,Pune,Retail Store,15-05-2023,0,May,2,Monday,0,Premium,Mature,2332.5,Excellent,1,0
PROD0587,Faces Canada,Blush,953.59,11,0,10489.49,3.3,47,Female,Normal,Bangalore,Brand Store,18-03-2023,0,March,1,Saturday,1,Mid-Range,Mature,953.59,Average,0,0
PROD0588,NYX,Eyeliner,328.14,30,5,9351.99,3.6,47,Non-binary,Combination,Mumbai,Retail Store,15-10-2023,0,October,4,Sunday,1,Budget,Mature,311.73,Average,0,0
PROD0589,Maybelline,Mascara,828.64,14,10,10440.86,4.7,27,Male,Sensitive,Bangalore,Brand Store,16-10-2023,0,October,4,Monday,0,Mid-Range,Young Adult,745.78,Excellent,1,0
PROD0590,Lakme,Setting Spray,1193.75,37,25,33126.56,3,20,Male,Oily,Chennai,Retail Store,14-01-2023,0,January,1,Saturday,1,Mid-Range,Mature,895.31,Average,0,0
PROD0591,Nykaa,Foundation,1494.76,7,10,9416.99,4.6,25,Male,Normal,Mumbai,Online,04-12-2023,0,December,4,Monday,0,Mid-Range,Young Adult,1345.28,Excellent,1,0
PROD0592,Colorbar,Blush,1730.17,22,0,38063.74,4.9,55,Female,Sensitive,Ahmedabad,Retail Store,25-01-2023,0,January,1,Wednesday,0,Premium,Mature,1730.17,Excellent,1,0
PROD0593,Maybelline,Lipstick,1458.01,39,20,45489.91,3.5,41,Non-binary,Dry,Hyderabad,Online,24-07-2023,0,July,3,Monday,0,Mid-Range,Mature,1166.41,Average,0,0
PROD0594,Nykaa,Mascara,1602.87,19,10,27409.08,4.1,25,Male,Normal,Delhi,Retail Store,08-06-2023,1,June,2,Thursday,0,Premium,Young Adult,1442.58,Good,1,27409.08
PROD0595,Maybelline,Concealer,2363.17,33,5,74085.38,3,44,Female,Combination,Kolkata,Retail Store,05-08-2023,0,August,3,Saturday,1,Premium,Mature,2245.01,Average,0,0
PROD0596,Colorbar,Concealer,683.71,41,5,26630.5,3.6,18,Female,Dry,Pune,Retail Store,21-03-2023,1,March,1,Tuesday,0,Mid-Range,Mature,649.52,Average,0,26630.5
PROD0597,Maybelline,Primer,1300.47,28,5,34592.5,2.7,46,Female,Dry,Hyderabad,Online,03-06-2023,0,June,2,Saturday,1,Mid-Range,Mature,1235.45,Poor,0,0
PROD0598,Colorbar,Blush,356.44,5,10,1603.98,4.8,48,Female,Normal,Delhi,Brand Store,26-08-2023,0,August,3,Saturday,1,Budget,Mature,320.8,Excellent,1,0
PROD0599,Revlon,Blush,822.69,6,0,4936.14,4.4,17,Female,Normal,Delhi,Brand Store,04-04-2023,0,April,2,Tuesday,0,Mid-Range,Mature,822.69,Good,1,0
PROD0600,NYX,Highlighter,1146.97,47,10,48516.83,3.6,44,Female,Dry,Hyderabad,Retail Store,10-02-2023,0,February,1,Friday,0,Mid-Range,Mature,1032.27,Average,0,0
PROD0601,Nykaa,Foundation,2009.54,1,25,1507.15,3.5,16,Female,Normal,Bangalore,Brand Store,27-07-2023,0,July,3,Thursday,0,Premium,Mature,1507.15,Average,0,0
PROD0602,Sugar,Setting Spray,814.06,40,0,32562.4,3.4,41,Female,Dry,Hyderabad,Online,08-04-2023,0,April,2,Saturday,1,Mid-Range,Mature,814.06,Average,0,0
PROD0603,Lakme,Eyeshadow,1073.36,42,0,45081.12,2.9,31,Female,Sensitive,Kolkata,Brand Store,04-06-2023,0,June,2,Sunday,1,Mid-Range,Mature,1073.36,Poor,0,0
PROD0604,Lakme,Highlighter,613.56,10,0,6135.6,4.3,44,Male,Oily,Ahmedabad,Retail Store,27-10-2023,0,October,4,Friday,0,Mid-Range,Mature,613.56,Good,1,0
PROD0605,Lakme,Highlighter,1200.73,7,0,8405.11,4.1,43,Female,Sensitive,Kolkata,Retail Store,11-10-2023,1,October,4,Wednesday,0,Mid-Range,Mature,1200.73,Good,1,8405.11
PROD0606,Sugar,Highlighter,1685.57,47,10,71299.61,4,47,Female,Oily,Chennai,Brand Store,05-08-2023,0,August,3,Saturday,1,Premium,Mature,1517.01,Good,1,0
PROD0607,Nykaa,Blush,2250.46,8,5,17103.5,3.7,38,Female,Normal,Ahmedabad,Brand Store,28-05-2023,0,May,2,Sunday,1,Premium,Mature,2137.94,Average,0,0
PROD0608,MAC,Eyeliner,810.2,38,15,26169.46,4.8,37,Female,Combination,Ahmedabad,Online,19-07-2023,1,July,3,Wednesday,0,Mid-Range,Mature,688.67,Excellent,1,26169.46
PROD0609,Sugar,Concealer,2279.16,11,5,23817.22,4.1,34,Female,Normal,Delhi,Brand Store,13-04-2023,0,April,2,Thursday,0,Premium,Mature,2165.2,Good,1,0
PROD0610,Sugar,Highlighter,1119.16,14,20,12534.59,3.9,17,Female,Combination,Pune,Retail Store,31-03-2023,0,March,1,Friday,0,Mid-Range,Mature,895.33,Average,0,0
PROD0611,Maybelline,Lipstick,976.13,8,15,6637.68,4,23,Non-binary,Combination,Chennai,Retail Store,01-07-2023,0,July,3,Saturday,1,Mid-Range,Young Adult,829.71,Good,1,0
PROD0612,NYX,Primer,3178.48,45,25,107273.7,4.7,54,Non-binary,Oily,Delhi,Brand Store,13-08-2023,0,August,3,Sunday,1,Premium,Mature,2383.86,Excellent,1,0
PROD0613,Maybelline,Foundation,2801.07,40,20,89634.24,4.5,22,Female,Oily,Mumbai,Brand Store,02-03-2023,0,March,1,Thursday,0,Premium,Young Adult,2240.86,Excellent,1,0
PROD0614,NYX,Mascara,1474.4,49,0,72245.6,3.8,22,Female,Combination,Bangalore,Brand Store,12-03-2023,0,March,1,Sunday,1,Mid-Range,Young Adult,1474.4,Average,0,0
PROD0615,Lakme,Highlighter,961.6,31,10,26828.64,3.4,48,Female,Combination,Bangalore,Online,01-08-2023,0,August,3,Tuesday,0,Mid-Range,Mature,865.44,Average,0,0
PROD0616,Faces Canada,Mascara,958.52,15,0,14377.8,2.8,43,Non-binary,Normal,Kolkata,Retail Store,22-09-2023,0,September,3,Friday,0,Mid-Range,Mature,958.52,Poor,0,0
PROD0617,Sugar,Lipstick,533.99,1,0,533.99,4.3,49,Female,Combination,Delhi,Online,26-03-2023,0,March,1,Sunday,1,Mid-Range,Mature,533.99,Good,1,0
PROD0618,L'Oreal,Lipstick,2275.68,4,0,9102.72,4.9,49,Male,Normal,Hyderabad,Retail Store,25-12-2023,0,December,4,Monday,0,Premium,Mature,2275.68,Excellent,1,0
PROD0619,Revlon,Concealer,219.55,18,10,3556.71,4.8,55,Female,Normal,Bangalore,Brand Store,16-04-2023,0,April,2,Sunday,1,Budget,Mature,197.6,Excellent,1,0
PROD0620,Sugar,Setting Spray,1485.4,42,10,56148.12,3.5,28,Female,Oily,Hyderabad,Online,19-07-2023,0,July,3,Wednesday,0,Mid-Range,Young Adult,1336.86,Average,0,0
PROD0621,Faces Canada,Mascara,1985.46,19,20,30178.99,3,48,Female,Combination,Hyderabad,Brand Store,23-03-2023,0,March,1,Thursday,0,Premium,Mature,1588.37,Average,0,0
PROD0622,Colorbar,Primer,1201.2,50,0,60060,3.3,43,Male,Oily,Delhi,Brand Store,13-05-2023,0,May,2,Saturday,1,Mid-Range,Mature,1201.2,Average,0,0
PROD0623,Maybelline,Lipstick,1231.54,37,15,38731.93,4.3,45,Female,Sensitive,Pune,Online,18-11-2023,0,November,4,Saturday,1,Mid-Range,Mature,1046.81,Good,1,0
PROD0624,Revlon,Eyeshadow,1406.35,43,5,57449.4,4.5,52,Female,Normal,Bangalore,Brand Store,07-05-2023,0,May,2,Sunday,1,Mid-Range,Mature,1336.03,Excellent,1,0
PROD0625,Revlon,Eyeshadow,1980.4,10,5,18813.8,4.3,42,Female,Oily,Delhi,Online,08-03-2023,0,March,1,Wednesday,0,Premium,Mature,1881.38,Good,1,0
PROD0626,Faces Canada,Concealer,1246.56,36,20,35900.93,3.8,41,Female,Normal,Hyderabad,Brand Store,14-08-2023,0,August,3,Monday,0,Mid-Range,Mature,997.25,Average,0,0
PROD0627,L'Oreal,Highlighter,688.88,9,5,5889.92,3.7,45,Male,Sensitive,Bangalore,Brand Store,02-03-2023,0,March,1,Thursday,0,Mid-Range,Mature,654.44,Average,0,0
PROD0628,L'Oreal,Lipstick,2371.3,24,0,56911.2,4.8,23,Female,Oily,Kolkata,Online,29-05-2023,0,May,2,Monday,0,Premium,Young Adult,2371.3,Excellent,1,0
PROD0629,NYX,Concealer,2776.64,20,0,55532.8,3.2,17,Female,Sensitive,Bangalore,Online,06-06-2023,0,June,2,Tuesday,0,Premium,Mature,2776.64,Average,0,0
PROD0630,Lakme,Eyeliner,270.38,23,15,5285.93,2.7,18,Female,Sensitive,Kolkata,Retail Store,20-08-2023,1,August,3,Sunday,1,Budget,Mature,229.82,Poor,0,5285.93
PROD0631,Colorbar,Eyeliner,285.07,9,10,2309.07,3.8,45,Female,Normal,Ahmedabad,Brand Store,16-06-2023,0,June,2,Friday,0,Budget,Mature,256.56,Average,0,0
PROD0632,Nykaa,Setting Spray,957.69,26,10,22409.95,3.3,18,Female,Combination,Ahmedabad,Brand Store,26-03-2023,0,March,1,Sunday,1,Mid-Range,Mature,861.92,Average,0,0
PROD0633,Faces Canada,Blush,1701.25,42,0,71452.5,3.9,28,Female,Sensitive,Mumbai,Brand Store,01-09-2023,0,September,3,Friday,0,Premium,Young Adult,1701.25,Average,0,0
PROD0634,L'Oreal,Primer,3383.33,18,5,57854.94,4.5,31,Female,Sensitive,Ahmedabad,Online,25-07-2023,0,July,3,Tuesday,0,Premium,Mature,3214.16,Excellent,1,0
PROD0635,Revlon,Lipstick,1204.58,27,0,32523.66,2.6,49,Female,Combination,Pune,Retail Store,20-02-2023,0,February,1,Monday,0,Mid-Range,Mature,1204.58,Poor,0,0
PROD0636,NYX,Mascara,1582.72,10,0,15827.2,3.3,42,Non-binary,Sensitive,Bangalore,Online,03-04-2023,0,April,2,Monday,0,Premium,Mature,1582.72,Average,0,0
PROD0637,Maybelline,Highlighter,1163.43,27,5,29841.98,4.7,32,Female,Oily,Kolkata,Online,02-11-2023,0,November,4,Thursday,0,Mid-Range,Mature,1105.26,Excellent,1,0
PROD0638,Nykaa,Primer,3342.96,18,20,48138.62,2.7,45,Female,Normal,Kolkata,Online,21-11-2023,0,November,4,Tuesday,0,Premium,Mature,2674.37,Poor,0,0
PROD0639,Faces Canada,Blush,2417.78,44,5,101063.2,2.8,51,Female,Sensitive,Bangalore,Retail Store,12-02-2023,0,February,1,Sunday,1,Premium,Mature,2296.89,Poor,0,0
PROD0640,Revlon,Mascara,1172.33,11,10,11606.07,4.5,50,Female,Normal,Kolkata,Brand Store,26-08-2023,1,August,3,Saturday,1,Mid-Range,Mature,1055.1,Excellent,1,11606.07
PROD0641,Lakme,Mascara,307.38,31,0,9528.78,3.2,32,Female,Dry,Kolkata,Retail Store,19-09-2023,0,September,3,Tuesday,0,Budget,Mature,307.38,Average,0,0
PROD0642,Colorbar,Primer,615.87,6,5,3510.46,3.5,23,Non-binary,Sensitive,Bangalore,Brand Store,10-08-2023,0,August,3,Thursday,0,Mid-Range,Young Adult,585.08,Average,0,0
PROD0643,Revlon,Concealer,1851.08,49,0,90702.92,4.3,33,Female,Combination,Chennai,Brand Store,24-08-2023,1,August,3,Thursday,0,Premium,Mature,1851.08,Good,1,90702.92
PROD0644,Lakme,Mascara,1295.42,1,20,1036.34,4.8,27,Female,Normal,Kolkata,Brand Store,03-10-2023,0,October,4,Tuesday,0,Mid-Range,Young Adult,1036.34,Excellent,1,0
PROD0645,Faces Canada,Foundation,398.06,43,15,14549.09,3.6,23,Female,Sensitive,Pune,Retail Store,01-04-2023,0,April,2,Saturday,1,Budget,Young Adult,338.35,Average,0,0
PROD0646,Maybelline,Lipstick,1263.66,13,15,13963.44,3.6,30,Female,Combination,Mumbai,Retail Store,11-11-2023,0,November,4,Saturday,1,Mid-Range,Young Adult,1074.11,Average,0,0
PROD0647,MAC,Eyeshadow,3926.42,24,20,75387.26,2.6,47,Non-binary,Dry,Chennai,Online,23-11-2023,0,November,4,Thursday,0,Premium,Mature,3141.14,Poor,0,0
PROD0648,Faces Canada,Setting Spray,1139.31,36,20,32812.13,3,52,Female,Sensitive,Bangalore,Online,03-02-2023,0,February,1,Friday,0,Mid-Range,Mature,911.45,Average,0,0
PROD0649,Faces Canada,Eyeshadow,2996.65,18,10,48545.73,3,17,Male,Sensitive,Hyderabad,Brand Store,02-01-2023,1,January,1,Monday,0,Premium,Mature,2696.98,Average,0,48545.73
PROD0650,Revlon,Lipstick,1194.29,27,0,32245.83,3.2,49,Female,Combination,Ahmedabad,Retail Store,23-01-2023,0,January,1,Monday,0,Mid-Range,Mature,1194.29,Average,0,0
PROD0651,Nykaa,Blush,1447.46,21,5,28876.83,2.5,28,Male,Sensitive,Pune,Online,26-04-2023,1,April,2,Wednesday,0,Mid-Range,Young Adult,1375.09,Poor,0,28876.83
PROD0652,MAC,Foundation,929.2,22,20,16353.92,3.3,22,Male,Normal,Mumbai,Retail Store,31-10-2023,0,October,4,Tuesday,0,Mid-Range,Young Adult,743.36,Average,0,0
PROD0653,MAC,Blush,491.75,16,15,6687.8,4.9,19,Non-binary,Dry,Pune,Brand Store,04-11-2023,0,November,4,Saturday,1,Budget,Mature,417.99,Excellent,1,0
PROD0654,Colorbar,Eyeliner,273.88,4,5,1040.74,4.8,40,Female,Oily,Pune,Brand Store,01-02-2023,1,February,1,Wednesday,0,Budget,Mature,260.18,Excellent,1,1040.74
PROD0655,Colorbar,Blush,1658.54,5,0,8292.7,2.8,19,Female,Normal,Mumbai,Retail Store,13-11-2023,0,November,4,Monday,0,Premium,Mature,1658.54,Poor,0,0
PROD0656,Colorbar,Setting Spray,317.04,25,0,7926,3.7,43,Female,Oily,Delhi,Retail Store,18-06-2023,0,June,2,Sunday,1,Budget,Mature,317.04,Average,0,0
PROD0657,Colorbar,Lipstick,1840.3,38,10,62938.26,4.5,28,Female,Sensitive,Bangalore,Brand Store,04-08-2023,0,August,3,Friday,0,Premium,Young Adult,1656.27,Excellent,1,0
PROD0658,MAC,Mascara,446.95,3,0,1340.85,2.7,35,Female,Combination,Kolkata,Brand Store,05-10-2023,0,October,4,Thursday,0,Budget,Mature,446.95,Poor,0,0
PROD0659,Colorbar,Blush,1020.87,24,5,23275.84,4.9,49,Female,Dry,Bangalore,Online,14-10-2023,0,October,4,Saturday,1,Mid-Range,Mature,969.83,Excellent,1,0
PROD0660,MAC,Eyeshadow,2669.69,13,0,34705.97,4.5,37,Female,Normal,Chennai,Brand Store,28-08-2023,0,August,3,Monday,0,Premium,Mature,2669.69,Excellent,1,0
PROD0661,Colorbar,Setting Spray,1937.17,40,20,61989.44,3.2,37,Male,Normal,Bangalore,Online,22-01-2023,0,January,1,Sunday,1,Premium,Mature,1549.74,Average,0,0
PROD0662,MAC,Eyeshadow,2025.65,14,0,28359.1,3.1,37,Female,Normal,Kolkata,Online,04-01-2023,0,January,1,Wednesday,0,Premium,Mature,2025.65,Average,0,0
PROD0663,Faces Canada,Lipstick,464.05,19,20,7053.56,3.6,53,Female,Oily,Pune,Online,26-05-2023,0,May,2,Friday,0,Budget,Mature,371.24,Average,0,0
PROD0664,Revlon,Mascara,1725.41,16,10,24845.9,2.9,17,Female,Oily,Bangalore,Retail Store,13-12-2023,0,December,4,Wednesday,0,Premium,Mature,1552.87,Poor,0,0
PROD0665,Revlon,Foundation,3295.5,20,20,52728,3.6,39,Non-binary,Dry,Pune,Brand Store,16-11-2023,0,November,4,Thursday,0,Premium,Mature,2636.4,Average,0,0
PROD0666,Maybelline,Foundation,761.33,9,0,6851.97,4.5,28,Female,Combination,Kolkata,Brand Store,08-08-2023,1,August,3,Tuesday,0,Mid-Range,Young Adult,761.33,Excellent,1,6851.97
PROD0667,Colorbar,Lipstick,1550.44,35,20,43412.32,3.2,25,Female,Oily,Pune,Online,24-05-2023,0,May,2,Wednesday,0,Premium,Young Adult,1240.35,Average,0,0
PROD0668,Sugar,Setting Spray,654.91,6,0,3929.46,4.5,55,Female,Sensitive,Delhi,Online,27-11-2023,0,November,4,Monday,0,Mid-Range,Mature,654.91,Excellent,1,0
PROD0669,Sugar,Primer,954.07,46,10,39498.5,3.4,46,Female,Combination,Ahmedabad,Retail Store,23-11-2023,1,November,4,Thursday,0,Mid-Range,Mature,858.66,Average,0,39498.5
PROD0670,MAC,Lipstick,704.13,13,20,7322.95,3.6,31,Female,Combination,Kolkata,Online,13-07-2023,0,July,3,Thursday,0,Mid-Range,Mature,563.3,Average,0,0
PROD0671,NYX,Concealer,1630.99,9,10,13211.02,4.4,34,Female,Combination,Ahmedabad,Brand Store,22-01-2023,0,January,1,Sunday,1,Premium,Mature,1467.89,Good,1,0
PROD0672,Sugar,Highlighter,1561.86,27,10,37953.2,3.4,47,Female,Normal,Pune,Retail Store,15-08-2023,0,August,3,Tuesday,0,Premium,Mature,1405.67,Average,0,0
PROD0673,Maybelline,Concealer,965.04,33,0,31846.32,3.8,21,Female,Oily,Hyderabad,Online,04-07-2023,0,July,3,Tuesday,0,Mid-Range,Young Adult,965.04,Average,0,0
PROD0674,Revlon,Eyeshadow,1224.34,48,0,58768.32,4.5,33,Non-binary,Sensitive,Chennai,Brand Store,06-10-2023,1,October,4,Friday,0,Mid-Range,Mature,1224.34,Excellent,1,58768.32
PROD0675,NYX,Blush,2100.02,26,0,54600.52,4.9,53,Non-binary,Sensitive,Mumbai,Retail Store,18-03-2023,0,March,1,Saturday,1,Premium,Mature,2100.02,Excellent,1,0
PROD0676,Sugar,Eyeshadow,1164.01,38,20,35385.9,4.5,45,Female,Oily,Ahmedabad,Retail Store,07-04-2023,0,April,2,Friday,0,Mid-Range,Mature,931.21,Excellent,1,0
PROD0677,MAC,Highlighter,1483.88,36,0,53419.68,2.6,24,Female,Oily,Bangalore,Retail Store,04-12-2023,0,December,4,Monday,0,Mid-Range,Young Adult,1483.88,Poor,0,0
PROD0678,Nykaa,Highlighter,2151.25,26,0,55932.5,4.4,50,Female,Sensitive,Hyderabad,Retail Store,17-01-2023,1,January,1,Tuesday,0,Premium,Mature,2151.25,Good,1,55932.5
PROD0679,Colorbar,Concealer,1837.21,39,0,71651.19,4.8,52,Non-binary,Dry,Kolkata,Retail Store,02-02-2023,0,February,1,Thursday,0,Premium,Mature,1837.21,Excellent,1,0
PROD0680,Revlon,Foundation,2122.02,29,10,55384.72,4.1,35,Female,Oily,Delhi,Online,01-04-2023,0,April,2,Saturday,1,Premium,Mature,1909.82,Good,1,0
PROD0681,Lakme,Eyeliner,360.56,5,0,1802.8,4.8,40,Female,Dry,Hyderabad,Online,26-09-2023,0,September,3,Tuesday,0,Budget,Mature,360.56,Excellent,1,0
PROD0682,Lakme,Primer,931.83,27,20,20127.53,3.5,23,Female,Normal,Bangalore,Brand Store,05-02-2023,0,February,1,Sunday,1,Mid-Range,Young Adult,745.46,Average,0,0
PROD0683,L'Oreal,Eyeshadow,3520.53,20,10,63369.54,3.6,46,Non-binary,Sensitive,Bangalore,Brand Store,28-10-2023,0,October,4,Saturday,1,Premium,Mature,3168.48,Average,0,0
PROD0684,NYX,Eyeliner,381.59,10,10,3434.31,3.6,41,Male,Combination,Chennai,Brand Store,09-09-2023,0,September,3,Saturday,1,Budget,Mature,343.43,Average,0,0
PROD0685,NYX,Foundation,2367.8,30,10,63930.6,3.4,35,Female,Dry,Kolkata,Brand Store,02-04-2023,0,April,2,Sunday,1,Premium,Mature,2131.02,Average,0,0
PROD0686,Nykaa,Eyeliner,1375.08,12,10,14850.86,4.2,22,Female,Oily,Kolkata,Brand Store,22-03-2023,0,March,1,Wednesday,0,Mid-Range,Young Adult,1237.57,Good,1,0
PROD0687,Maybelline,Blush,1820.3,47,5,81276.39,4.8,47,Non-binary,Oily,Kolkata,Brand Store,09-02-2023,0,February,1,Thursday,0,Premium,Mature,1729.28,Excellent,1,0
PROD0688,Nykaa,Concealer,1371.88,17,0,23321.96,3,18,Female,Oily,Ahmedabad,Online,12-12-2023,0,December,4,Tuesday,0,Mid-Range,Mature,1371.88,Average,0,0
PROD0689,MAC,Highlighter,1370.42,1,10,1233.38,3.1,24,Female,Normal,Pune,Brand Store,04-02-2023,0,February,1,Saturday,1,Mid-Range,Young Adult,1233.38,Average,0,0
PROD0690,L'Oreal,Eyeliner,758.57,18,0,13654.26,4.6,26,Female,Oily,Mumbai,Brand Store,05-03-2023,0,March,1,Sunday,1,Mid-Range,Young Adult,758.57,Excellent,1,0
PROD0691,Lakme,Foundation,2467.3,10,10,22205.7,3.6,27,Male,Oily,Chennai,Brand Store,30-09-2023,0,September,3,Saturday,1,Premium,Young Adult,2220.57,Average,0,0
PROD0692,Maybelline,Primer,1610.31,20,0,32206.2,3.6,54,Female,Normal,Mumbai,Online,08-05-2023,0,May,2,Monday,0,Premium,Mature,1610.31,Average,0,0
PROD0693,Lakme,Foundation,1648.81,1,0,1648.81,3.3,28,Female,Oily,Delhi,Online,07-12-2023,0,December,4,Thursday,0,Premium,Young Adult,1648.81,Average,0,0
PROD0694,Faces Canada,Highlighter,589.85,21,0,12386.85,3.3,28,Non-binary,Normal,Chennai,Brand Store,03-03-2023,0,March,1,Friday,0,Mid-Range,Young Adult,589.85,Average,0,0
PROD0695,L'Oreal,Concealer,238,42,0,9996,3.3,40,Female,Dry,Chennai,Retail Store,23-05-2023,0,May,2,Tuesday,0,Budget,Mature,238,Average,0,0
PROD0696,MAC,Foundation,1614.92,50,10,72671.4,4,22,Female,Oily,Bangalore,Retail Store,20-11-2023,0,November,4,Monday,0,Premium,Young Adult,1453.43,Good,1,0
PROD0697,Revlon,Mascara,514.77,49,5,23962.54,4.7,36,Female,Combination,Ahmedabad,Online,27-10-2023,0,October,4,Friday,0,Mid-Range,Mature,489.03,Excellent,1,0
PROD0698,Faces Canada,Eyeshadow,2473.22,1,0,2473.22,3.1,55,Female,Dry,Delhi,Retail Store,05-05-2023,0,May,2,Friday,0,Premium,Mature,2473.22,Average,0,0
PROD0699,Sugar,Concealer,970.49,10,0,9704.9,3.4,18,Non-binary,Sensitive,Chennai,Brand Store,16-08-2023,0,August,3,Wednesday,0,Mid-Range,Mature,970.49,Average,0,0
PROD0700,Revlon,Blush,1697.75,49,0,83189.75,2.6,42,Male,Dry,Hyderabad,Online,19-06-2023,0,June,2,Monday,0,Premium,Mature,1697.75,Poor,0,0
PROD0701,MAC,Lipstick,2043.14,45,20,73553.04,4.3,54,Female,Combination,Kolkata,Brand Store,19-11-2023,0,November,4,Sunday,1,Premium,Mature,1634.51,Good,1,0
PROD0702,MAC,Foundation,465.79,10,0,4657.9,4.8,24,Female,Sensitive,Delhi,Online,15-04-2023,0,April,2,Saturday,1,Budget,Young Adult,465.79,Excellent,1,0
PROD0703,NYX,Eyeliner,328.99,13,20,3421.5,3.1,27,Female,Combination,Chennai,Retail Store,22-11-2023,0,November,4,Wednesday,0,Budget,Young Adult,263.19,Average,0,0
PROD0704,Maybelline,Eyeliner,1431.37,24,15,29199.95,3.5,26,Female,Normal,Ahmedabad,Retail Store,10-08-2023,0,August,3,Thursday,0,Mid-Range,Young Adult,1216.66,Average,0,0
PROD0705,Lakme,Eyeliner,1166.46,28,0,32660.88,4.6,35,Female,Dry,Bangalore,Brand Store,26-08-2023,0,August,3,Saturday,1,Mid-Range,Mature,1166.46,Excellent,1,0
PROD0706,Colorbar,Primer,1890.1,22,0,41582.2,2.8,46,Female,Dry,Chennai,Online,14-09-2023,0,September,3,Thursday,0,Premium,Mature,1890.1,Poor,0,0
PROD0707,Nykaa,Highlighter,2838.71,48,0,136258.08,3.4,47,Female,Sensitive,Hyderabad,Brand Store,20-01-2023,1,January,1,Friday,0,Premium,Mature,2838.71,Average,0,136258.08
PROD0708,L'Oreal,Setting Spray,629.38,28,5,16741.51,4.9,38,Female,Combination,Ahmedabad,Brand Store,30-11-2023,0,November,4,Thursday,0,Mid-Range,Mature,597.91,Excellent,1,0
PROD0709,MAC,Eyeshadow,2067.06,24,0,49609.44,4.1,17,Female,Sensitive,Bangalore,Retail Store,15-12-2023,0,December,4,Friday,0,Premium,Mature,2067.06,Good,1,0
PROD0710,L'Oreal,Setting Spray,319.99,50,0,15999.5,2.7,40,Non-binary,Sensitive,Kolkata,Brand Store,11-02-2023,0,February,1,Saturday,1,Budget,Mature,319.99,Poor,0,0
PROD0711,L'Oreal,Highlighter,2540.15,17,10,38864.3,4.2,48,Female,Combination,Kolkata,Brand Store,15-02-2023,0,February,1,Wednesday,0,Premium,Mature,2286.14,Good,1,0
PROD0712,L'Oreal,Concealer,898.72,14,15,10694.77,4.8,41,Male,Dry,Hyderabad,Online,01-01-2023,0,January,1,Sunday,1,Mid-Range,Mature,763.91,Excellent,1,0
PROD0713,Faces Canada,Highlighter,1424.89,19,5,25719.26,4.3,26,Female,Dry,Bangalore,Retail Store,12-04-2023,0,April,2,Wednesday,0,Mid-Range,Young Adult,1353.65,Good,1,0
PROD0714,Sugar,Foundation,2114.26,14,20,23679.71,3,19,Non-binary,Combination,Bangalore,Online,29-07-2023,0,July,3,Saturday,1,Premium,Mature,1691.41,Average,0,0
PROD0715,L'Oreal,Foundation,554.47,6,15,2827.8,3.4,33,Female,Oily,Delhi,Retail Store,02-09-2023,0,September,3,Saturday,1,Mid-Range,Mature,471.3,Average,0,0
PROD0716,Lakme,Lipstick,811.25,1,25,608.44,4.2,18,Female,Sensitive,Delhi,Online,12-07-2023,0,July,3,Wednesday,0,Mid-Range,Mature,608.44,Good,1,0
PROD0717,Sugar,Blush,1314.24,22,10,26021.95,4,37,Non-binary,Combination,Pune,Brand Store,03-05-2023,1,May,2,Wednesday,0,Mid-Range,Mature,1182.82,Good,1,26021.95
PROD0718,Colorbar,Highlighter,453.61,23,0,10433.03,4.7,22,Female,Normal,Mumbai,Retail Store,13-03-2023,0,March,1,Monday,0,Budget,Young Adult,453.61,Excellent,1,0
PROD0719,NYX,Primer,3348.24,49,25,123047.82,4.5,39,Female,Normal,Ahmedabad,Brand Store,05-12-2023,0,December,4,Tuesday,0,Premium,Mature,2511.18,Excellent,1,0
PROD0720,Lakme,Concealer,1847.45,3,0,5542.35,4.9,36,Female,Sensitive,Ahmedabad,Online,10-11-2023,0,November,4,Friday,0,Premium,Mature,1847.45,Excellent,1,0
PROD0721,Maybelline,Eyeliner,1127.72,19,25,16070.01,4,25,Female,Normal,Mumbai,Online,04-06-2023,0,June,2,Sunday,1,Mid-Range,Young Adult,845.79,Good,1,0
PROD0722,L'Oreal,Eyeliner,1354.87,8,0,10838.96,3.7,50,Female,Dry,Chennai,Online,04-12-2023,0,December,4,Monday,0,Mid-Range,Mature,1354.87,Average,0,0
PROD0723,L'Oreal,Lipstick,2336.64,21,0,49069.44,4.8,33,Female,Combination,Chennai,Brand Store,10-12-2023,0,December,4,Sunday,1,Premium,Mature,2336.64,Excellent,1,0
PROD0724,Sugar,Primer,679.46,45,15,25989.35,3.3,30,Female,Combination,Delhi,Brand Store,15-07-2023,0,July,3,Saturday,1,Mid-Range,Young Adult,577.54,Average,0,0
PROD0725,MAC,Highlighter,902.81,8,0,7222.48,3.2,23,Non-binary,Sensitive,Delhi,Retail Store,01-03-2023,0,March,1,Wednesday,0,Mid-Range,Young Adult,902.81,Average,0,0
PROD0726,Nykaa,Concealer,1699.56,1,20,1359.65,3.3,53,Female,Normal,Chennai,Retail Store,06-07-2023,0,July,3,Thursday,0,Premium,Mature,1359.65,Average,0,0
PROD0727,Faces Canada,Mascara,1394.4,38,5,50337.84,3.1,41,Female,Normal,Mumbai,Brand Store,01-06-2023,0,June,2,Thursday,0,Mid-Range,Mature,1324.68,Average,0,0
PROD0728,L'Oreal,Eyeliner,941.65,10,15,8004.02,4.4,18,Non-binary,Sensitive,Pune,Retail Store,05-03-2023,0,March,1,Sunday,1,Mid-Range,Mature,800.4,Good,1,0
PROD0729,Sugar,Setting Spray,1372.46,14,20,15371.55,3.7,40,Male,Dry,Mumbai,Retail Store,18-04-2023,0,April,2,Tuesday,0,Mid-Range,Mature,1097.97,Average,0,0
PROD0730,Lakme,Eyeshadow,3715.61,50,5,176491.48,2.9,47,Non-binary,Dry,Kolkata,Retail Store,08-10-2023,0,October,4,Sunday,1,Premium,Mature,3529.83,Poor,0,0
PROD0731,Revlon,Eyeliner,1160.56,26,0,30174.56,2.7,34,Female,Dry,Hyderabad,Brand Store,08-10-2023,0,October,4,Sunday,1,Mid-Range,Mature,1160.56,Poor,0,0
PROD0732,Lakme,Setting Spray,1744.53,46,15,68211.12,3.3,26,Female,Normal,Bangalore,Retail Store,16-03-2023,0,March,1,Thursday,0,Premium,Young Adult,1482.85,Average,0,0
PROD0733,Lakme,Eyeshadow,1639.6,37,5,57631.94,2.8,25,Non-binary,Dry,Kolkata,Retail Store,19-02-2023,0,February,1,Sunday,1,Premium,Young Adult,1557.62,Poor,0,0
PROD0734,Maybelline,Lipstick,2454.62,42,5,97939.34,3.3,43,Female,Normal,Bangalore,Brand Store,02-03-2023,0,March,1,Thursday,0,Premium,Mature,2331.89,Average,0,0
PROD0735,L'Oreal,Setting Spray,1409.41,25,0,35235.25,4.4,21,Female,Normal,Ahmedabad,Brand Store,01-12-2023,0,December,4,Friday,0,Mid-Range,Young Adult,1409.41,Good,1,0
PROD0736,Maybelline,Foundation,689.69,42,10,26070.28,4.2,48,Female,Sensitive,Chennai,Online,21-10-2023,0,October,4,Saturday,1,Mid-Range,Mature,620.72,Good,1,0
PROD0737,Colorbar,Foundation,878.69,31,20,21791.51,5,43,Female,Dry,Hyderabad,Brand Store,02-02-2023,0,February,1,Thursday,0,Mid-Range,Mature,702.95,Excellent,1,0
PROD0738,L'Oreal,Primer,1655.93,45,15,63339.32,2.5,51,Male,Sensitive,Ahmedabad,Online,03-10-2023,0,October,4,Tuesday,0,Premium,Mature,1407.54,Poor,0,0
PROD0739,MAC,Foundation,3390.15,8,0,27121.2,3,54,Female,Sensitive,Bangalore,Online,10-06-2023,0,June,2,Saturday,1,Premium,Mature,3390.15,Average,0,0
PROD0740,L'Oreal,Eyeshadow,624.03,17,25,7956.38,4.6,18,Female,Sensitive,Delhi,Online,06-10-2023,0,October,4,Friday,0,Mid-Range,Mature,468.02,Excellent,1,0
PROD0741,MAC,Lipstick,890.68,34,25,22712.34,4.8,34,Female,Sensitive,Ahmedabad,Online,10-06-2023,0,June,2,Saturday,1,Mid-Range,Mature,668.01,Excellent,1,0
PROD0742,Colorbar,Concealer,1598.88,14,10,20145.89,4.2,18,Female,Dry,Chennai,Online,21-04-2023,1,April,2,Friday,0,Premium,Mature,1438.99,Good,1,20145.89
PROD0743,Colorbar,Eyeshadow,1627.9,9,5,13918.55,4.3,43,Female,Combination,Delhi,Brand Store,29-11-2023,1,November,4,Wednesday,0,Premium,Mature,1546.51,Good,1,13918.55
PROD0744,NYX,Foundation,2464.56,45,10,99814.68,2.9,29,Non-binary,Combination,Delhi,Brand Store,23-12-2023,0,December,4,Saturday,1,Premium,Young Adult,2218.1,Poor,0,0
PROD0745,Faces Canada,Setting Spray,1328.01,27,0,35856.27,4.6,36,Non-binary,Oily,Kolkata,Retail Store,07-05-2023,0,May,2,Sunday,1,Mid-Range,Mature,1328.01,Excellent,1,0
PROD0746,Faces Canada,Foundation,1601.11,22,0,35224.42,4.1,39,Male,Dry,Pune,Retail Store,26-04-2023,0,April,2,Wednesday,0,Premium,Mature,1601.11,Good,1,0
PROD0747,Nykaa,Eyeshadow,3821.55,8,10,27515.16,2.9,35,Female,Sensitive,Ahmedabad,Online,20-10-2023,0,October,4,Friday,0,Premium,Mature,3439.4,Poor,0,0
PROD0748,Maybelline,Setting Spray,1824.07,11,0,20064.77,3.3,40,Female,Sensitive,Bangalore,Retail Store,26-07-2023,0,July,3,Wednesday,0,Premium,Mature,1824.07,Average,0,0
PROD0749,Faces Canada,Lipstick,1840.13,43,5,75169.31,2.8,40,Female,Combination,Hyderabad,Online,08-05-2023,0,May,2,Monday,0,Premium,Mature,1748.12,Poor,0,0
PROD0750,L'Oreal,Eyeliner,713.98,23,20,13137.23,4.5,48,Female,Normal,Hyderabad,Retail Store,28-04-2023,0,April,2,Friday,0,Mid-Range,Mature,571.18,Excellent,1,0
PROD0751,Nykaa,Blush,1983.57,6,10,10711.28,4.1,20,Female,Dry,Chennai,Online,13-02-2023,0,February,1,Monday,0,Premium,Mature,1785.21,Good,1,0
PROD0752,Lakme,Eyeliner,1447,28,10,36464.4,4.2,24,Female,Sensitive,Ahmedabad,Retail Store,13-12-2023,0,December,4,Wednesday,0,Mid-Range,Young Adult,1302.3,Good,1,0
PROD0753,Lakme,Highlighter,1963.59,48,25,70689.24,2.5,43,Female,Sensitive,Pune,Online,22-01-2023,0,January,1,Sunday,1,Premium,Mature,1472.69,Poor,0,0
PROD0754,MAC,Primer,941.1,24,0,22586.4,4.6,48,Female,Normal,Pune,Online,29-03-2023,0,March,1,Wednesday,0,Mid-Range,Mature,941.1,Excellent,1,0
PROD0755,Faces Canada,Eyeshadow,3447.73,8,0,27581.84,3.2,46,Female,Dry,Hyderabad,Retail Store,20-11-2023,0,November,4,Monday,0,Premium,Mature,3447.73,Average,0,0
PROD0756,Faces Canada,Blush,2107.71,3,0,6323.13,4.8,55,Female,Combination,Ahmedabad,Online,24-08-2023,0,August,3,Thursday,0,Premium,Mature,2107.71,Excellent,1,0
PROD0757,Revlon,Lipstick,2247.34,12,0,26968.08,3.5,16,Female,Normal,Delhi,Retail Store,28-09-2023,0,September,3,Thursday,0,Premium,Mature,2247.34,Average,0,0
PROD0758,Sugar,Foundation,321.12,50,5,15253.2,4.1,30,Female,Combination,Ahmedabad,Retail Store,08-08-2023,0,August,3,Tuesday,0,Budget,Young Adult,305.06,Good,1,0
PROD0759,Maybelline,Blush,2476.07,43,0,106471.01,4.6,26,Female,Normal,Bangalore,Retail Store,30-12-2023,0,December,4,Saturday,1,Premium,Young Adult,2476.07,Excellent,1,0
PROD0760,L'Oreal,Lipstick,1106.85,48,0,53128.8,3.3,18,Non-binary,Dry,Bangalore,Brand Store,07-12-2023,1,December,4,Thursday,0,Mid-Range,Mature,1106.85,Average,0,53128.8
PROD0761,Faces Canada,Eyeliner,793.29,44,0,34904.76,4.3,36,Female,Normal,Kolkata,Brand Store,25-02-2023,0,February,1,Saturday,1,Mid-Range,Mature,793.29,Good,1,0
PROD0762,Faces Canada,Concealer,234.5,44,0,10318,3.1,37,Female,Oily,Kolkata,Brand Store,29-05-2023,0,May,2,Monday,0,Budget,Mature,234.5,Average,0,0
PROD0763,MAC,Highlighter,1967.17,47,5,87834.14,3.8,31,Non-binary,Combination,Hyderabad,Online,07-05-2023,0,May,2,Sunday,1,Premium,Mature,1868.81,Average,0,0
PROD0764,Maybelline,Eyeliner,1081.3,33,0,35682.9,4,28,Female,Oily,Bangalore,Online,20-01-2023,0,January,1,Friday,0,Mid-Range,Young Adult,1081.3,Good,1,0
PROD0765,Nykaa,Mascara,230.81,13,0,3000.53,2.7,19,Female,Sensitive,Kolkata,Retail Store,21-11-2023,1,November,4,Tuesday,0,Budget,Mature,230.81,Poor,0,3000.53
PROD0766,Sugar,Highlighter,464.71,28,0,13011.88,4.1,35,Female,Combination,Delhi,Retail Store,29-06-2023,0,June,2,Thursday,0,Budget,Mature,464.71,Good,1,0
PROD0767,L'Oreal,Lipstick,293.09,4,0,1172.36,4.2,36,Female,Normal,Chennai,Retail Store,07-11-2023,0,November,4,Tuesday,0,Budget,Mature,293.09,Good,1,0
PROD0768,Revlon,Eyeliner,567.33,8,10,4084.78,2.7,16,Female,Combination,Bangalore,Retail Store,05-07-2023,0,July,3,Wednesday,0,Mid-Range,Mature,510.6,Poor,0,0
PROD0769,Revlon,Setting Spray,704.27,18,10,11409.17,3,40,Female,Dry,Delhi,Online,05-11-2023,0,November,4,Sunday,1,Mid-Range,Mature,633.84,Average,0,0
PROD0770,MAC,Eyeshadow,2906.95,7,0,20348.65,2.7,50,Non-binary,Normal,Pune,Retail Store,14-04-2023,0,April,2,Friday,0,Premium,Mature,2906.95,Poor,0,0
PROD0771,MAC,Mascara,952.2,46,0,43801.2,3.1,51,Female,Normal,Pune,Retail Store,02-03-2023,1,March,1,Thursday,0,Mid-Range,Mature,952.2,Average,0,43801.2
PROD0772,Faces Canada,Highlighter,2814.53,33,25,69659.62,4.5,26,Female,Dry,Hyderabad,Brand Store,17-10-2023,0,October,4,Tuesday,0,Premium,Young Adult,2110.9,Excellent,1,0
PROD0773,Nykaa,Eyeshadow,2131.09,35,0,74588.15,4.7,20,Female,Sensitive,Bangalore,Retail Store,19-07-2023,0,July,3,Wednesday,0,Premium,Mature,2131.09,Excellent,1,0
PROD0774,Lakme,Mascara,487.17,14,0,6820.38,4,16,Female,Sensitive,Ahmedabad,Brand Store,23-04-2023,0,April,2,Sunday,1,Budget,Mature,487.17,Good,1,0
PROD0775,L'Oreal,Foundation,1015.8,35,0,35553,3.1,18,Female,Dry,Bangalore,Retail Store,27-01-2023,0,January,1,Friday,0,Mid-Range,Mature,1015.8,Average,0,0
PROD0776,Faces Canada,Eyeshadow,729,42,0,30618,3.4,54,Non-binary,Oily,Pune,Retail Store,09-10-2023,0,October,4,Monday,0,Mid-Range,Mature,729,Average,0,0
PROD0777,NYX,Setting Spray,851.2,4,25,2553.6,4.1,16,Female,Combination,Pune,Online,09-01-2023,0,January,1,Monday,0,Mid-Range,Mature,638.4,Good,1,0
PROD0778,Maybelline,Setting Spray,1528.15,45,15,58451.74,3.5,32,Female,Dry,Chennai,Retail Store,15-04-2023,0,April,2,Saturday,1,Premium,Mature,1298.93,Average,0,0
PROD0779,L'Oreal,Highlighter,1503.8,47,20,56542.88,4.3,39,Female,Oily,Bangalore,Retail Store,24-08-2023,0,August,3,Thursday,0,Premium,Mature,1203.04,Good,1,0
PROD0780,Colorbar,Eyeshadow,2114.41,47,0,99377.27,3,34,Male,Dry,Mumbai,Retail Store,21-07-2023,0,July,3,Friday,0,Premium,Mature,2114.41,Average,0,0
PROD0781,Maybelline,Mascara,966.94,30,0,29008.2,4.8,41,Female,Sensitive,Delhi,Brand Store,07-01-2023,0,January,1,Saturday,1,Mid-Range,Mature,966.94,Excellent,1,0
PROD0782,Maybelline,Lipstick,2100.92,49,15,87503.32,4.6,18,Female,Oily,Bangalore,Online,18-11-2023,0,November,4,Saturday,1,Premium,Mature,1785.78,Excellent,1,0
PROD0783,Maybelline,Lipstick,1446.99,22,0,31833.78,4.6,21,Female,Normal,Chennai,Online,16-08-2023,0,August,3,Wednesday,0,Mid-Range,Young Adult,1446.99,Excellent,1,0
PROD0784,L'Oreal,Eyeliner,440.58,35,20,12336.24,4.2,50,Female,Oily,Delhi,Online,01-06-2023,0,June,2,Thursday,0,Budget,Mature,352.46,Good,1,0
PROD0785,L'Oreal,Highlighter,302.27,15,10,4080.64,2.6,43,Female,Combination,Kolkata,Online,26-04-2023,1,April,2,Wednesday,0,Budget,Mature,272.04,Poor,0,4080.64
PROD0786,Sugar,Foundation,841.76,8,20,5387.26,3.1,34,Female,Sensitive,Pune,Online,04-07-2023,1,July,3,Tuesday,0,Mid-Range,Mature,673.41,Average,0,5387.26
PROD0787,Colorbar,Lipstick,546.69,28,10,13776.59,3.8,54,Female,Normal,Bangalore,Brand Store,08-12-2023,0,December,4,Friday,0,Mid-Range,Mature,492.02,Average,0,0
PROD0788,Revlon,Blush,2219.53,18,0,39951.54,4.8,39,Female,Oily,Hyderabad,Brand Store,18-03-2023,0,March,1,Saturday,1,Premium,Mature,2219.53,Excellent,1,0
PROD0789,Nykaa,Mascara,1003.5,31,0,31108.5,4.5,23,Female,Combination,Kolkata,Brand Store,15-06-2023,1,June,2,Thursday,0,Mid-Range,Young Adult,1003.5,Excellent,1,31108.5
PROD0790,Revlon,Highlighter,1161.47,28,5,30895.1,3.7,42,Female,Dry,Pune,Online,09-10-2023,0,October,4,Monday,0,Mid-Range,Mature,1103.4,Average,0,0
PROD0791,Faces Canada,Primer,2946.17,25,20,58923.4,2.7,42,Female,Oily,Chennai,Brand Store,02-01-2023,0,January,1,Monday,0,Premium,Mature,2356.94,Poor,0,0
PROD0792,Faces Canada,Concealer,1431.68,9,10,11596.61,4.8,19,Female,Dry,Pune,Retail Store,15-03-2023,0,March,1,Wednesday,0,Mid-Range,Mature,1288.51,Excellent,1,0
PROD0793,MAC,Highlighter,868.2,15,5,12371.85,2.6,24,Female,Dry,Delhi,Brand Store,14-01-2023,0,January,1,Saturday,1,Mid-Range,Young Adult,824.79,Poor,0,0
PROD0794,Maybelline,Lipstick,1723.98,5,0,8619.9,3.7,54,Female,Dry,Bangalore,Online,10-02-2023,0,February,1,Friday,0,Premium,Mature,1723.98,Average,0,0
PROD0795,L'Oreal,Highlighter,2366.39,31,10,66022.28,4.4,49,Female,Normal,Hyderabad,Retail Store,16-08-2023,0,August,3,Wednesday,0,Premium,Mature,2129.75,Good,1,0
PROD0796,Maybelline,Blush,599.9,42,5,23936.01,2.6,27,Male,Normal,Bangalore,Online,15-12-2023,1,December,4,Friday,0,Mid-Range,Young Adult,569.9,Poor,0,23936.01
PROD0797,Colorbar,Blush,1378.71,46,5,60249.63,3.1,26,Female,Sensitive,Hyderabad,Online,06-03-2023,0,March,1,Monday,0,Mid-Range,Young Adult,1309.77,Average,0,0
PROD0798,MAC,Lipstick,1101.66,48,15,44947.73,4.9,54,Female,Normal,Delhi,Brand Store,01-12-2023,0,December,4,Friday,0,Mid-Range,Mature,936.41,Excellent,1,0
PROD0799,Lakme,Mascara,1645.81,42,0,69124.02,3.6,33,Female,Oily,Delhi,Online,21-06-2023,0,June,2,Wednesday,0,Premium,Mature,1645.81,Average,0,0
PROD0800,Maybelline,Primer,601.55,39,0,23460.45,2.5,35,Female,Dry,Chennai,Brand Store,17-01-2023,0,January,1,Tuesday,0,Mid-Range,Mature,601.55,Poor,0,0
PROD0801,Colorbar,Setting Spray,375.33,31,5,11053.47,2.6,36,Non-binary,Oily,Delhi,Retail Store,25-05-2023,1,May,2,Thursday,0,Budget,Mature,356.56,Poor,0,11053.47
PROD0802,Nykaa,Concealer,2086.51,9,15,15961.8,4.3,22,Female,Sensitive,Pune,Retail Store,18-03-2023,0,March,1,Saturday,1,Premium,Young Adult,1773.53,Good,1,0
PROD0803,Colorbar,Eyeliner,1316.21,3,15,3356.34,3.2,25,Non-binary,Oily,Ahmedabad,Online,29-04-2023,0,April,2,Saturday,1,Mid-Range,Young Adult,1118.78,Average,0,0
PROD0804,L'Oreal,Mascara,1988.14,33,20,52486.9,3.8,54,Female,Dry,Pune,Retail Store,04-07-2023,0,July,3,Tuesday,0,Premium,Mature,1590.51,Average,0,0
PROD0805,Nykaa,Lipstick,749.19,40,25,22475.7,4,25,Female,Oily,Ahmedabad,Online,08-06-2023,0,June,2,Thursday,0,Mid-Range,Young Adult,561.89,Good,1,0
PROD0806,Sugar,Foundation,600.26,21,0,12605.46,2.9,34,Female,Combination,Bangalore,Online,30-06-2023,0,June,2,Friday,0,Mid-Range,Mature,600.26,Poor,0,0
PROD0807,NYX,Eyeliner,1480.59,17,5,23911.53,4.4,44,Female,Sensitive,Bangalore,Online,06-07-2023,0,July,3,Thursday,0,Mid-Range,Mature,1406.56,Good,1,0
PROD0808,L'Oreal,Setting Spray,1048.85,33,25,25959.04,4.6,36,Female,Normal,Pune,Online,15-05-2023,0,May,2,Monday,0,Mid-Range,Mature,786.64,Excellent,1,0
PROD0809,Colorbar,Lipstick,2448.07,4,20,7833.82,4.4,31,Female,Oily,Mumbai,Online,23-03-2023,0,March,1,Thursday,0,Premium,Mature,1958.46,Good,1,0
PROD0810,Nykaa,Eyeshadow,3534.26,43,0,151973.18,2.7,45,Male,Sensitive,Ahmedabad,Brand Store,27-08-2023,0,August,3,Sunday,1,Premium,Mature,3534.26,Poor,0,0
PROD0811,Nykaa,Foundation,2758.06,13,0,35854.78,3.5,20,Female,Sensitive,Pune,Retail Store,26-12-2023,0,December,4,Tuesday,0,Premium,Mature,2758.06,Average,0,0
PROD0812,Lakme,Eyeliner,862.66,31,15,22731.09,2.9,29,Non-binary,Oily,Pune,Brand Store,14-07-2023,0,July,3,Friday,0,Mid-Range,Young Adult,733.26,Poor,0,0
PROD0813,Sugar,Highlighter,875.45,14,0,12256.3,4.7,43,Female,Dry,Hyderabad,Retail Store,05-02-2023,0,February,1,Sunday,1,Mid-Range,Mature,875.45,Excellent,1,0
PROD0814,Nykaa,Eyeliner,834.21,43,0,35871.03,4.7,27,Female,Normal,Mumbai,Online,02-06-2023,0,June,2,Friday,0,Mid-Range,Young Adult,834.21,Excellent,1,0
PROD0815,Sugar,Highlighter,1583.32,45,20,56999.52,4.5,43,Female,Sensitive,Pune,Brand Store,06-01-2023,0,January,1,Friday,0,Premium,Mature,1266.66,Excellent,1,0
PROD0816,Maybelline,Eyeshadow,2973.8,38,0,113004.4,4,36,Male,Dry,Pune,Online,17-03-2023,0,March,1,Friday,0,Premium,Mature,2973.8,Good,1,0
PROD0817,NYX,Highlighter,1705.39,1,0,1705.39,5,24,Female,Sensitive,Ahmedabad,Brand Store,22-04-2023,0,April,2,Saturday,1,Premium,Young Adult,1705.39,Excellent,1,0
PROD0818,L'Oreal,Primer,2262.53,14,20,25340.34,3.4,28,Female,Combination,Mumbai,Retail Store,07-06-2023,0,June,2,Wednesday,0,Premium,Young Adult,1810.02,Average,0,0
PROD0819,Sugar,Eyeliner,679.09,23,0,15619.07,3.4,50,Female,Combination,Kolkata,Brand Store,01-04-2023,0,April,2,Saturday,1,Mid-Range,Mature,679.09,Average,0,0
PROD0820,Colorbar,Primer,903.4,28,15,21500.92,3.5,43,Non-binary,Sensitive,Hyderabad,Brand Store,20-02-2023,1,February,1,Monday,0,Mid-Range,Mature,767.89,Average,0,21500.92
PROD0821,Maybelline,Foundation,2378.45,40,5,90381.1,4.8,22,Non-binary,Sensitive,Ahmedabad,Brand Store,21-02-2023,0,February,1,Tuesday,0,Premium,Young Adult,2259.53,Excellent,1,0
PROD0822,NYX,Lipstick,2158.77,14,15,25689.36,3.1,45,Male,Dry,Kolkata,Online,05-03-2023,0,March,1,Sunday,1,Premium,Mature,1834.95,Average,0,0
PROD0823,Nykaa,Eyeliner,1371.1,42,0,57586.2,4.3,41,Female,Dry,Mumbai,Retail Store,18-05-2023,0,May,2,Thursday,0,Mid-Range,Mature,1371.1,Good,1,0
PROD0824,MAC,Highlighter,310.23,27,0,8376.21,2.6,17,Male,Sensitive,Bangalore,Retail Store,04-11-2023,0,November,4,Saturday,1,Budget,Mature,310.23,Poor,0,0
PROD0825,Nykaa,Setting Spray,710.35,26,10,16622.19,3,41,Female,Normal,Mumbai,Brand Store,22-11-2023,0,November,4,Wednesday,0,Mid-Range,Mature,639.32,Average,0,0
PROD0826,Revlon,Highlighter,1696.17,28,15,40368.85,3.1,24,Female,Sensitive,Delhi,Brand Store,18-11-2023,1,November,4,Saturday,1,Premium,Young Adult,1441.74,Average,0,40368.85
PROD0827,Revlon,Mascara,565.98,6,0,3395.88,2.6,16,Female,Sensitive,Bangalore,Online,10-02-2023,0,February,1,Friday,0,Mid-Range,Mature,565.98,Poor,0,0
PROD0828,Sugar,Mascara,1341.67,50,15,57020.97,3.4,31,Female,Dry,Chennai,Retail Store,06-05-2023,0,May,2,Saturday,1,Mid-Range,Mature,1140.42,Average,0,0
PROD0829,NYX,Highlighter,2079.66,18,10,33690.49,2.7,25,Male,Sensitive,Mumbai,Brand Store,26-02-2023,0,February,1,Sunday,1,Premium,Young Adult,1871.69,Poor,0,0
PROD0830,L'Oreal,Foundation,1203.16,12,5,13716.02,2.7,47,Female,Normal,Pune,Online,12-01-2023,0,January,1,Thursday,0,Mid-Range,Mature,1143,Poor,0,0
PROD0831,MAC,Foundation,2499.16,25,10,56231.1,4.7,44,Female,Combination,Bangalore,Online,02-04-2023,0,April,2,Sunday,1,Premium,Mature,2249.24,Excellent,1,0
PROD0832,Maybelline,Lipstick,2444.58,23,0,56225.34,3.7,55,Female,Sensitive,Mumbai,Online,04-03-2023,0,March,1,Saturday,1,Premium,Mature,2444.58,Average,0,0
PROD0833,Faces Canada,Lipstick,1376.52,10,10,12388.68,3,39,Female,Oily,Delhi,Online,23-04-2023,0,April,2,Sunday,1,Mid-Range,Mature,1238.87,Average,0,0
PROD0834,NYX,Mascara,691.87,13,0,8994.31,4.9,38,Female,Normal,Hyderabad,Retail Store,24-07-2023,1,July,3,Monday,0,Mid-Range,Mature,691.87,Excellent,1,8994.31
PROD0835,NYX,Eyeshadow,3858.89,7,5,25661.62,4,53,Non-binary,Dry,Hyderabad,Online,07-09-2023,0,September,3,Thursday,0,Premium,Mature,3665.95,Good,1,0
PROD0836,NYX,Setting Spray,1686.83,40,5,64099.54,2.8,40,Female,Sensitive,Kolkata,Online,20-11-2023,0,November,4,Monday,0,Premium,Mature,1602.49,Poor,0,0
PROD0837,Faces Canada,Lipstick,781.3,27,0,21095.1,3.2,49,Female,Oily,Pune,Retail Store,15-06-2023,0,June,2,Thursday,0,Mid-Range,Mature,781.3,Average,0,0
PROD0838,Maybelline,Eyeshadow,1095.4,24,10,23660.64,3.4,36,Female,Combination,Delhi,Online,18-06-2023,0,June,2,Sunday,1,Mid-Range,Mature,985.86,Average,0,0
PROD0839,MAC,Concealer,1659.83,25,15,35271.39,3.2,29,Female,Sensitive,Chennai,Online,08-11-2023,1,November,4,Wednesday,0,Premium,Young Adult,1410.86,Average,0,35271.39
PROD0840,Colorbar,Foundation,3156.42,27,25,63917.5,4.2,43,Female,Dry,Pune,Retail Store,10-09-2023,0,September,3,Sunday,1,Premium,Mature,2367.31,Good,1,0
PROD0841,Maybelline,Highlighter,634.17,11,20,5580.7,4,53,Female,Sensitive,Kolkata,Online,10-01-2023,0,January,1,Tuesday,0,Mid-Range,Mature,507.34,Good,1,0
PROD0842,Sugar,Lipstick,853.33,26,5,21077.25,2.6,50,Female,Oily,Mumbai,Retail Store,18-02-2023,0,February,1,Saturday,1,Mid-Range,Mature,810.66,Poor,0,0
PROD0843,NYX,Blush,962.99,23,5,21041.33,3.5,51,Female,Sensitive,Pune,Retail Store,02-06-2023,0,June,2,Friday,0,Mid-Range,Mature,914.84,Average,0,0
PROD0844,Revlon,Foundation,3300.59,7,0,23104.13,2.6,19,Non-binary,Oily,Mumbai,Online,19-12-2023,0,December,4,Tuesday,0,Premium,Mature,3300.59,Poor,0,0
PROD0845,MAC,Foundation,2616.87,24,20,50243.9,4.5,50,Female,Oily,Mumbai,Brand Store,23-01-2023,0,January,1,Monday,0,Premium,Mature,2093.5,Excellent,1,0
PROD0846,NYX,Foundation,1353.18,40,0,54127.2,4.5,40,Non-binary,Dry,Hyderabad,Brand Store,26-10-2023,0,October,4,Thursday,0,Mid-Range,Mature,1353.18,Excellent,1,0
PROD0847,Colorbar,Mascara,1797.92,27,10,43689.46,4.1,23,Female,Normal,Chennai,Brand Store,24-05-2023,0,May,2,Wednesday,0,Premium,Young Adult,1618.13,Good,1,0
PROD0848,Maybelline,Eyeshadow,1275.37,19,0,24232.03,4.3,38,Female,Dry,Chennai,Brand Store,08-02-2023,1,February,1,Wednesday,0,Mid-Range,Mature,1275.37,Good,1,24232.03
PROD0849,MAC,Lipstick,1276.21,25,15,27119.46,3,22,Female,Sensitive,Pune,Online,21-09-2023,0,September,3,Thursday,0,Mid-Range,Young Adult,1084.78,Average,0,0
PROD0850,Sugar,Blush,1724.06,33,15,48359.88,2.8,24,Non-binary,Normal,Chennai,Retail Store,14-11-2023,0,November,4,Tuesday,0,Premium,Young Adult,1465.45,Poor,0,0
PROD0851,Maybelline,Eyeshadow,1327.28,11,20,11680.06,4.2,52,Male,Normal,Delhi,Online,26-02-2023,0,February,1,Sunday,1,Mid-Range,Mature,1061.82,Good,1,0
PROD0852,NYX,Mascara,250.48,43,0,10770.64,3.8,38,Female,Sensitive,Hyderabad,Online,09-08-2023,0,August,3,Wednesday,0,Budget,Mature,250.48,Average,0,0
PROD0853,Faces Canada,Highlighter,1200.43,29,0,34812.47,3.2,22,Female,Normal,Mumbai,Brand Store,05-08-2023,0,August,3,Saturday,1,Mid-Range,Young Adult,1200.43,Average,0,0
PROD0854,Colorbar,Mascara,695.94,39,0,27141.66,3.7,43,Female,Oily,Delhi,Brand Store,26-02-2023,0,February,1,Sunday,1,Mid-Range,Mature,695.94,Average,0,0
PROD0855,Colorbar,Lipstick,811.48,5,15,3448.79,3.8,33,Female,Normal,Chennai,Brand Store,21-02-2023,0,February,1,Tuesday,0,Mid-Range,Mature,689.76,Average,0,0
PROD0856,Sugar,Blush,712.04,14,10,8971.7,3.4,34,Female,Oily,Hyderabad,Brand Store,15-09-2023,1,September,3,Friday,0,Mid-Range,Mature,640.84,Average,0,8971.7
PROD0857,MAC,Blush,632.19,44,0,27816.36,2.7,27,Non-binary,Dry,Pune,Retail Store,08-12-2023,0,December,4,Friday,0,Mid-Range,Young Adult,632.19,Poor,0,0
PROD0858,NYX,Mascara,1786.14,11,0,19647.54,4.2,16,Female,Sensitive,Pune,Retail Store,07-05-2023,0,May,2,Sunday,1,Premium,Mature,1786.14,Good,1,0
PROD0859,Colorbar,Lipstick,1763.79,19,10,30160.81,4.6,49,Female,Oily,Bangalore,Online,21-06-2023,0,June,2,Wednesday,0,Premium,Mature,1587.41,Excellent,1,0
PROD0860,NYX,Primer,2456.23,17,20,33404.73,3.4,16,Male,Combination,Pune,Retail Store,06-12-2023,0,December,4,Wednesday,0,Premium,Mature,1964.98,Average,0,0
PROD0861,Sugar,Setting Spray,490.81,44,0,21595.64,3.8,17,Female,Dry,Bangalore,Retail Store,14-03-2023,0,March,1,Tuesday,0,Budget,Mature,490.81,Average,0,0
PROD0862,Nykaa,Setting Spray,910.37,48,20,34958.21,2.7,40,Male,Sensitive,Delhi,Retail Store,19-08-2023,1,August,3,Saturday,1,Mid-Range,Mature,728.3,Poor,0,34958.21
PROD0863,NYX,Mascara,1838.5,23,0,42285.5,4.7,41,Female,Combination,Kolkata,Retail Store,24-10-2023,0,October,4,Tuesday,0,Premium,Mature,1838.5,Excellent,1,0
PROD0864,Maybelline,Setting Spray,1036.31,30,10,27980.37,3.9,38,Female,Oily,Hyderabad,Online,17-12-2023,0,December,4,Sunday,1,Mid-Range,Mature,932.68,Average,0,0
PROD0865,NYX,Primer,2333.39,43,15,85285.4,2.9,47,Female,Combination,Hyderabad,Online,21-01-2023,0,January,1,Saturday,1,Premium,Mature,1983.38,Poor,0,0
PROD0866,Lakme,Foundation,1862.26,1,5,1769.15,3.6,16,Female,Dry,Mumbai,Retail Store,26-05-2023,0,May,2,Friday,0,Premium,Mature,1769.15,Average,0,0
PROD0867,L'Oreal,Primer,3356.38,46,0,154393.48,3.2,28,Female,Oily,Kolkata,Brand Store,17-01-2023,0,January,1,Tuesday,0,Premium,Young Adult,3356.38,Average,0,0
PROD0868,Nykaa,Highlighter,1377.01,7,0,9639.07,4.7,35,Female,Sensitive,Hyderabad,Online,15-06-2023,0,June,2,Thursday,0,Mid-Range,Mature,1377.01,Excellent,1,0
PROD0869,NYX,Eyeshadow,801.19,36,0,28842.84,3,35,Non-binary,Sensitive,Delhi,Retail Store,25-08-2023,0,August,3,Friday,0,Mid-Range,Mature,801.19,Average,0,0
PROD0870,Maybelline,Highlighter,673.39,29,5,18551.89,4.2,48,Female,Combination,Pune,Retail Store,04-08-2023,1,August,3,Friday,0,Mid-Range,Mature,639.72,Good,1,18551.89
PROD0871,Lakme,Primer,3368.18,27,20,72752.69,2.7,24,Female,Sensitive,Hyderabad,Online,07-03-2023,0,March,1,Tuesday,0,Premium,Young Adult,2694.54,Poor,0,0
PROD0872,Lakme,Blush,1949.26,26,15,43078.65,2.8,16,Male,Normal,Ahmedabad,Brand Store,13-02-2023,0,February,1,Monday,0,Premium,Mature,1656.87,Poor,0,0
PROD0873,Revlon,Foundation,2201.48,19,5,39736.71,3.9,37,Female,Sensitive,Mumbai,Online,28-01-2023,0,January,1,Saturday,1,Premium,Mature,2091.41,Average,0,0
PROD0874,Sugar,Primer,821.98,44,10,32550.41,4.1,25,Female,Combination,Hyderabad,Brand Store,04-01-2023,0,January,1,Wednesday,0,Mid-Range,Young Adult,739.78,Good,1,0
PROD0875,Maybelline,Eyeshadow,547.49,10,5,5201.15,4,23,Female,Dry,Delhi,Online,13-01-2023,0,January,1,Friday,0,Mid-Range,Young Adult,520.12,Good,1,0
PROD0876,Maybelline,Lipstick,889.12,31,0,27562.72,5,31,Male,Normal,Hyderabad,Brand Store,12-11-2023,0,November,4,Sunday,1,Mid-Range,Mature,889.12,Excellent,1,0
PROD0877,L'Oreal,Lipstick,525.02,48,10,22680.86,4.1,26,Female,Normal,Chennai,Retail Store,08-12-2023,0,December,4,Friday,0,Mid-Range,Young Adult,472.52,Good,1,0
PROD0878,NYX,Concealer,1216.48,45,0,54741.6,4.5,45,Female,Dry,Kolkata,Retail Store,23-08-2023,0,August,3,Wednesday,0,Mid-Range,Mature,1216.48,Excellent,1,0
PROD0879,NYX,Setting Spray,356.98,42,5,14243.5,4.7,55,Non-binary,Combination,Ahmedabad,Online,28-08-2023,0,August,3,Monday,0,Budget,Mature,339.13,Excellent,1,0
PROD0880,L'Oreal,Lipstick,1022.18,33,10,30358.75,3,49,Female,Oily,Kolkata,Brand Store,19-03-2023,0,March,1,Sunday,1,Mid-Range,Mature,919.96,Average,0,0
PROD0881,Sugar,Concealer,2059.19,9,0,18532.71,3.2,35,Female,Normal,Kolkata,Online,30-08-2023,0,August,3,Wednesday,0,Premium,Mature,2059.19,Average,0,0
PROD0882,Faces Canada,Primer,1202.86,45,20,43302.96,3.3,53,Male,Sensitive,Pune,Brand Store,04-02-2023,0,February,1,Saturday,1,Mid-Range,Mature,962.29,Average,0,0
PROD0883,MAC,Mascara,372.87,7,0,2610.09,3.7,46,Female,Dry,Pune,Online,31-03-2023,0,March,1,Friday,0,Budget,Mature,372.87,Average,0,0
PROD0884,Maybelline,Highlighter,466.26,17,0,7926.42,2.8,20,Female,Sensitive,Ahmedabad,Retail Store,16-01-2023,1,January,1,Monday,0,Budget,Mature,466.26,Poor,0,7926.42
PROD0885,Nykaa,Eyeliner,285.64,41,10,10540.12,3.9,28,Female,Normal,Chennai,Retail Store,27-05-2023,0,May,2,Saturday,1,Budget,Young Adult,257.08,Average,0,0
PROD0886,Faces Canada,Highlighter,2483.22,13,5,30667.77,2.7,17,Male,Oily,Delhi,Online,03-01-2023,0,January,1,Tuesday,0,Premium,Mature,2359.06,Poor,0,0
PROD0887,Maybelline,Primer,1455.55,44,0,64044.2,4.3,49,Female,Dry,Ahmedabad,Online,31-08-2023,0,August,3,Thursday,0,Mid-Range,Mature,1455.55,Good,1,0
PROD0888,L'Oreal,Primer,2884.75,29,0,83657.75,3.6,40,Female,Oily,Delhi,Brand Store,22-09-2023,0,September,3,Friday,0,Premium,Mature,2884.75,Average,0,0
PROD0889,Lakme,Eyeshadow,2525.11,22,0,55552.42,2.6,34,Female,Combination,Hyderabad,Retail Store,22-03-2023,1,March,1,Wednesday,0,Premium,Mature,2525.11,Poor,0,55552.42
PROD0890,MAC,Setting Spray,1750.29,40,0,70011.6,3.8,41,Female,Oily,Mumbai,Brand Store,15-05-2023,0,May,2,Monday,0,Premium,Mature,1750.29,Average,0,0
PROD0891,NYX,Highlighter,840.58,49,10,37069.58,2.6,29,Female,Oily,Pune,Brand Store,07-02-2023,0,February,1,Tuesday,0,Mid-Range,Young Adult,756.52,Poor,0,0
PROD0892,Lakme,Setting Spray,887.28,5,0,4436.4,4.9,54,Non-binary,Normal,Delhi,Brand Store,19-05-2023,0,May,2,Friday,0,Mid-Range,Mature,887.28,Excellent,1,0
PROD0893,Faces Canada,Eyeliner,414.57,23,20,7628.09,3.6,35,Female,Oily,Chennai,Online,11-04-2023,0,April,2,Tuesday,0,Budget,Mature,331.66,Average,0,0
PROD0894,Faces Canada,Lipstick,1308.48,25,20,26169.6,4.4,24,Female,Normal,Kolkata,Brand Store,01-03-2023,0,March,1,Wednesday,0,Mid-Range,Young Adult,1046.78,Good,1,0
PROD0895,Revlon,Concealer,702.67,28,20,15739.81,4.8,31,Female,Sensitive,Chennai,Online,31-07-2023,0,July,3,Monday,0,Mid-Range,Mature,562.14,Excellent,1,0
PROD0896,Colorbar,Primer,540.96,1,0,540.96,4.7,31,Female,Oily,Mumbai,Online,03-04-2023,0,April,2,Monday,0,Mid-Range,Mature,540.96,Excellent,1,0
PROD0897,MAC,Setting Spray,1996.75,9,10,16173.68,4,46,Female,Oily,Delhi,Brand Store,06-10-2023,0,October,4,Friday,0,Premium,Mature,1797.08,Good,1,0
PROD0898,MAC,Concealer,1352.65,20,5,25700.35,4.9,51,Female,Dry,Hyderabad,Brand Store,17-05-2023,0,May,2,Wednesday,0,Mid-Range,Mature,1285.02,Excellent,1,0
PROD0899,Lakme,Foundation,1408.58,27,5,36130.08,4.3,55,Female,Oily,Ahmedabad,Retail Store,12-03-2023,0,March,1,Sunday,1,Mid-Range,Mature,1338.15,Good,1,0
PROD0900,Faces Canada,Blush,723.44,24,0,17362.56,4.3,25,Female,Normal,Mumbai,Online,21-08-2023,1,August,3,Monday,0,Mid-Range,Young Adult,723.44,Good,1,17362.56
PROD0901,NYX,Lipstick,838.6,25,0,20965,3.3,21,Female,Sensitive,Mumbai,Retail Store,10-01-2023,0,January,1,Tuesday,0,Mid-Range,Young Adult,838.6,Average,0,0
PROD0902,MAC,Lipstick,672.39,12,20,6454.94,4.1,50,Female,Combination,Mumbai,Brand Store,28-06-2023,1,June,2,Wednesday,0,Mid-Range,Mature,537.91,Good,1,6454.94
PROD0903,NYX,Concealer,2306.44,38,20,70115.78,3,17,Female,Sensitive,Pune,Brand Store,07-08-2023,0,August,3,Monday,0,Premium,Mature,1845.15,Average,0,0
PROD0904,Maybelline,Lipstick,1472.13,47,25,51892.58,4.8,34,Female,Sensitive,Ahmedabad,Retail Store,23-09-2023,0,September,3,Saturday,1,Mid-Range,Mature,1104.1,Excellent,1,0
PROD0905,MAC,Eyeliner,283.75,1,10,255.38,3.2,33,Female,Sensitive,Delhi,Online,20-10-2023,0,October,4,Friday,0,Budget,Mature,255.38,Average,0,0
PROD0906,NYX,Concealer,1913.66,42,15,68317.66,4.5,54,Female,Combination,Mumbai,Online,14-06-2023,0,June,2,Wednesday,0,Premium,Mature,1626.61,Excellent,1,0
PROD0907,Sugar,Eyeliner,123.19,1,0,123.19,3.7,38,Female,Sensitive,Ahmedabad,Brand Store,30-01-2023,0,January,1,Monday,0,Budget,Mature,123.19,Average,0,0
PROD0908,Faces Canada,Setting Spray,833.16,5,20,3332.64,3.6,32,Female,Normal,Hyderabad,Retail Store,19-11-2023,0,November,4,Sunday,1,Mid-Range,Mature,666.53,Average,0,0
PROD0909,MAC,Lipstick,462.34,3,10,1248.32,3,48,Female,Combination,Ahmedabad,Brand Store,27-04-2023,0,April,2,Thursday,0,Budget,Mature,416.11,Average,0,0
PROD0910,NYX,Blush,285.28,23,0,6561.44,3.9,18,Female,Oily,Chennai,Retail Store,16-08-2023,0,August,3,Wednesday,0,Budget,Mature,285.28,Average,0,0
PROD0911,Revlon,Eyeshadow,2409.92,44,5,100734.66,3.5,43,Female,Oily,Hyderabad,Online,04-07-2023,0,July,3,Tuesday,0,Premium,Mature,2289.42,Average,0,0
PROD0912,Sugar,Concealer,2650.39,19,10,45321.67,4.1,26,Non-binary,Combination,Pune,Online,30-10-2023,0,October,4,Monday,0,Premium,Young Adult,2385.35,Good,1,0
PROD0913,Faces Canada,Concealer,2060.71,48,0,98914.08,3.8,53,Male,Normal,Pune,Online,17-01-2023,0,January,1,Tuesday,0,Premium,Mature,2060.71,Average,0,0
PROD0914,Maybelline,Foundation,3367.56,15,10,45462.06,3.9,52,Male,Oily,Kolkata,Brand Store,28-09-2023,0,September,3,Thursday,0,Premium,Mature,3030.8,Average,0,0
PROD0915,Faces Canada,Primer,1766.6,18,0,31798.8,3,52,Female,Combination,Hyderabad,Online,05-07-2023,0,July,3,Wednesday,0,Premium,Mature,1766.6,Average,0,0
PROD0916,MAC,Foundation,1723.47,27,0,46533.69,3.4,38,Female,Normal,Delhi,Retail Store,18-08-2023,0,August,3,Friday,0,Premium,Mature,1723.47,Average,0,0
PROD0917,Faces Canada,Mascara,640.14,27,5,16419.59,4.2,24,Female,Combination,Hyderabad,Retail Store,11-02-2023,0,February,1,Saturday,1,Mid-Range,Young Adult,608.13,Good,1,0
PROD0918,Colorbar,Mascara,1089.05,50,10,49007.25,3,27,Female,Dry,Ahmedabad,Online,15-05-2023,0,May,2,Monday,0,Mid-Range,Young Adult,980.14,Average,0,0
PROD0919,Maybelline,Eyeliner,276.08,3,20,662.59,4.6,17,Female,Dry,Bangalore,Online,29-09-2023,1,September,3,Friday,0,Budget,Mature,220.86,Excellent,1,662.59
PROD0920,L'Oreal,Concealer,1245.43,36,10,40351.93,3.1,34,Female,Combination,Delhi,Retail Store,12-11-2023,0,November,4,Sunday,1,Mid-Range,Mature,1120.89,Average,0,0
PROD0921,Revlon,Foundation,3339.69,27,20,72137.3,4.1,43,Female,Dry,Hyderabad,Retail Store,29-10-2023,1,October,4,Sunday,1,Premium,Mature,2671.75,Good,1,72137.3
PROD0922,L'Oreal,Foundation,3165.81,38,15,102255.66,4,45,Female,Normal,Kolkata,Retail Store,29-10-2023,0,October,4,Sunday,1,Premium,Mature,2690.94,Good,1,0
PROD0923,NYX,Eyeshadow,2124.68,4,0,8498.72,3.9,49,Female,Combination,Kolkata,Retail Store,02-04-2023,1,April,2,Sunday,1,Premium,Mature,2124.68,Average,0,8498.72
PROD0924,Nykaa,Eyeshadow,2220.32,37,5,78044.25,4.7,36,Female,Combination,Delhi,Retail Store,28-05-2023,0,May,2,Sunday,1,Premium,Mature,2109.3,Excellent,1,0
PROD0925,NYX,Mascara,1890.51,17,5,30531.74,5,22,Female,Combination,Chennai,Brand Store,16-04-2023,0,April,2,Sunday,1,Premium,Young Adult,1795.98,Excellent,1,0
PROD0926,Lakme,Mascara,1276.7,3,0,3830.1,4.9,50,Male,Normal,Chennai,Online,14-01-2023,0,January,1,Saturday,1,Mid-Range,Mature,1276.7,Excellent,1,0
PROD0927,Nykaa,Setting Spray,1544.28,34,0,52505.52,2.8,45,Female,Oily,Hyderabad,Online,10-08-2023,0,August,3,Thursday,0,Premium,Mature,1544.28,Poor,0,0
PROD0928,NYX,Mascara,1516.67,8,5,11526.69,4.9,21,Female,Oily,Chennai,Brand Store,17-09-2023,0,September,3,Sunday,1,Premium,Young Adult,1440.84,Excellent,1,0
PROD0929,Maybelline,Primer,2590.82,21,20,43525.78,4.7,18,Female,Sensitive,Kolkata,Online,13-10-2023,0,October,4,Friday,0,Premium,Mature,2072.66,Excellent,1,0
PROD0930,Lakme,Lipstick,764.85,38,0,29064.3,3.4,30,Female,Normal,Chennai,Retail Store,06-04-2023,0,April,2,Thursday,0,Mid-Range,Young Adult,764.85,Average,0,0
PROD0931,Maybelline,Eyeshadow,3818.03,47,0,179447.41,4.4,16,Female,Normal,Kolkata,Online,17-04-2023,0,April,2,Monday,0,Premium,Mature,3818.03,Good,1,0
PROD0932,Colorbar,Blush,1105.03,38,10,37792.03,3.1,38,Male,Dry,Ahmedabad,Brand Store,29-04-2023,0,April,2,Saturday,1,Mid-Range,Mature,994.53,Average,0,0
PROD0933,Nykaa,Eyeliner,936.58,35,10,29502.27,3.7,22,Female,Combination,Chennai,Online,17-08-2023,0,August,3,Thursday,0,Mid-Range,Young Adult,842.92,Average,0,0
PROD0934,L'Oreal,Foundation,1786.62,21,20,30015.22,4.2,38,Female,Dry,Kolkata,Brand Store,05-09-2023,0,September,3,Tuesday,0,Premium,Mature,1429.3,Good,1,0
PROD0935,Nykaa,Setting Spray,1467.96,2,0,2935.92,3.2,48,Female,Oily,Chennai,Retail Store,15-06-2023,0,June,2,Thursday,0,Mid-Range,Mature,1467.96,Average,0,0
PROD0936,Sugar,Highlighter,1447.46,17,5,23376.48,4.8,33,Female,Dry,Ahmedabad,Brand Store,24-01-2023,0,January,1,Tuesday,0,Mid-Range,Mature,1375.09,Excellent,1,0
PROD0937,L'Oreal,Setting Spray,1210.76,50,0,60538,4.1,55,Female,Sensitive,Pune,Online,11-01-2023,0,January,1,Wednesday,0,Mid-Range,Mature,1210.76,Good,1,0
PROD0938,Revlon,Concealer,2193.56,36,0,78968.16,2.7,19,Female,Sensitive,Chennai,Retail Store,22-03-2023,0,March,1,Wednesday,0,Premium,Mature,2193.56,Poor,0,0
PROD0939,NYX,Eyeshadow,3264.56,24,0,78349.44,3.3,29,Male,Oily,Chennai,Online,27-09-2023,0,September,3,Wednesday,0,Premium,Young Adult,3264.56,Average,0,0
PROD0940,Lakme,Eyeliner,318.88,20,0,6377.6,2.6,31,Male,Oily,Mumbai,Retail Store,13-07-2023,0,July,3,Thursday,0,Budget,Mature,318.88,Poor,0,0
PROD0941,Maybelline,Blush,421.26,33,10,12511.42,4.3,42,Female,Sensitive,Mumbai,Online,19-03-2023,0,March,1,Sunday,1,Budget,Mature,379.13,Good,1,0
PROD0942,MAC,Highlighter,2544.81,20,10,45806.58,4.5,43,Female,Combination,Mumbai,Retail Store,21-02-2023,0,February,1,Tuesday,0,Premium,Mature,2290.33,Excellent,1,0
PROD0943,Nykaa,Eyeliner,507.03,6,0,3042.18,3.1,42,Male,Combination,Hyderabad,Retail Store,01-10-2023,0,October,4,Sunday,1,Mid-Range,Mature,507.03,Average,0,0
PROD0944,Nykaa,Eyeliner,1431.99,49,5,66659.13,3.9,22,Non-binary,Sensitive,Ahmedabad,Online,23-07-2023,0,July,3,Sunday,1,Mid-Range,Young Adult,1360.39,Average,0,0
PROD0945,Colorbar,Eyeliner,251.64,20,0,5032.8,3.3,21,Female,Dry,Delhi,Brand Store,08-09-2023,0,September,3,Friday,0,Budget,Young Adult,251.64,Average,0,0
PROD0946,Colorbar,Highlighter,2562.63,34,15,74060.01,4.3,52,Female,Normal,Chennai,Online,09-06-2023,0,June,2,Friday,0,Premium,Mature,2178.24,Good,1,0
PROD0947,Revlon,Lipstick,1784.38,39,0,69590.82,3.5,16,Female,Dry,Hyderabad,Brand Store,08-09-2023,0,September,3,Friday,0,Premium,Mature,1784.38,Average,0,0
PROD0948,Revlon,Eyeshadow,2006.54,31,10,55982.47,3.8,21,Female,Oily,Delhi,Retail Store,07-01-2023,0,January,1,Saturday,1,Premium,Young Adult,1805.89,Average,0,0
PROD0949,MAC,Mascara,987.12,8,0,7896.96,2.6,43,Female,Sensitive,Ahmedabad,Online,08-10-2023,0,October,4,Sunday,1,Mid-Range,Mature,987.12,Poor,0,0
PROD0950,Nykaa,Foundation,3486.38,47,5,155666.87,4.8,33,Female,Combination,Pune,Brand Store,26-03-2023,0,March,1,Sunday,1,Premium,Mature,3312.06,Excellent,1,0
PROD0951,Colorbar,Eyeshadow,3822.33,24,10,82562.33,3.8,32,Non-binary,Dry,Ahmedabad,Retail Store,11-03-2023,0,March,1,Saturday,1,Premium,Mature,3440.1,Average,0,0
PROD0952,Lakme,Eyeliner,544.08,12,0,6528.96,2.9,20,Female,Dry,Mumbai,Retail Store,18-02-2023,0,February,1,Saturday,1,Mid-Range,Mature,544.08,Poor,0,0
PROD0953,Colorbar,Lipstick,1277.47,11,20,11241.74,2.7,51,Non-binary,Oily,Chennai,Retail Store,21-05-2023,0,May,2,Sunday,1,Mid-Range,Mature,1021.98,Poor,0,0
PROD0954,Colorbar,Highlighter,2268.9,24,0,54453.6,4.1,41,Female,Sensitive,Hyderabad,Brand Store,14-04-2023,0,April,2,Friday,0,Premium,Mature,2268.9,Good,1,0
PROD0955,NYX,Eyeshadow,958.98,37,25,26611.69,2.8,49,Female,Sensitive,Kolkata,Retail Store,31-10-2023,0,October,4,Tuesday,0,Mid-Range,Mature,719.23,Poor,0,0
PROD0956,Sugar,Setting Spray,655.03,1,0,655.03,4.5,29,Female,Dry,Delhi,Brand Store,01-09-2023,0,September,3,Friday,0,Mid-Range,Young Adult,655.03,Excellent,1,0
PROD0957,L'Oreal,Lipstick,1376.43,29,0,39916.47,3.6,46,Female,Sensitive,Pune,Retail Store,04-05-2023,0,May,2,Thursday,0,Mid-Range,Mature,1376.43,Average,0,0
PROD0958,Sugar,Highlighter,1257.83,34,5,40627.91,3.3,21,Female,Combination,Chennai,Online,12-08-2023,0,August,3,Saturday,1,Mid-Range,Young Adult,1194.94,Average,0,0
PROD0959,Maybelline,Blush,1504.84,28,0,42135.52,4.1,27,Female,Normal,Mumbai,Retail Store,27-06-2023,0,June,2,Tuesday,0,Premium,Young Adult,1504.84,Good,1,0
PROD0960,MAC,Primer,1585,12,0,19020,4.8,16,Female,Combination,Chennai,Retail Store,03-01-2023,0,January,1,Tuesday,0,Premium,Mature,1585,Excellent,1,0
PROD0961,NYX,Concealer,1506.77,1,0,1506.77,4,18,Female,Normal,Hyderabad,Brand Store,23-12-2023,0,December,4,Saturday,1,Premium,Mature,1506.77,Good,1,0
PROD0962,Colorbar,Lipstick,2093.47,46,15,81854.68,4.8,54,Female,Dry,Ahmedabad,Retail Store,28-11-2023,0,November,4,Tuesday,0,Premium,Mature,1779.45,Excellent,1,0
PROD0963,Revlon,Lipstick,265.35,46,10,10985.49,2.9,27,Male,Normal,Bangalore,Online,03-03-2023,0,March,1,Friday,0,Budget,Young Adult,238.82,Poor,0,0
PROD0964,Revlon,Lipstick,423.29,35,10,13333.64,3.2,28,Male,Combination,Mumbai,Retail Store,28-03-2023,1,March,1,Tuesday,0,Budget,Young Adult,380.96,Average,0,13333.64
PROD0965,Faces Canada,Concealer,235.86,43,5,9634.88,3.5,19,Female,Sensitive,Delhi,Online,17-05-2023,0,May,2,Wednesday,0,Budget,Mature,224.07,Average,0,0
PROD0966,Colorbar,Blush,696.24,33,15,19529.53,3.5,16,Female,Sensitive,Hyderabad,Retail Store,24-06-2023,0,June,2,Saturday,1,Mid-Range,Mature,591.8,Average,0,0
PROD0967,Colorbar,Foundation,3276.8,6,0,19660.8,2.8,21,Female,Oily,Bangalore,Brand Store,30-10-2023,0,October,4,Monday,0,Premium,Young Adult,3276.8,Poor,0,0
PROD0968,Lakme,Mascara,590.76,24,0,14178.24,3.7,31,Female,Dry,Hyderabad,Brand Store,09-03-2023,0,March,1,Thursday,0,Mid-Range,Mature,590.76,Average,0,0
PROD0969,L'Oreal,Blush,876.95,37,5,30824.79,3.3,30,Female,Dry,Chennai,Retail Store,01-06-2023,0,June,2,Thursday,0,Mid-Range,Young Adult,833.1,Average,0,0
PROD0970,Sugar,Foundation,1435.85,24,5,32737.38,3.4,49,Female,Dry,Ahmedabad,Brand Store,27-10-2023,0,October,4,Friday,0,Mid-Range,Mature,1364.06,Average,0,0
PROD0971,Nykaa,Eyeshadow,1582.96,44,15,59202.7,4.5,29,Female,Sensitive,Pune,Brand Store,18-05-2023,0,May,2,Thursday,0,Premium,Young Adult,1345.52,Excellent,1,0
PROD0972,MAC,Blush,1301.77,3,0,3905.31,4.8,49,Female,Dry,Bangalore,Retail Store,15-06-2023,0,June,2,Thursday,0,Mid-Range,Mature,1301.77,Excellent,1,0
PROD0973,Lakme,Setting Spray,847.35,7,0,5931.45,4.1,16,Female,Normal,Bangalore,Retail Store,28-11-2023,1,November,4,Tuesday,0,Mid-Range,Mature,847.35,Good,1,5931.45
PROD0974,NYX,Concealer,622.3,35,0,21780.5,3,17,Female,Normal,Ahmedabad,Brand Store,22-12-2023,0,December,4,Friday,0,Mid-Range,Mature,622.3,Average,0,0
PROD0975,NYX,Eyeshadow,2976.2,39,5,110268.21,3.3,41,Female,Dry,Hyderabad,Online,17-09-2023,0,September,3,Sunday,1,Premium,Mature,2827.39,Average,0,0
PROD0976,Colorbar,Blush,1151.09,2,0,2302.18,2.9,26,Female,Sensitive,Hyderabad,Brand Store,18-10-2023,0,October,4,Wednesday,0,Mid-Range,Young Adult,1151.09,Poor,0,0
PROD0977,Lakme,Concealer,2722.82,20,0,54456.4,4.5,25,Female,Normal,Pune,Retail Store,01-01-2023,0,January,1,Sunday,1,Premium,Young Adult,2722.82,Excellent,1,0
PROD0978,NYX,Mascara,752.86,12,0,9034.32,3.1,29,Female,Dry,Kolkata,Online,12-10-2023,0,October,4,Thursday,0,Mid-Range,Young Adult,752.86,Average,0,0
PROD0979,L'Oreal,Eyeliner,581.94,31,20,14432.11,3.9,41,Male,Normal,Chennai,Retail Store,28-12-2023,0,December,4,Thursday,0,Mid-Range,Mature,465.55,Average,0,0
PROD0980,L'Oreal,Highlighter,1158.88,9,5,9908.42,3.5,36,Female,Normal,Hyderabad,Brand Store,01-10-2023,0,October,4,Sunday,1,Mid-Range,Mature,1100.94,Average,0,0
PROD0981,Lakme,Setting Spray,676.1,39,15,22412.72,2.9,31,Female,Combination,Pune,Retail Store,01-01-2023,0,January,1,Sunday,1,Mid-Range,Mature,574.69,Poor,0,0
PROD0982,MAC,Foundation,740.99,13,0,9632.87,2.6,35,Female,Combination,Kolkata,Online,03-04-2023,0,April,2,Monday,0,Mid-Range,Mature,740.99,Poor,0,0
PROD0983,Sugar,Highlighter,393.07,27,5,10082.25,2.9,41,Female,Oily,Delhi,Retail Store,21-02-2023,0,February,1,Tuesday,0,Budget,Mature,373.42,Poor,0,0
PROD0984,L'Oreal,Lipstick,933.08,37,0,34523.96,3.8,45,Female,Normal,Mumbai,Retail Store,28-01-2023,0,January,1,Saturday,1,Mid-Range,Mature,933.08,Average,0,0
PROD0985,Colorbar,Foundation,2882.61,29,5,79415.91,3.8,46,Female,Combination,Pune,Brand Store,02-04-2023,1,April,2,Sunday,1,Premium,Mature,2738.48,Average,0,79415.91
PROD0986,Maybelline,Highlighter,705.2,22,5,14738.68,4.9,53,Male,Sensitive,Hyderabad,Online,21-08-2023,0,August,3,Monday,0,Mid-Range,Mature,669.94,Excellent,1,0
PROD0987,Maybelline,Lipstick,2196.03,30,0,65880.9,3.4,54,Female,Normal,Pune,Retail Store,01-06-2023,0,June,2,Thursday,0,Premium,Mature,2196.03,Average,0,0
PROD0988,L'Oreal,Blush,909.08,27,5,23317.9,2.5,36,Female,Oily,Hyderabad,Brand Store,02-07-2023,0,July,3,Sunday,1,Mid-Range,Mature,863.63,Poor,0,0
PROD0989,MAC,Highlighter,772.31,35,0,27030.85,2.7,25,Female,Combination,Ahmedabad,Retail Store,23-08-2023,0,August,3,Wednesday,0,Mid-Range,Young Adult,772.31,Poor,0,0
PROD0990,Colorbar,Primer,1820.56,5,10,8192.52,3.3,18,Female,Oily,Bangalore,Brand Store,10-02-2023,0,February,1,Friday,0,Premium,Mature,1638.5,Average,0,0
PROD0991,Nykaa,Blush,1151.06,12,0,13812.72,4.9,32,Female,Oily,Delhi,Retail Store,20-10-2023,0,October,4,Friday,0,Mid-Range,Mature,1151.06,Excellent,1,0
PROD0992,Faces Canada,Primer,3048.01,16,10,43891.34,4.2,19,Female,Normal,Pune,Brand Store,12-08-2023,0,August,3,Saturday,1,Premium,Mature,2743.21,Good,1,0
PROD0993,NYX,Mascara,1102.32,3,10,2976.26,4,27,Female,Oily,Hyderabad,Retail Store,10-01-2023,0,January,1,Tuesday,0,Mid-Range,Young Adult,992.09,Good,1,0
PROD0994,NYX,Blush,1289.96,41,10,47599.52,3.3,30,Female,Combination,Chennai,Online,10-11-2023,0,November,4,Friday,0,Mid-Range,Young Adult,1160.96,Average,0,0
PROD0995,Colorbar,Eyeliner,688.49,39,5,25508.55,3.3,40,Female,Oily,Ahmedabad,Brand Store,13-06-2023,0,June,2,Tuesday,0,Mid-Range,Mature,654.07,Average,0,0
PROD0996,Sugar,Eyeliner,394.1,45,10,15961.05,2.9,40,Female,Oily,Hyderabad,Retail Store,20-10-2023,1,October,4,Friday,0,Budget,Mature,354.69,Poor,0,15961.05
PROD0997,Revlon,Primer,656.67,48,10,28368.14,5,39,Female,Combination,Hyderabad,Retail Store,28-08-2023,0,August,3,Monday,0,Mid-Range,Mature,591,Excellent,1,0
PROD0998,Colorbar,Mascara,832.28,28,0,23303.84,3.5,17,Non-binary,Normal,Hyderabad,Brand Store,12-07-2023,1,July,3,Wednesday,0,Mid-Range,Mature,832.28,Average,0,23303.84
PROD0999,Maybelline,Setting Spray,463.96,14,0,6495.44,3,23,Female,Dry,Hyderabad,Online,25-07-2023,0,July,3,Tuesday,0,Budget,Young Adult,463.96,Average,0,0
PROD1000,Nykaa,Eyeshadow,3631.6,18,20,52295.04,3.3,39,Female,Combination,Delhi,Brand Store,30-09-2023,0,September,3,Saturday,1,Premium,Mature,2905.28,Average,0,0
PROD1001,Sugar,Eyeliner,500.08,29,10,13052.09,2.9,27,Female,Oily,Kolkata,Retail Store,21-06-2023,0,June,2,Wednesday,0,Mid-Range,Young Adult,450.07,Poor,0,0
PROD1002,Nykaa,Foundation,2156.09,27,5,55303.71,4.9,42,Female,Oily,Chennai,Brand Store,12-03-2023,0,March,1,Sunday,1,Premium,Mature,2048.29,Excellent,1,0
PROD1003,Colorbar,Foundation,2125.44,27,0,57386.88,4.9,36,Female,Sensitive,Chennai,Online,17-12-2023,0,December,4,Sunday,1,Premium,Mature,2125.44,Excellent,1,0
PROD1004,Nykaa,Setting Spray,1238.05,13,0,16094.65,4.6,26,Female,Dry,Ahmedabad,Retail Store,31-12-2023,1,December,4,Sunday,1,Mid-Range,Young Adult,1238.05,Excellent,1,16094.65
PROD1005,Maybelline,Blush,2262.4,14,25,23755.2,3.9,45,Female,Sensitive,Chennai,Brand Store,04-05-2023,0,May,2,Thursday,0,Premium,Mature,1696.8,Average,0,0
PROD1006,Maybelline,Primer,2891.23,22,5,60426.71,4.7,26,Female,Oily,Chennai,Retail Store,17-01-2023,0,January,1,Tuesday,0,Premium,Young Adult,2746.67,Excellent,1,0
PROD1007,Sugar,Primer,3072.59,5,5,14594.8,4.5,32,Female,Sensitive,Delhi,Brand Store,01-10-2023,0,October,4,Sunday,1,Premium,Mature,2918.96,Excellent,1,0
PROD1008,NYX,Lipstick,2066.64,47,0,97132.08,4.4,39,Female,Sensitive,Kolkata,Brand Store,14-08-2023,0,August,3,Monday,0,Premium,Mature,2066.64,Good,1,0
PROD1009,NYX,Mascara,1564.05,38,15,50518.82,4.4,23,Female,Normal,Bangalore,Retail Store,14-03-2023,1,March,1,Tuesday,0,Premium,Young Adult,1329.44,Good,1,50518.82
PROD1010,NYX,Eyeshadow,658.46,42,15,23507.02,4.2,45,Female,Combination,Ahmedabad,Online,19-12-2023,0,December,4,Tuesday,0,Mid-Range,Mature,559.69,Good,1,0
PROD1011,Colorbar,Blush,868.7,3,0,2606.1,4.4,25,Male,Dry,Hyderabad,Online,16-10-2023,0,October,4,Monday,0,Mid-Range,Young Adult,868.7,Good,1,0
PROD1012,Colorbar,Mascara,1340.64,31,0,41559.84,4.3,34,Female,Dry,Bangalore,Brand Store,30-05-2023,0,May,2,Tuesday,0,Mid-Range,Mature,1340.64,Good,1,0
PROD1013,Lakme,Eyeshadow,3448.25,38,10,117930.15,3.3,53,Female,Combination,Mumbai,Retail Store,22-09-2023,0,September,3,Friday,0,Premium,Mature,3103.42,Average,0,0
PROD1014,Revlon,Mascara,1358.58,38,5,49044.74,4.6,36,Female,Normal,Pune,Retail Store,26-09-2023,0,September,3,Tuesday,0,Mid-Range,Mature,1290.65,Excellent,1,0
PROD1015,Lakme,Highlighter,2105.28,5,0,10526.4,3.4,35,Female,Dry,Chennai,Online,03-03-2023,0,March,1,Friday,0,Premium,Mature,2105.28,Average,0,0
PROD1016,Colorbar,Eyeliner,1377.7,1,0,1377.7,4.6,49,Female,Dry,Chennai,Brand Store,17-01-2023,0,January,1,Tuesday,0,Mid-Range,Mature,1377.7,Excellent,1,0
PROD1017,Faces Canada,Concealer,373.78,36,15,11437.67,4.9,50,Female,Normal,Delhi,Online,07-05-2023,0,May,2,Sunday,1,Budget,Mature,317.71,Excellent,1,0
PROD1018,MAC,Mascara,610.24,46,20,22456.83,3.6,18,Female,Combination,Hyderabad,Brand Store,08-04-2023,0,April,2,Saturday,1,Mid-Range,Mature,488.19,Average,0,0
PROD1019,Faces Canada,Mascara,744.27,14,10,9377.8,3.1,53,Female,Oily,Ahmedabad,Retail Store,27-01-2023,0,January,1,Friday,0,Mid-Range,Mature,669.84,Average,0,0
PROD1020,Sugar,Eyeshadow,729.82,6,20,3503.14,3.7,22,Female,Normal,Chennai,Brand Store,05-01-2023,0,January,1,Thursday,0,Mid-Range,Young Adult,583.86,Average,0,0
PROD1021,Sugar,Foundation,2787.44,13,10,32613.05,4,55,Female,Combination,Ahmedabad,Online,04-11-2023,0,November,4,Saturday,1,Premium,Mature,2508.7,Good,1,0
PROD1022,Faces Canada,Concealer,1456.01,19,0,27664.19,4.9,35,Female,Dry,Hyderabad,Brand Store,14-12-2023,0,December,4,Thursday,0,Mid-Range,Mature,1456.01,Excellent,1,0
PROD1023,Maybelline,Eyeliner,1468.1,12,0,17617.2,3.7,36,Female,Dry,Ahmedabad,Retail Store,10-08-2023,0,August,3,Thursday,0,Mid-Range,Mature,1468.1,Average,0,0
PROD1024,Revlon,Eyeliner,992.67,35,5,33006.28,4.6,28,Female,Dry,Delhi,Online,06-06-2023,0,June,2,Tuesday,0,Mid-Range,Young Adult,943.04,Excellent,1,0
PROD1025,NYX,Foundation,3268.09,14,10,41177.93,3.9,25,Female,Dry,Pune,Online,29-03-2023,0,March,1,Wednesday,0,Premium,Young Adult,2941.28,Average,0,0
PROD1026,Revlon,Mascara,1922.03,31,0,59582.93,4.1,42,Female,Combination,Hyderabad,Online,05-06-2023,0,June,2,Monday,0,Premium,Mature,1922.03,Good,1,0
PROD1027,Revlon,Concealer,1368.69,28,0,38323.32,3.9,42,Non-binary,Oily,Mumbai,Retail Store,01-07-2023,0,July,3,Saturday,1,Mid-Range,Mature,1368.69,Average,0,0
PROD1028,NYX,Eyeliner,126.29,46,10,5228.41,3,32,Female,Oily,Hyderabad,Retail Store,15-07-2023,0,July,3,Saturday,1,Budget,Mature,113.66,Average,0,0
PROD1029,MAC,Eyeshadow,2584.57,29,10,67457.28,4.6,22,Female,Dry,Delhi,Online,03-09-2023,1,September,3,Sunday,1,Premium,Young Adult,2326.11,Excellent,1,67457.28
PROD1030,Nykaa,Lipstick,1781.63,46,0,81954.98,3.7,33,Female,Oily,Kolkata,Online,25-06-2023,0,June,2,Sunday,1,Premium,Mature,1781.63,Average,0,0
PROD1031,Maybelline,Blush,1311.11,48,5,59786.62,2.7,42,Female,Sensitive,Bangalore,Online,13-04-2023,0,April,2,Thursday,0,Mid-Range,Mature,1245.55,Poor,0,0
PROD1032,Colorbar,Concealer,1620.67,43,10,62719.93,3.2,49,Female,Oily,Hyderabad,Brand Store,04-02-2023,0,February,1,Saturday,1,Premium,Mature,1458.6,Average,0,0
PROD1033,Revlon,Concealer,2553.17,29,10,66637.74,4.4,29,Female,Normal,Bangalore,Retail Store,05-07-2023,0,July,3,Wednesday,0,Premium,Young Adult,2297.85,Good,1,0
PROD1034,NYX,Blush,1607.74,2,25,2411.61,2.9,42,Female,Normal,Kolkata,Retail Store,28-09-2023,0,September,3,Thursday,0,Premium,Mature,1205.8,Poor,0,0
PROD1035,Lakme,Concealer,1670.42,3,10,4510.13,4.9,36,Female,Sensitive,Ahmedabad,Retail Store,04-02-2023,0,February,1,Saturday,1,Premium,Mature,1503.38,Excellent,1,0
PROD1036,Maybelline,Primer,2048,33,0,67584,4.6,21,Female,Dry,Ahmedabad,Brand Store,17-12-2023,0,December,4,Sunday,1,Premium,Young Adult,2048,Excellent,1,0
PROD1037,L'Oreal,Eyeliner,1010.27,5,5,4798.78,3,52,Female,Sensitive,Pune,Retail Store,10-08-2023,0,August,3,Thursday,0,Mid-Range,Mature,959.76,Average,0,0
PROD1038,Lakme,Blush,1652.93,25,15,35124.76,2.5,30,Female,Dry,Pune,Retail Store,25-04-2023,0,April,2,Tuesday,0,Premium,Young Adult,1404.99,Poor,0,0
PROD1039,Sugar,Primer,2425.85,13,0,31536.05,4.4,52,Female,Sensitive,Pune,Brand Store,17-03-2023,0,March,1,Friday,0,Premium,Mature,2425.85,Good,1,0
PROD1040,Faces Canada,Lipstick,1584.02,3,0,4752.06,4.4,50,Male,Combination,Pune,Online,28-04-2023,0,April,2,Friday,0,Premium,Mature,1584.02,Good,1,0
PROD1041,Nykaa,Mascara,1983.8,15,20,23805.6,4.8,29,Male,Dry,Pune,Online,14-08-2023,0,August,3,Monday,0,Premium,Young Adult,1587.04,Excellent,1,0
PROD1042,Sugar,Lipstick,2195.19,48,0,105369.12,3,19,Female,Normal,Ahmedabad,Retail Store,14-07-2023,0,July,3,Friday,0,Premium,Mature,2195.19,Average,0,0
PROD1043,Faces Canada,Mascara,1843.82,47,0,86659.54,3.8,26,Female,Normal,Chennai,Online,03-07-2023,0,July,3,Monday,0,Premium,Young Adult,1843.82,Average,0,0
PROD1044,MAC,Eyeshadow,3945.05,33,20,104149.32,3.4,32,Female,Oily,Delhi,Retail Store,04-08-2023,0,August,3,Friday,0,Premium,Mature,3156.04,Average,0,0
PROD1045,Revlon,Concealer,2658.85,5,0,13294.25,3.6,35,Female,Oily,Chennai,Brand Store,19-07-2023,0,July,3,Wednesday,0,Premium,Mature,2658.85,Average,0,0
PROD1046,Revlon,Blush,351.13,16,0,5618.08,2.9,16,Female,Dry,Bangalore,Brand Store,29-08-2023,0,August,3,Tuesday,0,Budget,Mature,351.13,Poor,0,0
PROD1047,NYX,Eyeshadow,1674.68,27,20,36173.09,4.6,42,Non-binary,Sensitive,Bangalore,Online,09-12-2023,0,December,4,Saturday,1,Premium,Mature,1339.74,Excellent,1,0
PROD1048,L'Oreal,Foundation,394.97,14,20,4423.66,3.3,39,Female,Combination,Hyderabad,Brand Store,14-01-2023,0,January,1,Saturday,1,Budget,Mature,315.98,Average,0,0
PROD1049,L'Oreal,Lipstick,2301.14,3,25,5177.57,3.8,54,Female,Oily,Bangalore,Online,25-04-2023,0,April,2,Tuesday,0,Premium,Mature,1725.86,Average,0,0
PROD1050,Sugar,Foundation,1785.65,27,5,45801.92,4.6,50,Male,Sensitive,Ahmedabad,Online,01-01-2023,0,January,1,Sunday,1,Premium,Mature,1696.37,Excellent,1,0
PROD1051,L'Oreal,Blush,975.79,35,0,34152.65,3.4,55,Female,Normal,Delhi,Retail Store,20-10-2023,0,October,4,Friday,0,Mid-Range,Mature,975.79,Average,0,0
PROD1052,L'Oreal,Mascara,605.22,6,10,3268.19,4.4,41,Female,Oily,Hyderabad,Brand Store,09-05-2023,0,May,2,Tuesday,0,Mid-Range,Mature,544.7,Good,1,0
PROD1053,Sugar,Concealer,1937.39,34,20,52697.01,3.8,33,Female,Normal,Bangalore,Retail Store,16-03-2023,0,March,1,Thursday,0,Premium,Mature,1549.91,Average,0,0
PROD1054,Nykaa,Lipstick,1652.96,13,0,21488.48,4.9,16,Male,Oily,Bangalore,Brand Store,02-05-2023,0,May,2,Tuesday,0,Premium,Mature,1652.96,Excellent,1,0
PROD1055,Sugar,Setting Spray,1122.02,23,0,25806.46,3,52,Female,Dry,Kolkata,Retail Store,15-05-2023,0,May,2,Monday,0,Mid-Range,Mature,1122.02,Average,0,0
PROD1056,Faces Canada,Blush,2328.67,22,10,46107.67,5,27,Female,Normal,Hyderabad,Retail Store,22-08-2023,0,August,3,Tuesday,0,Premium,Young Adult,2095.8,Excellent,1,0
PROD1057,Faces Canada,Concealer,882.71,24,10,19066.54,3.6,17,Non-binary,Dry,Bangalore,Online,26-02-2023,0,February,1,Sunday,1,Mid-Range,Mature,794.44,Average,0,0
PROD1058,Revlon,Mascara,751.96,28,0,21054.88,3.9,21,Female,Sensitive,Bangalore,Retail Store,15-12-2023,0,December,4,Friday,0,Mid-Range,Young Adult,751.96,Average,0,0
PROD1059,Faces Canada,Concealer,1762.04,10,5,16739.38,3.9,49,Female,Combination,Mumbai,Brand Store,22-12-2023,1,December,4,Friday,0,Premium,Mature,1673.94,Average,0,16739.38
PROD1060,L'Oreal,Concealer,459.46,11,0,5054.06,4.1,55,Female,Dry,Chennai,Brand Store,09-11-2023,0,November,4,Thursday,0,Budget,Mature,459.46,Good,1,0
PROD1061,Nykaa,Lipstick,881.24,34,0,29962.16,4.9,46,Female,Dry,Ahmedabad,Retail Store,03-06-2023,0,June,2,Saturday,1,Mid-Range,Mature,881.24,Excellent,1,0
PROD1062,NYX,Primer,1046.35,47,15,41801.68,4,20,Female,Dry,Mumbai,Retail Store,24-03-2023,0,March,1,Friday,0,Mid-Range,Mature,889.4,Good,1,0
PROD1063,Nykaa,Eyeshadow,3209.14,42,5,128044.69,3.5,53,Female,Combination,Chennai,Online,22-05-2023,0,May,2,Monday,0,Premium,Mature,3048.68,Average,0,0
PROD1064,L'Oreal,Setting Spray,649.12,10,10,5842.08,4.2,36,Female,Oily,Mumbai,Brand Store,26-09-2023,0,September,3,Tuesday,0,Mid-Range,Mature,584.21,Good,1,0
PROD1065,MAC,Eyeliner,1024.25,20,20,16388,4.6,50,Male,Oily,Ahmedabad,Online,24-06-2023,0,June,2,Saturday,1,Mid-Range,Mature,819.4,Excellent,1,0
PROD1066,Nykaa,Lipstick,2127.19,17,5,34354.12,2.8,45,Male,Dry,Kolkata,Brand Store,21-12-2023,0,December,4,Thursday,0,Premium,Mature,2020.83,Poor,0,0
PROD1067,MAC,Blush,1425.91,6,10,7699.91,5,54,Male,Normal,Pune,Online,10-08-2023,0,August,3,Thursday,0,Mid-Range,Mature,1283.32,Excellent,1,0
PROD1068,NYX,Blush,2285.55,41,5,89022.17,3.8,42,Female,Oily,Hyderabad,Retail Store,06-09-2023,0,September,3,Wednesday,0,Premium,Mature,2171.27,Average,0,0
PROD1069,Nykaa,Setting Spray,1431.23,7,10,9016.75,5,47,Male,Sensitive,Kolkata,Brand Store,08-12-2023,0,December,4,Friday,0,Mid-Range,Mature,1288.11,Excellent,1,0
PROD1070,Maybelline,Setting Spray,1278.14,8,0,10225.12,4.9,31,Female,Sensitive,Pune,Brand Store,21-07-2023,0,July,3,Friday,0,Mid-Range,Mature,1278.14,Excellent,1,0
PROD1071,Sugar,Eyeliner,902.26,34,20,24541.47,2.6,41,Female,Oily,Kolkata,Brand Store,03-04-2023,0,April,2,Monday,0,Mid-Range,Mature,721.81,Poor,0,0
PROD1072,NYX,Foundation,3246.06,2,15,5518.3,4.3,32,Female,Combination,Pune,Brand Store,08-05-2023,0,May,2,Monday,0,Premium,Mature,2759.15,Good,1,0
PROD1073,Sugar,Concealer,2017.37,41,15,70305.34,3.2,26,Female,Sensitive,Chennai,Brand Store,25-07-2023,0,July,3,Tuesday,0,Premium,Young Adult,1714.76,Average,0,0
PROD1074,Sugar,Mascara,1741.82,22,0,38320.04,3.4,50,Female,Combination,Chennai,Retail Store,16-02-2023,0,February,1,Thursday,0,Premium,Mature,1741.82,Average,0,0
PROD1075,L'Oreal,Eyeliner,1158.95,13,0,15066.35,3.2,47,Male,Normal,Pune,Retail Store,23-03-2023,1,March,1,Thursday,0,Mid-Range,Mature,1158.95,Average,0,15066.35
PROD1076,MAC,Foundation,2161.49,33,0,71329.17,4.3,51,Female,Sensitive,Hyderabad,Brand Store,13-11-2023,0,November,4,Monday,0,Premium,Mature,2161.49,Good,1,0
PROD1077,Colorbar,Foundation,3226.95,43,0,138758.85,3.5,32,Female,Combination,Bangalore,Brand Store,23-07-2023,0,July,3,Sunday,1,Premium,Mature,3226.95,Average,0,0
PROD1078,Colorbar,Blush,1532.31,6,0,9193.86,3.3,30,Female,Dry,Ahmedabad,Online,08-12-2023,1,December,4,Friday,0,Premium,Young Adult,1532.31,Average,0,9193.86
PROD1079,MAC,Eyeshadow,1207.05,15,5,17200.46,3.6,29,Female,Combination,Bangalore,Online,11-01-2023,0,January,1,Wednesday,0,Mid-Range,Young Adult,1146.7,Average,0,0
PROD1080,Nykaa,Eyeliner,878.41,37,10,29251.05,3,27,Male,Sensitive,Kolkata,Brand Store,18-07-2023,0,July,3,Tuesday,0,Mid-Range,Young Adult,790.57,Average,0,0
PROD1081,NYX,Concealer,1320.85,24,20,25360.32,4.8,31,Female,Combination,Pune,Brand Store,21-12-2023,0,December,4,Thursday,0,Mid-Range,Mature,1056.68,Excellent,1,0
PROD1082,Faces Canada,Eyeshadow,2441.73,7,0,17092.11,5,48,Female,Combination,Ahmedabad,Brand Store,06-11-2023,0,November,4,Monday,0,Premium,Mature,2441.73,Excellent,1,0
PROD1083,MAC,Primer,1841.85,37,5,64741.03,4.6,45,Female,Sensitive,Ahmedabad,Retail Store,29-03-2023,0,March,1,Wednesday,0,Premium,Mature,1749.76,Excellent,1,0
PROD1084,Revlon,Lipstick,1295.72,46,5,56622.96,2.9,38,Female,Combination,Delhi,Brand Store,15-01-2023,0,January,1,Sunday,1,Mid-Range,Mature,1230.93,Poor,0,0
PROD1085,Nykaa,Mascara,586.58,29,0,17010.82,3.3,35,Female,Sensitive,Pune,Online,18-09-2023,1,September,3,Monday,0,Mid-Range,Mature,586.58,Average,0,17010.82
PROD1086,Colorbar,Primer,1374.14,1,5,1305.43,4.9,19,Female,Oily,Pune,Brand Store,06-02-2023,0,February,1,Monday,0,Mid-Range,Mature,1305.43,Excellent,1,0
PROD1087,MAC,Mascara,647.09,39,20,20189.21,4.4,27,Female,Normal,Bangalore,Online,19-06-2023,0,June,2,Monday,0,Mid-Range,Young Adult,517.67,Good,1,0
PROD1088,Nykaa,Setting Spray,1668.16,25,20,33363.2,4.2,24,Female,Oily,Pune,Online,01-04-2023,0,April,2,Saturday,1,Premium,Young Adult,1334.53,Good,1,0
PROD1089,Maybelline,Eyeliner,357.58,26,20,7437.66,3,38,Female,Normal,Delhi,Retail Store,26-09-2023,0,September,3,Tuesday,0,Budget,Mature,286.06,Average,0,0
PROD1090,Faces Canada,Lipstick,335.1,24,10,7238.16,2.7,16,Female,Combination,Mumbai,Online,15-01-2023,0,January,1,Sunday,1,Budget,Mature,301.59,Poor,0,0
PROD1091,Maybelline,Concealer,2684.81,13,20,27922.02,4.1,47,Non-binary,Dry,Bangalore,Brand Store,19-02-2023,0,February,1,Sunday,1,Premium,Mature,2147.85,Good,1,0
PROD1092,Revlon,Setting Spray,1275.35,29,15,31437.38,4.3,27,Female,Oily,Bangalore,Retail Store,03-10-2023,0,October,4,Tuesday,0,Mid-Range,Young Adult,1084.05,Good,1,0
PROD1093,NYX,Foundation,3292.04,7,20,18435.42,3.4,27,Female,Normal,Bangalore,Online,21-03-2023,1,March,1,Tuesday,0,Premium,Young Adult,2633.63,Average,0,18435.42
PROD1094,Faces Canada,Eyeliner,1264.31,29,5,34831.74,4.9,51,Female,Dry,Delhi,Retail Store,03-05-2023,1,May,2,Wednesday,0,Mid-Range,Mature,1201.09,Excellent,1,34831.74
PROD1095,Lakme,Highlighter,1266.83,31,10,35344.56,4.5,53,Female,Oily,Delhi,Brand Store,14-06-2023,1,June,2,Wednesday,0,Mid-Range,Mature,1140.15,Excellent,1,35344.56
PROD1096,Faces Canada,Primer,1621.37,35,5,53910.55,4.1,34,Female,Normal,Pune,Online,30-05-2023,1,May,2,Tuesday,0,Premium,Mature,1540.3,Good,1,53910.55
PROD1097,Nykaa,Highlighter,521.53,2,10,938.75,3.7,36,Female,Normal,Ahmedabad,Brand Store,28-05-2023,0,May,2,Sunday,1,Mid-Range,Mature,469.38,Average,0,0
PROD1098,Lakme,Primer,982.23,6,25,4420.03,3.3,53,Female,Combination,Bangalore,Brand Store,01-10-2023,0,October,4,Sunday,1,Mid-Range,Mature,736.67,Average,0,0
PROD1099,MAC,Highlighter,1249.12,35,0,43719.2,2.6,43,Female,Combination,Bangalore,Brand Store,23-01-2023,1,January,1,Monday,0,Mid-Range,Mature,1249.12,Poor,0,43719.2
PROD1100,MAC,Mascara,1482.05,5,10,6669.23,4.3,47,Female,Sensitive,Chennai,Brand Store,15-07-2023,0,July,3,Saturday,1,Mid-Range,Mature,1333.85,Good,1,0
PROD1101,Lakme,Blush,2284.79,43,0,98245.97,4.5,37,Female,Dry,Bangalore,Retail Store,25-07-2023,0,July,3,Tuesday,0,Premium,Mature,2284.79,Excellent,1,0
PROD1102,Colorbar,Eyeshadow,2773.24,28,5,73768.18,4.2,35,Female,Combination,Chennai,Brand Store,06-01-2023,0,January,1,Friday,0,Premium,Mature,2634.58,Good,1,0
PROD1103,MAC,Blush,2087.45,32,10,60118.56,3.1,16,Female,Normal,Kolkata,Online,20-12-2023,0,December,4,Wednesday,0,Premium,Mature,1878.7,Average,0,0
PROD1104,L'Oreal,Foundation,3187,32,5,96884.8,2.7,50,Non-binary,Combination,Pune,Online,22-12-2023,0,December,4,Friday,0,Premium,Mature,3027.65,Poor,0,0
PROD1105,Colorbar,Blush,837.63,49,5,38991.68,2.8,28,Female,Normal,Delhi,Brand Store,23-09-2023,1,September,3,Saturday,1,Mid-Range,Young Adult,795.75,Poor,0,38991.68
PROD1106,Maybelline,Foundation,1030.89,25,15,21906.41,3,20,Female,Sensitive,Chennai,Retail Store,15-03-2023,0,March,1,Wednesday,0,Mid-Range,Mature,876.26,Average,0,0
PROD1107,MAC,Primer,2782.27,47,0,130766.69,3.3,52,Male,Combination,Mumbai,Online,09-05-2023,1,May,2,Tuesday,0,Premium,Mature,2782.27,Average,0,130766.69
PROD1108,Lakme,Eyeshadow,1747.25,10,5,16598.88,4.9,48,Female,Dry,Delhi,Online,21-06-2023,0,June,2,Wednesday,0,Premium,Mature,1659.89,Excellent,1,0
PROD1109,Maybelline,Eyeliner,1280.63,39,0,49944.57,3.8,51,Non-binary,Sensitive,Bangalore,Online,30-01-2023,0,January,1,Monday,0,Mid-Range,Mature,1280.63,Average,0,0
PROD1110,Faces Canada,Primer,453.15,47,0,21298.05,2.9,36,Male,Dry,Pune,Online,17-12-2023,0,December,4,Sunday,1,Budget,Mature,453.15,Poor,0,0
PROD1111,Lakme,Setting Spray,1683.11,50,5,79947.72,3.9,30,Female,Sensitive,Mumbai,Brand Store,29-11-2023,0,November,4,Wednesday,0,Premium,Young Adult,1598.95,Average,0,0
PROD1112,Nykaa,Setting Spray,779.48,40,20,24943.36,3.5,31,Female,Combination,Ahmedabad,Brand Store,22-11-2023,0,November,4,Wednesday,0,Mid-Range,Mature,623.58,Average,0,0
PROD1113,Sugar,Mascara,1165.15,24,5,26565.42,3.1,34,Male,Combination,Bangalore,Retail Store,08-07-2023,0,July,3,Saturday,1,Mid-Range,Mature,1106.89,Average,0,0
PROD1114,L'Oreal,Blush,344.79,27,5,8843.86,4.3,50,Male,Dry,Chennai,Retail Store,30-06-2023,0,June,2,Friday,0,Budget,Mature,327.55,Good,1,0
PROD1115,Sugar,Highlighter,2280.05,29,0,66121.45,4.9,45,Female,Combination,Pune,Retail Store,10-03-2023,0,March,1,Friday,0,Premium,Mature,2280.05,Excellent,1,0
PROD1116,MAC,Eyeshadow,2402.6,47,0,112922.2,4.1,55,Male,Sensitive,Pune,Retail Store,29-07-2023,0,July,3,Saturday,1,Premium,Mature,2402.6,Good,1,0
PROD1117,L'Oreal,Highlighter,1569.1,35,10,49426.65,4.1,35,Female,Dry,Kolkata,Online,10-10-2023,0,October,4,Tuesday,0,Premium,Mature,1412.19,Good,1,0
PROD1118,Nykaa,Primer,958.16,29,0,27786.64,2.6,29,Female,Dry,Kolkata,Brand Store,15-12-2023,0,December,4,Friday,0,Mid-Range,Young Adult,958.16,Poor,0,0
PROD1119,Colorbar,Highlighter,2410.8,13,20,25072.32,2.9,36,Female,Dry,Ahmedabad,Online,07-09-2023,0,September,3,Thursday,0,Premium,Mature,1928.64,Poor,0,0
PROD1120,Faces Canada,Setting Spray,1549.78,3,0,4649.34,4.2,20,Non-binary,Oily,Delhi,Online,28-01-2023,0,January,1,Saturday,1,Premium,Mature,1549.78,Good,1,0
PROD1121,MAC,Concealer,2133.06,14,10,26876.56,3.3,20,Female,Combination,Pune,Brand Store,17-08-2023,0,August,3,Thursday,0,Premium,Mature,1919.75,Average,0,0
PROD1122,NYX,Blush,477.48,36,10,15470.35,2.9,25,Female,Oily,Bangalore,Retail Store,13-11-2023,0,November,4,Monday,0,Budget,Young Adult,429.73,Poor,0,0
PROD1123,NYX,Eyeliner,1065.64,16,5,16197.73,4.9,25,Female,Oily,Ahmedabad,Online,15-07-2023,0,July,3,Saturday,1,Mid-Range,Young Adult,1012.36,Excellent,1,0
PROD1124,Colorbar,Lipstick,1782.37,24,20,34221.5,4.8,53,Non-binary,Oily,Bangalore,Retail Store,10-12-2023,0,December,4,Sunday,1,Premium,Mature,1425.9,Excellent,1,0
PROD1125,Revlon,Foundation,519.52,9,15,3974.33,4.1,41,Non-binary,Dry,Bangalore,Online,14-06-2023,0,June,2,Wednesday,0,Mid-Range,Mature,441.59,Good,1,0
PROD1126,Revlon,Foundation,2228.6,32,25,53486.4,2.5,53,Male,Combination,Kolkata,Online,09-04-2023,0,April,2,Sunday,1,Premium,Mature,1671.45,Poor,0,0
PROD1127,Sugar,Lipstick,932.02,11,10,9227,2.6,31,Non-binary,Normal,Hyderabad,Retail Store,22-06-2023,0,June,2,Thursday,0,Mid-Range,Mature,838.82,Poor,0,0
PROD1128,Maybelline,Eyeliner,565.42,3,5,1611.45,2.8,55,Female,Sensitive,Mumbai,Brand Store,14-07-2023,0,July,3,Friday,0,Mid-Range,Mature,537.15,Poor,0,0
PROD1129,Lakme,Highlighter,2176.97,18,0,39185.46,4.2,37,Female,Normal,Pune,Brand Store,25-06-2023,0,June,2,Sunday,1,Premium,Mature,2176.97,Good,1,0
PROD1130,Faces Canada,Blush,683.23,19,0,12981.37,3.2,44,Male,Combination,Delhi,Brand Store,28-02-2023,0,February,1,Tuesday,0,Mid-Range,Mature,683.23,Average,0,0
PROD1131,MAC,Foundation,537.2,24,0,12892.8,2.7,52,Female,Oily,Chennai,Online,07-01-2023,0,January,1,Saturday,1,Mid-Range,Mature,537.2,Poor,0,0
PROD1132,Maybelline,Setting Spray,564.77,41,0,23155.57,4.9,45,Female,Oily,Pune,Brand Store,29-01-2023,0,January,1,Sunday,1,Mid-Range,Mature,564.77,Excellent,1,0
PROD1133,L'Oreal,Foundation,592.54,6,5,3377.48,2.5,30,Female,Oily,Chennai,Online,17-11-2023,0,November,4,Friday,0,Mid-Range,Young Adult,562.91,Poor,0,0
PROD1134,Sugar,Eyeshadow,2539.8,12,0,30477.6,3.7,53,Female,Dry,Mumbai,Retail Store,10-02-2023,0,February,1,Friday,0,Premium,Mature,2539.8,Average,0,0
PROD1135,Faces Canada,Mascara,1235.36,13,10,14453.71,4.2,20,Female,Combination,Chennai,Online,27-04-2023,0,April,2,Thursday,0,Mid-Range,Mature,1111.82,Good,1,0
PROD1136,NYX,Setting Spray,1322.24,33,20,34907.14,4.1,29,Female,Combination,Kolkata,Retail Store,29-09-2023,0,September,3,Friday,0,Mid-Range,Young Adult,1057.79,Good,1,0
PROD1137,NYX,Blush,1946.92,5,15,8274.41,2.7,47,Female,Oily,Pune,Brand Store,09-08-2023,0,August,3,Wednesday,0,Premium,Mature,1654.88,Poor,0,0
PROD1138,Lakme,Eyeliner,1468.01,44,10,58133.2,2.7,53,Female,Sensitive,Pune,Brand Store,03-02-2023,0,February,1,Friday,0,Mid-Range,Mature,1321.21,Poor,0,0
PROD1139,Sugar,Concealer,1130.45,31,0,35043.95,3.4,35,Non-binary,Sensitive,Ahmedabad,Retail Store,08-04-2023,0,April,2,Saturday,1,Mid-Range,Mature,1130.45,Average,0,0
PROD1140,Nykaa,Concealer,1408.32,30,0,42249.6,3.3,41,Female,Normal,Ahmedabad,Retail Store,17-07-2023,0,July,3,Monday,0,Mid-Range,Mature,1408.32,Average,0,0
PROD1141,Revlon,Mascara,886,41,0,36326,2.9,39,Female,Dry,Mumbai,Retail Store,05-04-2023,0,April,2,Wednesday,0,Mid-Range,Mature,886,Poor,0,0
PROD1142,L'Oreal,Eyeliner,478.52,13,10,5598.68,2.6,41,Female,Sensitive,Bangalore,Retail Store,08-04-2023,0,April,2,Saturday,1,Budget,Mature,430.67,Poor,0,0
PROD1143,Nykaa,Highlighter,2857.74,11,0,31435.14,3.7,19,Non-binary,Oily,Pune,Online,28-12-2023,0,December,4,Thursday,0,Premium,Mature,2857.74,Average,0,0
PROD1144,Faces Canada,Eyeshadow,3790.29,14,5,50410.86,3.5,16,Female,Dry,Hyderabad,Brand Store,09-06-2023,0,June,2,Friday,0,Premium,Mature,3600.78,Average,0,0
PROD1145,Colorbar,Foundation,713.3,19,0,13552.7,3.4,39,Non-binary,Sensitive,Bangalore,Retail Store,02-02-2023,0,February,1,Thursday,0,Mid-Range,Mature,713.3,Average,0,0
PROD1146,MAC,Eyeshadow,3794.88,45,20,136615.68,3.1,36,Female,Sensitive,Ahmedabad,Retail Store,19-06-2023,0,June,2,Monday,0,Premium,Mature,3035.9,Average,0,0
PROD1147,Colorbar,Concealer,2724.92,15,20,32699.04,4.3,55,Female,Normal,Chennai,Online,10-01-2023,0,January,1,Tuesday,0,Premium,Mature,2179.94,Good,1,0
PROD1148,L'Oreal,Highlighter,1983.36,6,0,11900.16,3.8,45,Female,Normal,Hyderabad,Online,09-04-2023,0,April,2,Sunday,1,Premium,Mature,1983.36,Average,0,0
PROD1149,Revlon,Mascara,1725.84,4,15,5867.86,3.7,30,Male,Combination,Mumbai,Retail Store,05-09-2023,0,September,3,Tuesday,0,Premium,Young Adult,1466.96,Average,0,0
PROD1150,Sugar,Concealer,2761.73,39,0,107707.47,4.7,28,Female,Sensitive,Chennai,Brand Store,01-02-2023,0,February,1,Wednesday,0,Premium,Young Adult,2761.73,Excellent,1,0
PROD1151,NYX,Primer,1168.75,25,10,26296.88,3.6,16,Female,Dry,Hyderabad,Retail Store,13-01-2023,0,January,1,Friday,0,Mid-Range,Mature,1051.88,Average,0,0
PROD1152,Maybelline,Highlighter,1294.67,50,0,64733.5,4.8,25,Female,Normal,Ahmedabad,Brand Store,01-11-2023,0,November,4,Wednesday,0,Mid-Range,Young Adult,1294.67,Excellent,1,0
PROD1153,Sugar,Blush,870.16,46,20,32021.89,4,34,Female,Dry,Bangalore,Brand Store,09-01-2023,0,January,1,Monday,0,Mid-Range,Mature,696.13,Good,1,0
PROD1154,Sugar,Primer,1542.72,21,10,29157.41,4.6,40,Female,Normal,Mumbai,Brand Store,22-07-2023,0,July,3,Saturday,1,Premium,Mature,1388.45,Excellent,1,0
PROD1155,NYX,Lipstick,944.56,49,0,46283.44,3.9,48,Female,Dry,Mumbai,Brand Store,04-02-2023,0,February,1,Saturday,1,Mid-Range,Mature,944.56,Average,0,0
PROD1156,MAC,Mascara,364.44,24,0,8746.56,4.9,37,Female,Combination,Delhi,Retail Store,10-09-2023,0,September,3,Sunday,1,Budget,Mature,364.44,Excellent,1,0
PROD1157,Nykaa,Highlighter,2175.08,36,0,78302.88,4.6,29,Female,Oily,Ahmedabad,Online,14-05-2023,0,May,2,Sunday,1,Premium,Young Adult,2175.08,Excellent,1,0
PROD1158,Lakme,Primer,561.75,45,0,25278.75,3.1,18,Non-binary,Dry,Mumbai,Online,12-03-2023,0,March,1,Sunday,1,Mid-Range,Mature,561.75,Average,0,0
PROD1159,Lakme,Highlighter,1677.18,19,5,30273.1,3.7,42,Female,Dry,Delhi,Online,17-04-2023,0,April,2,Monday,0,Premium,Mature,1593.32,Average,0,0
PROD1160,Maybelline,Concealer,1711.7,24,0,41080.8,3.8,26,Female,Dry,Kolkata,Online,18-11-2023,0,November,4,Saturday,1,Premium,Young Adult,1711.7,Average,0,0
PROD1161,Revlon,Primer,1983.24,11,10,19634.08,4.6,54,Female,Dry,Hyderabad,Retail Store,14-05-2023,0,May,2,Sunday,1,Premium,Mature,1784.92,Excellent,1,0
PROD1162,Lakme,Eyeliner,723.21,42,20,24299.86,4.2,41,Female,Oily,Chennai,Online,24-02-2023,0,February,1,Friday,0,Mid-Range,Mature,578.57,Good,1,0
PROD1163,Colorbar,Eyeshadow,3021.84,20,20,48349.44,4.6,29,Female,Normal,Hyderabad,Retail Store,17-11-2023,0,November,4,Friday,0,Premium,Young Adult,2417.47,Excellent,1,0
PROD1164,MAC,Blush,1399.48,20,5,26590.12,2.5,27,Non-binary,Normal,Pune,Online,18-07-2023,0,July,3,Tuesday,0,Mid-Range,Young Adult,1329.51,Poor,0,0
PROD1165,Colorbar,Highlighter,2335.17,32,20,59780.35,3.7,54,Female,Dry,Hyderabad,Brand Store,24-02-2023,0,February,1,Friday,0,Premium,Mature,1868.14,Average,0,0
PROD1166,Lakme,Setting Spray,1757.04,18,0,31626.72,4.8,35,Non-binary,Sensitive,Ahmedabad,Retail Store,19-02-2023,0,February,1,Sunday,1,Premium,Mature,1757.04,Excellent,1,0
PROD1167,Nykaa,Eyeshadow,3044.57,24,5,69416.2,2.7,42,Male,Oily,Mumbai,Retail Store,04-06-2023,0,June,2,Sunday,1,Premium,Mature,2892.34,Poor,0,0
PROD1168,Maybelline,Eyeshadow,3701.72,48,20,142146.05,4.9,17,Female,Oily,Ahmedabad,Online,01-05-2023,0,May,2,Monday,0,Premium,Mature,2961.38,Excellent,1,0
PROD1169,NYX,Primer,1236.48,45,5,52859.52,3.9,20,Female,Oily,Bangalore,Online,13-07-2023,0,July,3,Thursday,0,Mid-Range,Mature,1174.66,Average,0,0
PROD1170,Nykaa,Eyeliner,344.21,1,0,344.21,3.9,18,Female,Combination,Delhi,Retail Store,14-04-2023,0,April,2,Friday,0,Budget,Mature,344.21,Average,0,0
PROD1171,MAC,Blush,777.58,29,0,22549.82,4.5,18,Female,Normal,Kolkata,Brand Store,25-01-2023,0,January,1,Wednesday,0,Mid-Range,Mature,777.58,Excellent,1,0
PROD1172,Sugar,Concealer,2333.68,35,5,77594.86,2.9,39,Female,Combination,Bangalore,Retail Store,25-10-2023,0,October,4,Wednesday,0,Premium,Mature,2217,Poor,0,0
PROD1173,NYX,Concealer,582.99,44,0,25651.56,4.4,47,Female,Normal,Kolkata,Retail Store,10-05-2023,0,May,2,Wednesday,0,Mid-Range,Mature,582.99,Good,1,0
PROD1174,Sugar,Concealer,1371.45,35,0,48000.75,4.7,26,Male,Sensitive,Mumbai,Retail Store,17-11-2023,0,November,4,Friday,0,Mid-Range,Young Adult,1371.45,Excellent,1,0
PROD1175,Colorbar,Mascara,450.28,14,0,6303.92,4.6,41,Non-binary,Oily,Delhi,Retail Store,06-10-2023,0,October,4,Friday,0,Budget,Mature,450.28,Excellent,1,0
PROD1176,NYX,Lipstick,2349.3,43,0,101019.9,4.9,30,Female,Oily,Pune,Retail Store,11-07-2023,0,July,3,Tuesday,0,Premium,Young Adult,2349.3,Excellent,1,0
PROD1177,MAC,Highlighter,1857.53,48,0,89161.44,3.5,22,Female,Normal,Chennai,Brand Store,22-12-2023,0,December,4,Friday,0,Premium,Young Adult,1857.53,Average,0,0
PROD1178,Faces Canada,Lipstick,2039.65,32,0,65268.8,2.9,20,Female,Normal,Hyderabad,Online,18-04-2023,0,April,2,Tuesday,0,Premium,Mature,2039.65,Poor,0,0
PROD1179,Lakme,Eyeshadow,359.03,19,0,6821.57,2.8,27,Female,Combination,Delhi,Online,02-03-2023,0,March,1,Thursday,0,Budget,Young Adult,359.03,Poor,0,0
PROD1180,Lakme,Highlighter,2183.81,20,10,39308.58,3.4,39,Female,Normal,Chennai,Retail Store,02-09-2023,0,September,3,Saturday,1,Premium,Mature,1965.43,Average,0,0
PROD1181,Lakme,Eyeliner,799.49,23,0,18388.27,2.6,46,Female,Oily,Kolkata,Brand Store,28-10-2023,0,October,4,Saturday,1,Mid-Range,Mature,799.49,Poor,0,0
PROD1182,Lakme,Eyeliner,631.33,32,10,18182.3,4.4,21,Female,Sensitive,Ahmedabad,Retail Store,06-05-2023,0,May,2,Saturday,1,Mid-Range,Young Adult,568.2,Good,1,0
PROD1183,Sugar,Foundation,1514.9,22,0,33327.8,3.1,46,Female,Combination,Mumbai,Retail Store,27-12-2023,0,December,4,Wednesday,0,Premium,Mature,1514.9,Average,0,0
PROD1184,Maybelline,Highlighter,326.8,9,0,2941.2,4,17,Female,Sensitive,Ahmedabad,Online,21-05-2023,0,May,2,Sunday,1,Budget,Mature,326.8,Good,1,0
PROD1185,Lakme,Primer,1184.19,8,0,9473.52,4.2,47,Male,Combination,Bangalore,Retail Store,21-01-2023,0,January,1,Saturday,1,Mid-Range,Mature,1184.19,Good,1,0
PROD1186,L'Oreal,Foundation,3399.38,5,15,14447.37,3,47,Female,Normal,Chennai,Online,01-12-2023,1,December,4,Friday,0,Premium,Mature,2889.47,Average,0,14447.37
PROD1187,NYX,Lipstick,619.34,22,0,13625.48,4.7,53,Male,Normal,Ahmedabad,Online,01-03-2023,0,March,1,Wednesday,0,Mid-Range,Mature,619.34,Excellent,1,0
PROD1188,Colorbar,Setting Spray,339.28,32,0,10856.96,3.4,43,Male,Sensitive,Mumbai,Brand Store,08-07-2023,0,July,3,Saturday,1,Budget,Mature,339.28,Average,0,0
PROD1189,Lakme,Eyeliner,489.74,36,5,16749.11,4.3,20,Male,Combination,Delhi,Online,07-12-2023,0,December,4,Thursday,0,Budget,Mature,465.25,Good,1,0
PROD1190,L'Oreal,Eyeshadow,746.86,11,25,6161.6,2.7,27,Female,Sensitive,Chennai,Retail Store,15-05-2023,0,May,2,Monday,0,Mid-Range,Young Adult,560.15,Poor,0,0
PROD1191,Colorbar,Mascara,943.27,36,0,33957.72,2.6,28,Female,Dry,Bangalore,Retail Store,20-07-2023,0,July,3,Thursday,0,Mid-Range,Young Adult,943.27,Poor,0,0
PROD1192,Maybelline,Lipstick,1406.02,18,0,25308.36,4,16,Non-binary,Combination,Hyderabad,Online,03-09-2023,0,September,3,Sunday,1,Mid-Range,Mature,1406.02,Good,1,0
PROD1193,Sugar,Eyeliner,769.71,7,0,5387.97,2.9,51,Male,Dry,Delhi,Online,16-03-2023,0,March,1,Thursday,0,Mid-Range,Mature,769.71,Poor,0,0
PROD1194,Maybelline,Primer,2154.65,16,0,34474.4,4.1,42,Female,Combination,Pune,Online,10-08-2023,0,August,3,Thursday,0,Premium,Mature,2154.65,Good,1,0
PROD1195,Lakme,Highlighter,819.23,47,20,30803.05,4.8,41,Female,Dry,Ahmedabad,Brand Store,07-03-2023,0,March,1,Tuesday,0,Mid-Range,Mature,655.38,Excellent,1,0
PROD1196,Nykaa,Primer,2402.37,49,10,105944.52,4.1,31,Female,Oily,Hyderabad,Retail Store,16-01-2023,0,January,1,Monday,0,Premium,Mature,2162.13,Good,1,0
PROD1197,Lakme,Mascara,864.51,26,5,21353.4,3.2,37,Female,Sensitive,Hyderabad,Brand Store,07-06-2023,0,June,2,Wednesday,0,Mid-Range,Mature,821.28,Average,0,0
PROD1198,Nykaa,Eyeliner,1160.14,45,5,49595.99,4,51,Female,Combination,Bangalore,Retail Store,08-09-2023,1,September,3,Friday,0,Mid-Range,Mature,1102.13,Good,1,49595.99
PROD1199,Maybelline,Setting Spray,726.96,18,25,9813.96,4.8,34,Male,Combination,Chennai,Retail Store,17-10-2023,0,October,4,Tuesday,0,Mid-Range,Mature,545.22,Excellent,1,0
PROD1200,Revlon,Eyeshadow,2214.9,27,10,53822.07,3.2,54,Female,Dry,Kolkata,Brand Store,13-03-2023,0,March,1,Monday,0,Premium,Mature,1993.41,Average,0,0
PROD1201,Revlon,Eyeshadow,2936.41,36,10,95139.68,3.3,45,Female,Combination,Bangalore,Online,16-04-2023,0,April,2,Sunday,1,Premium,Mature,2642.77,Average,0,0
PROD1202,L'Oreal,Concealer,2506.8,32,0,80217.6,3.4,41,Non-binary,Combination,Ahmedabad,Brand Store,24-08-2023,0,August,3,Thursday,0,Premium,Mature,2506.8,Average,0,0
PROD1203,Maybelline,Setting Spray,728.56,25,5,17303.3,4.5,41,Male,Dry,Mumbai,Online,11-05-2023,1,May,2,Thursday,0,Mid-Range,Mature,692.13,Excellent,1,17303.3
PROD1204,Colorbar,Primer,2945.41,33,5,92338.6,3.9,28,Female,Normal,Hyderabad,Online,08-09-2023,0,September,3,Friday,0,Premium,Young Adult,2798.14,Average,0,0
PROD1205,Revlon,Highlighter,621.62,12,15,6340.52,2.8,19,Female,Combination,Mumbai,Online,02-10-2023,0,October,4,Monday,0,Mid-Range,Mature,528.38,Poor,0,0
PROD1206,MAC,Highlighter,406.87,43,0,17495.41,3.9,16,Female,Sensitive,Delhi,Retail Store,26-05-2023,0,May,2,Friday,0,Budget,Mature,406.87,Average,0,0
PROD1207,Colorbar,Setting Spray,1269.62,18,0,22853.16,4.8,38,Female,Oily,Chennai,Online,12-06-2023,0,June,2,Monday,0,Mid-Range,Mature,1269.62,Excellent,1,0
PROD1208,MAC,Highlighter,1762.16,2,5,3348.1,4.9,21,Female,Oily,Hyderabad,Retail Store,28-07-2023,0,July,3,Friday,0,Premium,Young Adult,1674.05,Excellent,1,0
PROD1209,L'Oreal,Mascara,1851.64,18,0,33329.52,2.8,31,Male,Sensitive,Hyderabad,Retail Store,17-07-2023,0,July,3,Monday,0,Premium,Mature,1851.64,Poor,0,0
PROD1210,Nykaa,Foundation,2579.47,29,5,71064.4,2.9,40,Female,Sensitive,Kolkata,Online,16-04-2023,0,April,2,Sunday,1,Premium,Mature,2450.5,Poor,0,0
PROD1211,Revlon,Primer,1397.77,32,15,38019.34,3.8,40,Female,Dry,Ahmedabad,Brand Store,27-12-2023,0,December,4,Wednesday,0,Mid-Range,Mature,1188.1,Average,0,0
PROD1212,L'Oreal,Highlighter,2427.58,14,20,27188.9,3,38,Female,Dry,Kolkata,Retail Store,29-04-2023,0,April,2,Saturday,1,Premium,Mature,1942.06,Average,0,0
PROD1213,Colorbar,Lipstick,760.61,45,10,30804.7,2.7,17,Female,Combination,Kolkata,Brand Store,11-01-2023,0,January,1,Wednesday,0,Mid-Range,Mature,684.55,Poor,0,0
PROD1214,Maybelline,Highlighter,1480.32,23,10,30642.62,3.1,39,Female,Dry,Hyderabad,Retail Store,27-10-2023,0,October,4,Friday,0,Mid-Range,Mature,1332.29,Average,0,0
PROD1215,Lakme,Eyeshadow,3922.88,24,0,94149.12,2.6,30,Female,Dry,Delhi,Brand Store,23-12-2023,0,December,4,Saturday,1,Premium,Young Adult,3922.88,Poor,0,0
PROD1216,NYX,Primer,1804.07,19,0,34277.33,2.9,43,Female,Dry,Hyderabad,Online,27-03-2023,0,March,1,Monday,0,Premium,Mature,1804.07,Poor,0,0
PROD1217,Colorbar,Foundation,465.92,42,15,16633.34,4.5,27,Non-binary,Normal,Hyderabad,Brand Store,27-03-2023,0,March,1,Monday,0,Budget,Young Adult,396.03,Excellent,1,0
PROD1218,Colorbar,Eyeshadow,2936.07,5,10,13212.32,4.4,33,Female,Oily,Bangalore,Brand Store,11-10-2023,0,October,4,Wednesday,0,Premium,Mature,2642.46,Good,1,0
PROD1219,Faces Canada,Mascara,1877.8,16,0,30044.8,4.5,36,Male,Sensitive,Bangalore,Retail Store,14-09-2023,0,September,3,Thursday,0,Premium,Mature,1877.8,Excellent,1,0
PROD1220,L'Oreal,Mascara,286.07,10,0,2860.7,4.6,31,Female,Combination,Pune,Brand Store,21-08-2023,0,August,3,Monday,0,Budget,Mature,286.07,Excellent,1,0
PROD1221,L'Oreal,Eyeshadow,2668.14,49,0,130738.86,2.6,40,Female,Combination,Bangalore,Online,08-09-2023,0,September,3,Friday,0,Premium,Mature,2668.14,Poor,0,0
PROD1222,Nykaa,Primer,3155.15,30,5,89921.77,4.9,49,Female,Sensitive,Pune,Brand Store,27-07-2023,0,July,3,Thursday,0,Premium,Mature,2997.39,Excellent,1,0
PROD1223,L'Oreal,Highlighter,1658.02,32,20,42445.31,2.8,18,Non-binary,Sensitive,Chennai,Online,02-06-2023,0,June,2,Friday,0,Premium,Mature,1326.42,Poor,0,0
PROD1224,Nykaa,Highlighter,1108,2,10,1994.4,3.3,28,Female,Normal,Mumbai,Online,17-03-2023,0,March,1,Friday,0,Mid-Range,Young Adult,997.2,Average,0,0
PROD1225,NYX,Mascara,912.85,10,20,7302.8,2.5,30,Female,Normal,Ahmedabad,Retail Store,31-12-2023,0,December,4,Sunday,1,Mid-Range,Young Adult,730.28,Poor,0,0
PROD1226,L'Oreal,Eyeliner,681.54,4,20,2180.93,3.1,25,Female,Combination,Delhi,Retail Store,27-08-2023,1,August,3,Sunday,1,Mid-Range,Young Adult,545.23,Average,0,2180.93
PROD1227,Maybelline,Highlighter,1914.84,23,20,35233.06,4.6,51,Female,Normal,Ahmedabad,Online,19-06-2023,0,June,2,Monday,0,Premium,Mature,1531.87,Excellent,1,0
PROD1228,Lakme,Mascara,1985.77,10,0,19857.7,4.4,51,Female,Oily,Hyderabad,Online,19-11-2023,0,November,4,Sunday,1,Premium,Mature,1985.77,Good,1,0
PROD1229,Revlon,Highlighter,2455.78,30,5,69989.73,3.4,36,Male,Oily,Hyderabad,Retail Store,27-10-2023,0,October,4,Friday,0,Premium,Mature,2332.99,Average,0,0
PROD1230,Nykaa,Eyeliner,1168.86,3,10,3155.92,4.2,51,Female,Normal,Delhi,Online,14-08-2023,0,August,3,Monday,0,Mid-Range,Mature,1051.97,Good,1,0
PROD1231,L'Oreal,Mascara,1571.56,13,0,20430.28,2.7,40,Female,Dry,Hyderabad,Retail Store,05-06-2023,0,June,2,Monday,0,Premium,Mature,1571.56,Poor,0,0
PROD1232,Colorbar,Highlighter,822.09,10,0,8220.9,3.6,52,Non-binary,Oily,Hyderabad,Online,25-03-2023,0,March,1,Saturday,1,Mid-Range,Mature,822.09,Average,0,0
PROD1233,Maybelline,Eyeliner,405.95,11,25,3349.09,4.8,47,Male,Normal,Delhi,Online,25-06-2023,0,June,2,Sunday,1,Budget,Mature,304.46,Excellent,1,0
PROD1234,NYX,Eyeliner,907.44,36,0,32667.84,4.7,37,Female,Dry,Pune,Brand Store,29-10-2023,0,October,4,Sunday,1,Mid-Range,Mature,907.44,Excellent,1,0
PROD1235,MAC,Setting Spray,683.76,2,10,1230.77,3.6,33,Female,Combination,Pune,Brand Store,27-07-2023,0,July,3,Thursday,0,Mid-Range,Mature,615.38,Average,0,0
PROD1236,Maybelline,Blush,2103.98,36,0,75743.28,3.1,30,Non-binary,Dry,Chennai,Retail Store,24-12-2023,0,December,4,Sunday,1,Premium,Young Adult,2103.98,Average,0,0
PROD1237,Nykaa,Highlighter,1829.31,20,15,31098.27,2.7,26,Female,Oily,Ahmedabad,Brand Store,30-01-2023,0,January,1,Monday,0,Premium,Young Adult,1554.91,Poor,0,0
PROD1238,Nykaa,Mascara,1051.19,2,0,2102.38,3.3,39,Female,Dry,Delhi,Retail Store,09-09-2023,1,September,3,Saturday,1,Mid-Range,Mature,1051.19,Average,0,2102.38
PROD1239,Nykaa,Eyeshadow,1890.82,16,0,30253.12,3.2,55,Female,Dry,Bangalore,Retail Store,31-10-2023,0,October,4,Tuesday,0,Premium,Mature,1890.82,Average,0,0
PROD1240,Maybelline,Foundation,2847.62,1,0,2847.62,2.9,43,Non-binary,Dry,Ahmedabad,Online,02-01-2023,0,January,1,Monday,0,Premium,Mature,2847.62,Poor,0,0
PROD1241,Revlon,Blush,1776.84,45,25,59968.35,3.4,52,Male,Dry,Delhi,Online,19-06-2023,0,June,2,Monday,0,Premium,Mature,1332.63,Average,0,0
PROD1242,Lakme,Foundation,2265.58,13,0,29452.54,4.5,41,Female,Combination,Ahmedabad,Online,12-11-2023,0,November,4,Sunday,1,Premium,Mature,2265.58,Excellent,1,0
PROD1243,NYX,Setting Spray,534.79,30,0,16043.7,4,32,Female,Sensitive,Bangalore,Brand Store,07-11-2023,0,November,4,Tuesday,0,Mid-Range,Mature,534.79,Good,1,0
PROD1244,Revlon,Highlighter,2095.19,45,5,89569.37,3.7,44,Female,Combination,Pune,Brand Store,28-12-2023,0,December,4,Thursday,0,Premium,Mature,1990.43,Average,0,0
PROD1245,NYX,Eyeshadow,2764.81,14,25,29030.5,3.1,25,Female,Oily,Bangalore,Online,02-03-2023,0,March,1,Thursday,0,Premium,Young Adult,2073.61,Average,0,0
PROD1246,L'Oreal,Mascara,1500.71,19,10,25662.14,4.4,36,Female,Normal,Chennai,Brand Store,04-03-2023,1,March,1,Saturday,1,Premium,Mature,1350.64,Good,1,25662.14
PROD1247,Colorbar,Primer,1337.2,46,0,61511.2,3,46,Female,Dry,Mumbai,Retail Store,26-06-2023,0,June,2,Monday,0,Mid-Range,Mature,1337.2,Average,0,0
PROD1248,Nykaa,Blush,668.95,32,0,21406.4,3.7,41,Male,Dry,Pune,Retail Store,29-12-2023,0,December,4,Friday,0,Mid-Range,Mature,668.95,Average,0,0
PROD1249,L'Oreal,Setting Spray,311.65,11,10,3085.33,4.9,42,Female,Combination,Delhi,Retail Store,13-03-2023,0,March,1,Monday,0,Budget,Mature,280.48,Excellent,1,0
PROD1250,MAC,Blush,1871.49,27,0,50530.23,2.6,16,Male,Combination,Pune,Brand Store,10-07-2023,0,July,3,Monday,0,Premium,Mature,1871.49,Poor,0,0
PROD1251,MAC,Primer,1053.5,22,10,20859.3,4.2,48,Male,Normal,Hyderabad,Brand Store,30-10-2023,0,October,4,Monday,0,Mid-Range,Mature,948.15,Good,1,0
PROD1252,Lakme,Highlighter,1527.83,47,25,53856.01,4,34,Female,Combination,Ahmedabad,Online,28-07-2023,0,July,3,Friday,0,Premium,Mature,1145.87,Good,1,0
PROD1253,Sugar,Foundation,2954.4,27,10,71791.92,4.8,54,Female,Sensitive,Chennai,Retail Store,16-05-2023,0,May,2,Tuesday,0,Premium,Mature,2658.96,Excellent,1,0
PROD1254,MAC,Lipstick,1737.06,38,0,66008.28,3.1,32,Female,Dry,Mumbai,Brand Store,19-08-2023,0,August,3,Saturday,1,Premium,Mature,1737.06,Average,0,0
PROD1255,Maybelline,Lipstick,2045.3,18,15,31293.09,3.8,50,Male,Sensitive,Kolkata,Online,24-11-2023,0,November,4,Friday,0,Premium,Mature,1738.5,Average,0,0
PROD1256,Sugar,Lipstick,2474.39,14,0,34641.46,3.8,51,Non-binary,Dry,Hyderabad,Online,19-07-2023,0,July,3,Wednesday,0,Premium,Mature,2474.39,Average,0,0
PROD1257,MAC,Primer,443.07,28,0,12405.96,2.7,31,Female,Oily,Ahmedabad,Online,13-05-2023,0,May,2,Saturday,1,Budget,Mature,443.07,Poor,0,0
PROD1258,Nykaa,Blush,613.35,28,10,15456.42,3,26,Female,Combination,Pune,Online,05-10-2023,0,October,4,Thursday,0,Mid-Range,Young Adult,552.02,Average,0,0
PROD1259,L'Oreal,Foundation,3094.18,1,15,2630.05,4.9,20,Female,Oily,Hyderabad,Online,22-06-2023,0,June,2,Thursday,0,Premium,Mature,2630.05,Excellent,1,0
PROD1260,Sugar,Primer,1982.93,31,5,58397.29,4.2,33,Female,Oily,Delhi,Retail Store,18-07-2023,0,July,3,Tuesday,0,Premium,Mature,1883.78,Good,1,0
PROD1261,Lakme,Blush,2299.48,40,5,87380.24,4.5,21,Female,Dry,Delhi,Online,25-09-2023,0,September,3,Monday,0,Premium,Young Adult,2184.51,Excellent,1,0
PROD1262,Revlon,Eyeliner,140.73,25,5,3342.34,4.5,43,Female,Normal,Delhi,Brand Store,08-04-2023,0,April,2,Saturday,1,Budget,Mature,133.69,Excellent,1,0
PROD1263,Maybelline,Setting Spray,1959.41,48,0,94051.68,3.1,47,Female,Combination,Ahmedabad,Retail Store,12-04-2023,0,April,2,Wednesday,0,Premium,Mature,1959.41,Average,0,0
PROD1264,Lakme,Eyeshadow,2412.05,2,15,4100.49,5,39,Non-binary,Oily,Pune,Retail Store,26-08-2023,0,August,3,Saturday,1,Premium,Mature,2050.24,Excellent,1,0
PROD1265,Faces Canada,Setting Spray,1253.96,8,15,8526.93,4,46,Female,Sensitive,Ahmedabad,Brand Store,24-06-2023,0,June,2,Saturday,1,Mid-Range,Mature,1065.87,Good,1,0
PROD1266,MAC,Concealer,1010.66,28,0,28298.48,3.2,22,Female,Dry,Mumbai,Retail Store,14-07-2023,1,July,3,Friday,0,Mid-Range,Young Adult,1010.66,Average,0,28298.48
PROD1267,Maybelline,Highlighter,2932.82,24,10,63348.91,2.7,35,Female,Oily,Hyderabad,Retail Store,26-05-2023,0,May,2,Friday,0,Premium,Mature,2639.54,Poor,0,0
PROD1268,Faces Canada,Mascara,1284.83,7,10,8094.43,3.4,22,Male,Combination,Hyderabad,Retail Store,04-04-2023,0,April,2,Tuesday,0,Mid-Range,Young Adult,1156.35,Average,0,0
PROD1269,MAC,Foundation,456.1,20,20,7297.6,4.6,51,Non-binary,Sensitive,Delhi,Brand Store,20-12-2023,0,December,4,Wednesday,0,Budget,Mature,364.88,Excellent,1,0
PROD1270,Maybelline,Blush,2264.38,49,0,110954.62,4.8,35,Female,Combination,Kolkata,Online,27-01-2023,0,January,1,Friday,0,Premium,Mature,2264.38,Excellent,1,0
PROD1271,Lakme,Setting Spray,480.72,31,20,11921.86,2.6,39,Female,Oily,Kolkata,Brand Store,30-10-2023,1,October,4,Monday,0,Budget,Mature,384.58,Poor,0,11921.86
PROD1272,Maybelline,Eyeshadow,1535.37,12,10,16582,4.1,52,Female,Oily,Delhi,Brand Store,29-12-2023,0,December,4,Friday,0,Premium,Mature,1381.83,Good,1,0
PROD1273,MAC,Primer,3467.89,1,10,3121.1,4.2,33,Female,Sensitive,Chennai,Retail Store,09-08-2023,0,August,3,Wednesday,0,Premium,Mature,3121.1,Good,1,0
PROD1274,Faces Canada,Eyeshadow,1382.31,9,0,12440.79,3.5,53,Female,Combination,Kolkata,Brand Store,12-11-2023,0,November,4,Sunday,1,Mid-Range,Mature,1382.31,Average,0,0
PROD1275,NYX,Highlighter,2050.16,32,0,65605.12,2.5,23,Female,Dry,Kolkata,Brand Store,20-12-2023,0,December,4,Wednesday,0,Premium,Young Adult,2050.16,Poor,0,0
PROD1276,Maybelline,Setting Spray,1944.16,16,25,23329.92,2.8,18,Female,Oily,Chennai,Online,17-12-2023,0,December,4,Sunday,1,Premium,Mature,1458.12,Poor,0,0
PROD1277,Maybelline,Blush,1542.37,42,10,58301.59,3,23,Female,Oily,Mumbai,Retail Store,17-08-2023,0,August,3,Thursday,0,Premium,Young Adult,1388.13,Average,0,0
PROD1278,Revlon,Foundation,1339.68,27,0,36171.36,3.4,49,Male,Dry,Hyderabad,Retail Store,16-03-2023,0,March,1,Thursday,0,Mid-Range,Mature,1339.68,Average,0,0
PROD1279,Sugar,Eyeshadow,2108.47,18,5,36054.84,3.6,32,Female,Normal,Mumbai,Retail Store,31-01-2023,0,January,1,Tuesday,0,Premium,Mature,2003.05,Average,0,0
PROD1280,Nykaa,Eyeshadow,707.65,19,5,12773.08,2.9,33,Female,Oily,Bangalore,Retail Store,29-09-2023,0,September,3,Friday,0,Mid-Range,Mature,672.27,Poor,0,0
PROD1281,MAC,Blush,1260.47,45,0,56721.15,4.7,46,Female,Dry,Kolkata,Retail Store,13-08-2023,1,August,3,Sunday,1,Mid-Range,Mature,1260.47,Excellent,1,56721.15
PROD1282,Sugar,Eyeshadow,1722.34,36,20,49603.39,3.8,25,Female,Combination,Delhi,Retail Store,20-12-2023,0,December,4,Wednesday,0,Premium,Young Adult,1377.87,Average,0,0
PROD1283,NYX,Primer,2713.6,2,20,4341.76,2.7,22,Male,Combination,Chennai,Retail Store,09-12-2023,1,December,4,Saturday,1,Premium,Young Adult,2170.88,Poor,0,4341.76
PROD1284,Faces Canada,Setting Spray,1867.03,41,5,72720.82,3.7,49,Female,Oily,Mumbai,Online,20-12-2023,0,December,4,Wednesday,0,Premium,Mature,1773.68,Average,0,0
PROD1285,Lakme,Concealer,1450.13,12,15,14791.33,2.8,35,Female,Combination,Kolkata,Retail Store,18-11-2023,0,November,4,Saturday,1,Mid-Range,Mature,1232.61,Poor,0,0
PROD1286,Colorbar,Setting Spray,1258.4,7,15,7487.48,3.4,55,Female,Combination,Chennai,Online,22-06-2023,0,June,2,Thursday,0,Mid-Range,Mature,1069.64,Average,0,0
PROD1287,Revlon,Primer,1928.26,28,0,53991.28,4.9,17,Male,Sensitive,Delhi,Online,29-04-2023,0,April,2,Saturday,1,Premium,Mature,1928.26,Excellent,1,0
PROD1288,Nykaa,Eyeliner,848.51,48,0,40728.48,2.7,51,Female,Dry,Ahmedabad,Brand Store,20-04-2023,0,April,2,Thursday,0,Mid-Range,Mature,848.51,Poor,0,0
PROD1289,Lakme,Blush,2315.88,27,0,62528.76,2.8,33,Female,Oily,Ahmedabad,Online,02-05-2023,0,May,2,Tuesday,0,Premium,Mature,2315.88,Poor,0,0
PROD1290,Colorbar,Blush,1457.54,41,10,53783.23,4.8,31,Female,Combination,Mumbai,Retail Store,03-12-2023,0,December,4,Sunday,1,Mid-Range,Mature,1311.79,Excellent,1,0
PROD1291,MAC,Eyeliner,1213.81,22,0,26703.82,2.8,48,Female,Combination,Chennai,Brand Store,23-12-2023,0,December,4,Saturday,1,Mid-Range,Mature,1213.81,Poor,0,0
PROD1292,Faces Canada,Eyeliner,1074.01,2,0,2148.02,4.3,52,Female,Combination,Mumbai,Brand Store,22-03-2023,0,March,1,Wednesday,0,Mid-Range,Mature,1074.01,Good,1,0
PROD1293,MAC,Mascara,1688.93,13,10,19760.48,2.8,45,Female,Normal,Mumbai,Brand Store,10-03-2023,0,March,1,Friday,0,Premium,Mature,1520.04,Poor,0,0
PROD1294,Revlon,Eyeshadow,2620.01,49,0,128380.49,3.2,43,Male,Oily,Bangalore,Brand Store,23-03-2023,0,March,1,Thursday,0,Premium,Mature,2620.01,Average,0,0
PROD1295,Lakme,Concealer,1585.41,44,5,66270.14,4.6,42,Female,Dry,Delhi,Online,20-03-2023,0,March,1,Monday,0,Premium,Mature,1506.14,Excellent,1,0
PROD1296,NYX,Mascara,1484.37,46,10,61452.92,3.9,49,Male,Dry,Pune,Retail Store,01-11-2023,0,November,4,Wednesday,0,Mid-Range,Mature,1335.93,Average,0,0
PROD1297,Nykaa,Eyeliner,340.16,29,5,9371.41,3.2,32,Female,Oily,Chennai,Brand Store,01-06-2023,0,June,2,Thursday,0,Budget,Mature,323.15,Average,0,0
PROD1298,Colorbar,Foundation,668.23,45,0,30070.35,2.8,19,Non-binary,Sensitive,Chennai,Brand Store,27-02-2023,0,February,1,Monday,0,Mid-Range,Mature,668.23,Poor,0,0
PROD1299,L'Oreal,Setting Spray,388.87,12,0,4666.44,3.8,30,Female,Oily,Bangalore,Online,07-11-2023,0,November,4,Tuesday,0,Budget,Young Adult,388.87,Average,0,0
PROD1300,Faces Canada,Primer,658.14,34,5,21257.92,3.8,32,Female,Sensitive,Hyderabad,Retail Store,02-04-2023,0,April,2,Sunday,1,Mid-Range,Mature,625.23,Average,0,0
PROD1301,L'Oreal,Eyeshadow,3270.42,15,10,44150.67,4.2,21,Female,Normal,Bangalore,Brand Store,21-11-2023,0,November,4,Tuesday,0,Premium,Young Adult,2943.38,Good,1,0
PROD1302,Sugar,Concealer,627.21,18,20,9031.82,5,37,Female,Oily,Mumbai,Online,07-12-2023,0,December,4,Thursday,0,Mid-Range,Mature,501.77,Excellent,1,0
PROD1303,Maybelline,Lipstick,941.06,49,20,36889.55,4.4,53,Female,Dry,Delhi,Online,20-02-2023,0,February,1,Monday,0,Mid-Range,Mature,752.85,Good,1,0
PROD1304,Lakme,Concealer,2247.2,48,5,102472.32,4.9,17,Female,Combination,Bangalore,Retail Store,28-02-2023,0,February,1,Tuesday,0,Premium,Mature,2134.84,Excellent,1,0
PROD1305,NYX,Blush,836.07,6,15,4263.96,3.9,25,Female,Normal,Ahmedabad,Retail Store,09-02-2023,0,February,1,Thursday,0,Mid-Range,Young Adult,710.66,Average,0,0
PROD1306,Faces Canada,Blush,1648.35,3,0,4945.05,3.3,46,Female,Normal,Mumbai,Brand Store,23-01-2023,0,January,1,Monday,0,Premium,Mature,1648.35,Average,0,0
PROD1307,MAC,Blush,1099.64,41,5,42830.98,3.4,39,Female,Dry,Hyderabad,Brand Store,16-10-2023,0,October,4,Monday,0,Mid-Range,Mature,1044.66,Average,0,0
PROD1308,Faces Canada,Blush,761.88,21,10,14399.53,3.4,19,Female,Dry,Pune,Retail Store,12-07-2023,0,July,3,Wednesday,0,Mid-Range,Mature,685.69,Average,0,0
PROD1309,Sugar,Lipstick,321.04,14,15,3820.38,3.1,54,Female,Combination,Ahmedabad,Brand Store,09-01-2023,0,January,1,Monday,0,Budget,Mature,272.88,Average,0,0
PROD1310,L'Oreal,Primer,789,4,20,2524.8,3.2,19,Male,Combination,Delhi,Retail Store,05-03-2023,0,March,1,Sunday,1,Mid-Range,Mature,631.2,Average,0,0
PROD1311,NYX,Lipstick,1638.46,17,0,27853.82,4.9,27,Female,Dry,Ahmedabad,Retail Store,13-07-2023,0,July,3,Thursday,0,Premium,Young Adult,1638.46,Excellent,1,0
PROD1312,Nykaa,Foundation,1156.23,10,10,10406.07,4.2,25,Female,Combination,Kolkata,Brand Store,25-09-2023,0,September,3,Monday,0,Mid-Range,Young Adult,1040.61,Good,1,0
PROD1313,Nykaa,Blush,918.87,2,15,1562.08,3.1,42,Female,Sensitive,Bangalore,Retail Store,23-02-2023,0,February,1,Thursday,0,Mid-Range,Mature,781.04,Average,0,0
PROD1314,Sugar,Foundation,3094.89,25,15,65766.41,3.2,40,Female,Combination,Bangalore,Retail Store,22-01-2023,0,January,1,Sunday,1,Premium,Mature,2630.66,Average,0,0
PROD1315,Revlon,Concealer,1612.56,12,5,18383.18,3.2,17,Female,Normal,Delhi,Retail Store,24-05-2023,0,May,2,Wednesday,0,Premium,Mature,1531.93,Average,0,0
PROD1316,Faces Canada,Primer,3240.37,2,25,4860.56,4.4,22,Female,Sensitive,Pune,Online,23-09-2023,0,September,3,Saturday,1,Premium,Young Adult,2430.28,Good,1,0
PROD1317,L'Oreal,Concealer,1410.24,45,20,50768.64,2.7,37,Non-binary,Oily,Mumbai,Retail Store,30-05-2023,0,May,2,Tuesday,0,Mid-Range,Mature,1128.19,Poor,0,0
PROD1318,Revlon,Eyeshadow,1018.21,34,10,31157.23,3.1,36,Male,Dry,Delhi,Retail Store,22-02-2023,0,February,1,Wednesday,0,Mid-Range,Mature,916.39,Average,0,0
PROD1319,Faces Canada,Eyeliner,752.5,8,0,6020,3.9,54,Female,Sensitive,Chennai,Online,14-12-2023,0,December,4,Thursday,0,Mid-Range,Mature,752.5,Average,0,0
PROD1320,Revlon,Highlighter,2998.5,3,0,8995.5,4.7,18,Female,Sensitive,Delhi,Online,12-09-2023,0,September,3,Tuesday,0,Premium,Mature,2998.5,Excellent,1,0
PROD1321,Maybelline,Highlighter,1546.09,33,0,51020.97,4.6,51,Female,Dry,Mumbai,Online,14-01-2023,1,January,1,Saturday,1,Premium,Mature,1546.09,Excellent,1,51020.97
PROD1322,Revlon,Foundation,2791.4,8,0,22331.2,3.9,54,Female,Normal,Mumbai,Online,23-11-2023,0,November,4,Thursday,0,Premium,Mature,2791.4,Average,0,0
PROD1323,Colorbar,Blush,518.45,47,0,24367.15,4.8,16,Female,Combination,Chennai,Retail Store,27-06-2023,0,June,2,Tuesday,0,Mid-Range,Mature,518.45,Excellent,1,0
PROD1324,Colorbar,Blush,408.62,8,5,3105.51,4.7,52,Female,Sensitive,Hyderabad,Online,29-04-2023,0,April,2,Saturday,1,Budget,Mature,388.19,Excellent,1,0
PROD1325,Colorbar,Lipstick,519.51,27,0,14026.77,3,26,Female,Sensitive,Chennai,Brand Store,07-02-2023,0,February,1,Tuesday,0,Mid-Range,Young Adult,519.51,Average,0,0
PROD1326,Nykaa,Concealer,398.61,17,10,6098.73,4.8,34,Female,Sensitive,Bangalore,Brand Store,22-01-2023,0,January,1,Sunday,1,Budget,Mature,358.75,Excellent,1,0
PROD1327,MAC,Concealer,1479.67,26,20,30777.14,3.6,18,Female,Dry,Delhi,Online,10-01-2023,1,January,1,Tuesday,0,Mid-Range,Mature,1183.74,Average,0,30777.14
PROD1328,Faces Canada,Lipstick,2235.24,24,20,42916.61,3.5,54,Female,Normal,Delhi,Online,22-08-2023,0,August,3,Tuesday,0,Premium,Mature,1788.19,Average,0,0
PROD1329,Maybelline,Eyeshadow,3825.26,50,0,191263,3,37,Female,Normal,Pune,Online,04-04-2023,0,April,2,Tuesday,0,Premium,Mature,3825.26,Average,0,0
PROD1330,Nykaa,Eyeliner,1168.04,42,0,49057.68,4.8,55,Female,Combination,Chennai,Brand Store,21-01-2023,0,January,1,Saturday,1,Mid-Range,Mature,1168.04,Excellent,1,0
PROD1331,Lakme,Primer,2860.61,29,5,78809.81,4.5,37,Male,Normal,Hyderabad,Online,09-10-2023,0,October,4,Monday,0,Premium,Mature,2717.58,Excellent,1,0
PROD1332,Lakme,Highlighter,871.51,42,15,31112.91,3.4,23,Female,Combination,Mumbai,Online,22-12-2023,0,December,4,Friday,0,Mid-Range,Young Adult,740.78,Average,0,0
PROD1333,Revlon,Primer,3478.88,38,10,118977.7,4.3,34,Non-binary,Dry,Hyderabad,Brand Store,20-08-2023,1,August,3,Sunday,1,Premium,Mature,3130.99,Good,1,118977.7
PROD1334,Nykaa,Mascara,1560.95,46,10,64623.33,3.9,42,Male,Combination,Kolkata,Brand Store,25-11-2023,0,November,4,Saturday,1,Premium,Mature,1404.86,Average,0,0
PROD1335,Maybelline,Eyeliner,1344.7,19,0,25549.3,2.9,39,Female,Sensitive,Kolkata,Brand Store,19-06-2023,0,June,2,Monday,0,Mid-Range,Mature,1344.7,Poor,0,0
PROD1336,NYX,Primer,2164.96,13,5,26737.26,4.9,28,Female,Dry,Delhi,Online,14-03-2023,0,March,1,Tuesday,0,Premium,Young Adult,2056.71,Excellent,1,0
PROD1337,Faces Canada,Setting Spray,1933.03,4,25,5799.09,3.5,17,Female,Normal,Ahmedabad,Online,23-08-2023,0,August,3,Wednesday,0,Premium,Mature,1449.77,Average,0,0
PROD1338,Sugar,Lipstick,599.18,14,25,6291.39,3.3,30,Male,Sensitive,Chennai,Retail Store,29-11-2023,0,November,4,Wednesday,0,Mid-Range,Young Adult,449.38,Average,0,0
PROD1339,Faces Canada,Mascara,1562.38,19,5,28200.96,4.6,38,Non-binary,Oily,Kolkata,Brand Store,22-12-2023,0,December,4,Friday,0,Premium,Mature,1484.26,Excellent,1,0
PROD1340,Faces Canada,Lipstick,2050.35,10,0,20503.5,3.5,38,Female,Combination,Bangalore,Retail Store,09-10-2023,0,October,4,Monday,0,Premium,Mature,2050.35,Average,0,0
PROD1341,Maybelline,Highlighter,2793.27,14,0,39105.78,2.5,46,Female,Dry,Kolkata,Online,28-09-2023,0,September,3,Thursday,0,Premium,Mature,2793.27,Poor,0,0
PROD1342,NYX,Foundation,2998.43,50,0,149921.5,3.2,50,Female,Sensitive,Bangalore,Online,09-06-2023,0,June,2,Friday,0,Premium,Mature,2998.43,Average,0,0
PROD1343,Lakme,Lipstick,2114.65,11,0,23261.15,3.7,30,Female,Sensitive,Mumbai,Online,20-07-2023,1,July,3,Thursday,0,Premium,Young Adult,2114.65,Average,0,23261.15
PROD1344,Maybelline,Lipstick,2117.37,49,15,88188.46,3.5,28,Male,Dry,Delhi,Online,21-06-2023,0,June,2,Wednesday,0,Premium,Young Adult,1799.76,Average,0,0
PROD1345,Lakme,Lipstick,2374.24,25,0,59356,3.8,55,Female,Combination,Hyderabad,Online,07-02-2023,0,February,1,Tuesday,0,Premium,Mature,2374.24,Average,0,0
PROD1346,Nykaa,Eyeliner,1182.89,41,0,48498.49,3.8,53,Female,Normal,Ahmedabad,Brand Store,26-01-2023,0,January,1,Thursday,0,Mid-Range,Mature,1182.89,Average,0,0
PROD1347,NYX,Blush,286.86,32,10,8261.57,3.6,54,Female,Dry,Hyderabad,Retail Store,18-08-2023,0,August,3,Friday,0,Budget,Mature,258.17,Average,0,0
PROD1348,L'Oreal,Highlighter,1909.64,23,10,39529.55,2.5,21,Non-binary,Normal,Ahmedabad,Brand Store,25-01-2023,1,January,1,Wednesday,0,Premium,Young Adult,1718.68,Poor,0,39529.55
PROD1349,Maybelline,Setting Spray,1607.26,17,20,21858.74,2.6,49,Female,Dry,Hyderabad,Online,21-08-2023,0,August,3,Monday,0,Premium,Mature,1285.81,Poor,0,0
PROD1350,Revlon,Concealer,2058.5,11,15,19246.97,3,41,Non-binary,Sensitive,Delhi,Retail Store,26-08-2023,0,August,3,Saturday,1,Premium,Mature,1749.72,Average,0,0
PROD1351,Maybelline,Mascara,340.55,11,5,3558.75,2.5,23,Male,Dry,Chennai,Retail Store,09-12-2023,0,December,4,Saturday,1,Budget,Young Adult,323.52,Poor,0,0
PROD1352,Colorbar,Primer,3426.92,25,10,77105.7,2.8,29,Female,Sensitive,Ahmedabad,Online,16-05-2023,0,May,2,Tuesday,0,Premium,Young Adult,3084.23,Poor,0,0
PROD1353,Colorbar,Mascara,780.76,10,0,7807.6,4.7,34,Female,Normal,Mumbai,Online,28-01-2023,0,January,1,Saturday,1,Mid-Range,Mature,780.76,Excellent,1,0
PROD1354,Maybelline,Blush,1145.71,35,0,40099.85,2.8,25,Female,Normal,Ahmedabad,Brand Store,29-03-2023,1,March,1,Wednesday,0,Mid-Range,Young Adult,1145.71,Poor,0,40099.85
PROD1355,Maybelline,Mascara,1780.6,38,5,64279.66,3.8,27,Female,Dry,Delhi,Brand Store,03-08-2023,0,August,3,Thursday,0,Premium,Young Adult,1691.57,Average,0,0
PROD1356,Colorbar,Eyeliner,712.54,49,5,33168.74,3.6,30,Female,Sensitive,Chennai,Online,15-12-2023,1,December,4,Friday,0,Mid-Range,Young Adult,676.91,Average,0,33168.74
PROD1357,MAC,Concealer,1687.88,29,10,44053.67,4.9,17,Female,Sensitive,Ahmedabad,Brand Store,22-11-2023,0,November,4,Wednesday,0,Premium,Mature,1519.09,Excellent,1,0
PROD1358,Sugar,Foundation,1830.11,4,0,7320.44,3.5,47,Female,Sensitive,Chennai,Retail Store,17-03-2023,0,March,1,Friday,0,Premium,Mature,1830.11,Average,0,0
PROD1359,Nykaa,Lipstick,1442.97,6,0,8657.82,4.1,26,Female,Combination,Bangalore,Online,23-03-2023,0,March,1,Thursday,0,Mid-Range,Young Adult,1442.97,Good,1,0
PROD1360,Lakme,Concealer,2220.72,35,15,66066.42,5,22,Female,Sensitive,Hyderabad,Retail Store,07-02-2023,0,February,1,Tuesday,0,Premium,Young Adult,1887.61,Excellent,1,0
PROD1361,Maybelline,Mascara,1967.05,9,0,17703.45,3.3,41,Female,Oily,Ahmedabad,Brand Store,01-10-2023,0,October,4,Sunday,1,Premium,Mature,1967.05,Average,0,0
PROD1362,Colorbar,Highlighter,1943.8,19,10,33238.98,4.5,17,Male,Oily,Bangalore,Online,18-01-2023,1,January,1,Wednesday,0,Premium,Mature,1749.42,Excellent,1,33238.98
PROD1363,Faces Canada,Eyeshadow,1902.09,47,10,80458.41,4,32,Female,Dry,Hyderabad,Brand Store,07-11-2023,0,November,4,Tuesday,0,Premium,Mature,1711.88,Good,1,0
PROD1364,Faces Canada,Primer,2351.13,42,5,93810.09,2.7,38,Female,Sensitive,Ahmedabad,Brand Store,19-01-2023,0,January,1,Thursday,0,Premium,Mature,2233.57,Poor,0,0
PROD1365,L'Oreal,Concealer,810.97,35,20,22707.16,3.5,40,Female,Sensitive,Ahmedabad,Online,03-12-2023,0,December,4,Sunday,1,Mid-Range,Mature,648.78,Average,0,0
PROD1366,NYX,Eyeliner,632.01,5,20,2528.04,4.9,20,Female,Sensitive,Ahmedabad,Retail Store,16-07-2023,0,July,3,Sunday,1,Mid-Range,Mature,505.61,Excellent,1,0
PROD1367,Nykaa,Setting Spray,1159.38,46,5,50664.91,4.6,24,Female,Sensitive,Pune,Brand Store,20-01-2023,0,January,1,Friday,0,Mid-Range,Young Adult,1101.41,Excellent,1,0
PROD1368,Lakme,Primer,1635.04,12,0,19620.48,4.2,31,Male,Combination,Pune,Online,06-12-2023,0,December,4,Wednesday,0,Premium,Mature,1635.04,Good,1,0
PROD1369,Nykaa,Highlighter,2264.49,22,10,44836.9,4.2,52,Female,Oily,Mumbai,Online,05-10-2023,0,October,4,Thursday,0,Premium,Mature,2038.04,Good,1,0
PROD1370,NYX,Concealer,852.39,34,10,26083.13,3.5,53,Female,Dry,Kolkata,Online,10-11-2023,0,November,4,Friday,0,Mid-Range,Mature,767.15,Average,0,0
PROD1371,Faces Canada,Mascara,1530.59,18,0,27550.62,4.5,30,Non-binary,Sensitive,Chennai,Brand Store,24-06-2023,0,June,2,Saturday,1,Premium,Young Adult,1530.59,Excellent,1,0
PROD1372,L'Oreal,Concealer,1585.44,22,20,27903.74,4.3,46,Female,Normal,Bangalore,Retail Store,22-10-2023,0,October,4,Sunday,1,Premium,Mature,1268.35,Good,1,0
PROD1373,MAC,Eyeshadow,1569.65,39,0,61216.35,4.5,39,Female,Sensitive,Delhi,Online,30-12-2023,0,December,4,Saturday,1,Premium,Mature,1569.65,Excellent,1,0
PROD1374,Faces Canada,Eyeliner,467.25,25,0,11681.25,4.9,51,Female,Sensitive,Pune,Online,07-09-2023,0,September,3,Thursday,0,Budget,Mature,467.25,Excellent,1,0
PROD1375,MAC,Blush,266.11,20,5,5056.09,4.1,23,Female,Normal,Delhi,Online,26-03-2023,0,March,1,Sunday,1,Budget,Young Adult,252.8,Good,1,0
PROD1376,Colorbar,Concealer,812.88,3,0,2438.64,2.7,39,Female,Combination,Chennai,Retail Store,31-05-2023,0,May,2,Wednesday,0,Mid-Range,Mature,812.88,Poor,0,0
PROD1377,MAC,Concealer,477.89,47,15,19091.71,2.9,55,Female,Normal,Chennai,Retail Store,26-09-2023,0,September,3,Tuesday,0,Budget,Mature,406.21,Poor,0,0
PROD1378,Revlon,Eyeliner,163.15,40,0,6526,3.2,25,Female,Oily,Delhi,Retail Store,01-07-2023,0,July,3,Saturday,1,Budget,Young Adult,163.15,Average,0,0
PROD1379,Maybelline,Primer,2557.54,34,5,82608.54,3.7,19,Female,Oily,Bangalore,Retail Store,08-03-2023,0,March,1,Wednesday,0,Premium,Mature,2429.66,Average,0,0
PROD1380,Revlon,Primer,1646.2,9,15,12593.43,4.8,51,Non-binary,Oily,Kolkata,Retail Store,26-10-2023,0,October,4,Thursday,0,Premium,Mature,1399.27,Excellent,1,0
PROD1381,Faces Canada,Eyeliner,718.52,20,10,12933.36,4.7,24,Female,Combination,Ahmedabad,Brand Store,09-12-2023,0,December,4,Saturday,1,Mid-Range,Young Adult,646.67,Excellent,1,0
PROD1382,Nykaa,Setting Spray,1939.67,21,25,30549.8,4.5,55,Female,Sensitive,Hyderabad,Online,11-11-2023,1,November,4,Saturday,1,Premium,Mature,1454.75,Excellent,1,30549.8
PROD1383,Revlon,Highlighter,367.59,1,0,367.59,4.7,18,Female,Combination,Bangalore,Retail Store,28-10-2023,0,October,4,Saturday,1,Budget,Mature,367.59,Excellent,1,0
PROD1384,L'Oreal,Eyeshadow,2677.45,8,0,21419.6,4.5,36,Female,Oily,Delhi,Online,04-09-2023,0,September,3,Monday,0,Premium,Mature,2677.45,Excellent,1,0
PROD1385,Faces Canada,Highlighter,2292.76,44,25,75661.08,2.8,35,Female,Sensitive,Hyderabad,Brand Store,17-07-2023,0,July,3,Monday,0,Premium,Mature,1719.57,Poor,0,0
PROD1386,L'Oreal,Eyeliner,798.92,45,0,35951.4,5,30,Female,Normal,Kolkata,Retail Store,30-05-2023,0,May,2,Tuesday,0,Mid-Range,Young Adult,798.92,Excellent,1,0
PROD1387,L'Oreal,Lipstick,1041.84,33,15,29223.61,5,26,Non-binary,Dry,Pune,Retail Store,05-02-2023,0,February,1,Sunday,1,Mid-Range,Young Adult,885.56,Excellent,1,0
PROD1388,Faces Canada,Mascara,1653.72,7,0,11576.04,4.3,28,Female,Dry,Delhi,Online,27-11-2023,0,November,4,Monday,0,Premium,Young Adult,1653.72,Good,1,0
PROD1389,Lakme,Foundation,1506.28,1,5,1430.97,4.7,49,Female,Combination,Chennai,Retail Store,15-04-2023,0,April,2,Saturday,1,Premium,Mature,1430.97,Excellent,1,0
PROD1390,Faces Canada,Lipstick,578.8,31,0,17942.8,3.5,21,Male,Dry,Ahmedabad,Online,03-09-2023,0,September,3,Sunday,1,Mid-Range,Young Adult,578.8,Average,0,0
PROD1391,Faces Canada,Concealer,1831.74,31,20,45427.15,2.8,25,Female,Dry,Mumbai,Retail Store,19-09-2023,0,September,3,Tuesday,0,Premium,Young Adult,1465.39,Poor,0,0
PROD1392,Nykaa,Eyeliner,1359.41,36,10,44044.88,3.1,22,Male,Sensitive,Kolkata,Online,14-08-2023,1,August,3,Monday,0,Mid-Range,Young Adult,1223.47,Average,0,44044.88
PROD1393,Maybelline,Mascara,1022.36,14,10,12881.74,3,29,Female,Combination,Bangalore,Online,21-03-2023,0,March,1,Tuesday,0,Mid-Range,Young Adult,920.12,Average,0,0
PROD1394,MAC,Setting Spray,1559.43,11,10,15438.36,4.9,43,Female,Sensitive,Pune,Brand Store,05-06-2023,0,June,2,Monday,0,Premium,Mature,1403.49,Excellent,1,0
PROD1395,L'Oreal,Eyeshadow,1502.2,24,5,34250.16,4.3,31,Non-binary,Sensitive,Chennai,Retail Store,17-05-2023,0,May,2,Wednesday,0,Premium,Mature,1427.09,Good,1,0
PROD1396,Sugar,Eyeliner,405.63,26,10,9491.74,3.2,17,Female,Combination,Pune,Retail Store,13-09-2023,0,September,3,Wednesday,0,Budget,Mature,365.07,Average,0,0
PROD1397,Sugar,Mascara,1286.1,38,20,39097.44,3.6,27,Female,Oily,Bangalore,Retail Store,19-06-2023,0,June,2,Monday,0,Mid-Range,Young Adult,1028.88,Average,0,0
PROD1398,Faces Canada,Eyeliner,1374.84,47,0,64617.48,2.8,47,Non-binary,Sensitive,Pune,Online,23-09-2023,0,September,3,Saturday,1,Mid-Range,Mature,1374.84,Poor,0,0
PROD1399,L'Oreal,Foundation,2838.14,26,5,70102.06,4.3,19,Male,Oily,Chennai,Online,16-05-2023,0,May,2,Tuesday,0,Premium,Mature,2696.23,Good,1,0
PROD1400,Faces Canada,Eyeliner,804.35,37,0,29760.95,3.6,29,Female,Sensitive,Pune,Brand Store,02-05-2023,0,May,2,Tuesday,0,Mid-Range,Young Adult,804.35,Average,0,0
PROD1401,Lakme,Lipstick,663.79,18,5,11350.81,4.9,31,Male,Oily,Kolkata,Brand Store,21-10-2023,0,October,4,Saturday,1,Mid-Range,Mature,630.6,Excellent,1,0
PROD1402,L'Oreal,Concealer,2680.6,47,10,113389.38,3.9,21,Female,Sensitive,Mumbai,Online,28-10-2023,0,October,4,Saturday,1,Premium,Young Adult,2412.54,Average,0,0
PROD1403,NYX,Foundation,935.49,18,25,12629.11,4.1,48,Male,Sensitive,Chennai,Online,03-01-2023,0,January,1,Tuesday,0,Mid-Range,Mature,701.62,Good,1,0
PROD1404,MAC,Foundation,2497.36,32,0,79915.52,2.7,23,Female,Oily,Bangalore,Retail Store,19-03-2023,0,March,1,Sunday,1,Premium,Young Adult,2497.36,Poor,0,0
PROD1405,Nykaa,Eyeliner,752.64,43,0,32363.52,2.8,23,Female,Oily,Delhi,Online,23-02-2023,0,February,1,Thursday,0,Mid-Range,Young Adult,752.64,Poor,0,0
PROD1406,Colorbar,Foundation,2609.07,29,10,68096.73,2.8,37,Non-binary,Dry,Ahmedabad,Online,20-04-2023,0,April,2,Thursday,0,Premium,Mature,2348.16,Poor,0,0
PROD1407,Nykaa,Highlighter,1210.08,35,15,35999.88,2.5,27,Female,Combination,Ahmedabad,Brand Store,23-02-2023,0,February,1,Thursday,0,Mid-Range,Young Adult,1028.57,Poor,0,0
PROD1408,Maybelline,Mascara,361.27,2,0,722.54,4.5,41,Female,Oily,Bangalore,Retail Store,17-06-2023,1,June,2,Saturday,1,Budget,Mature,361.27,Excellent,1,722.54
PROD1409,Nykaa,Blush,538.95,38,10,18432.09,3,39,Male,Normal,Pune,Brand Store,03-02-2023,0,February,1,Friday,0,Mid-Range,Mature,485.06,Average,0,0
PROD1410,MAC,Lipstick,1845.76,37,0,68293.12,4,24,Female,Oily,Ahmedabad,Online,21-08-2023,0,August,3,Monday,0,Premium,Young Adult,1845.76,Good,1,0
PROD1411,Revlon,Highlighter,1783.73,35,15,53065.97,3.4,35,Female,Oily,Bangalore,Online,08-02-2023,0,February,1,Wednesday,0,Premium,Mature,1516.17,Average,0,0
PROD1412,L'Oreal,Lipstick,2477.22,4,10,8917.99,3.6,39,Female,Dry,Bangalore,Retail Store,23-05-2023,0,May,2,Tuesday,0,Premium,Mature,2229.5,Average,0,0
PROD1413,Sugar,Lipstick,1853.05,6,20,8894.64,3.6,53,Female,Dry,Mumbai,Retail Store,25-05-2023,0,May,2,Thursday,0,Premium,Mature,1482.44,Average,0,0
PROD1414,Revlon,Foundation,1321.51,11,10,13082.95,4.6,16,Female,Combination,Chennai,Brand Store,31-01-2023,0,January,1,Tuesday,0,Mid-Range,Mature,1189.36,Excellent,1,0
PROD1415,Sugar,Highlighter,1823.52,50,15,77499.6,4.1,39,Female,Sensitive,Kolkata,Retail Store,15-08-2023,0,August,3,Tuesday,0,Premium,Mature,1549.99,Good,1,0
PROD1416,Revlon,Concealer,940.4,12,0,11284.8,4.9,32,Male,Dry,Ahmedabad,Online,09-05-2023,0,May,2,Tuesday,0,Mid-Range,Mature,940.4,Excellent,1,0
PROD1417,Faces Canada,Lipstick,335.68,8,0,2685.44,4.5,48,Female,Dry,Delhi,Online,31-07-2023,0,July,3,Monday,0,Budget,Mature,335.68,Excellent,1,0
PROD1418,NYX,Highlighter,2361.06,6,0,14166.36,3.7,43,Female,Oily,Mumbai,Brand Store,10-12-2023,0,December,4,Sunday,1,Premium,Mature,2361.06,Average,0,0
PROD1419,Lakme,Setting Spray,1776.2,7,0,12433.4,4.9,19,Female,Dry,Ahmedabad,Online,29-07-2023,0,July,3,Saturday,1,Premium,Mature,1776.2,Excellent,1,0
PROD1420,MAC,Eyeliner,564.33,4,0,2257.32,4.5,34,Female,Combination,Pune,Brand Store,13-04-2023,0,April,2,Thursday,0,Mid-Range,Mature,564.33,Excellent,1,0
PROD1421,Lakme,Eyeshadow,363.51,28,0,10178.28,3,50,Female,Normal,Pune,Retail Store,02-11-2023,0,November,4,Thursday,0,Budget,Mature,363.51,Average,0,0
PROD1422,Faces Canada,Foundation,316.5,13,5,3908.77,5,28,Non-binary,Normal,Kolkata,Online,12-08-2023,0,August,3,Saturday,1,Budget,Young Adult,300.67,Excellent,1,0
PROD1423,Maybelline,Mascara,835.17,5,5,3967.06,3.8,24,Female,Oily,Ahmedabad,Online,17-05-2023,0,May,2,Wednesday,0,Mid-Range,Young Adult,793.41,Average,0,0
PROD1424,Revlon,Blush,1660.01,2,0,3320.02,4.4,23,Female,Sensitive,Mumbai,Retail Store,28-08-2023,0,August,3,Monday,0,Premium,Young Adult,1660.01,Good,1,0
PROD1425,NYX,Lipstick,1546.38,35,0,54123.3,4.4,51,Female,Sensitive,Delhi,Brand Store,29-12-2023,0,December,4,Friday,0,Premium,Mature,1546.38,Good,1,0
PROD1426,Revlon,Lipstick,772.62,46,0,35540.52,2.7,27,Female,Sensitive,Mumbai,Retail Store,20-01-2023,0,January,1,Friday,0,Mid-Range,Young Adult,772.62,Poor,0,0
PROD1427,Sugar,Setting Spray,1879.67,26,5,46427.85,4.5,49,Female,Dry,Ahmedabad,Brand Store,12-04-2023,0,April,2,Wednesday,0,Premium,Mature,1785.69,Excellent,1,0
PROD1428,Nykaa,Foundation,1522.49,36,0,54809.64,4.4,22,Female,Oily,Kolkata,Retail Store,06-09-2023,0,September,3,Wednesday,0,Premium,Young Adult,1522.49,Good,1,0
PROD1429,Colorbar,Eyeliner,471.91,15,10,6370.79,4.6,36,Female,Dry,Kolkata,Online,21-09-2023,0,September,3,Thursday,0,Budget,Mature,424.72,Excellent,1,0
PROD1430,Colorbar,Setting Spray,1850.26,40,25,55507.8,3.6,16,Female,Combination,Delhi,Brand Store,09-08-2023,0,August,3,Wednesday,0,Premium,Mature,1387.7,Average,0,0
PROD1431,Lakme,Mascara,585.03,4,10,2106.11,3.8,50,Female,Oily,Bangalore,Online,23-03-2023,0,March,1,Thursday,0,Mid-Range,Mature,526.53,Average,0,0
PROD1432,Maybelline,Blush,2161.49,35,25,56739.11,4.9,21,Female,Sensitive,Chennai,Retail Store,01-11-2023,0,November,4,Wednesday,0,Premium,Young Adult,1621.12,Excellent,1,0
PROD1433,Sugar,Setting Spray,1831.32,8,20,11720.45,2.7,44,Female,Sensitive,Mumbai,Brand Store,28-10-2023,1,October,4,Saturday,1,Premium,Mature,1465.06,Poor,0,11720.45
PROD1434,Lakme,Primer,2927.3,5,20,11709.2,4.9,41,Female,Sensitive,Hyderabad,Retail Store,03-03-2023,0,March,1,Friday,0,Premium,Mature,2341.84,Excellent,1,0
PROD1435,Faces Canada,Concealer,1533.69,15,0,23005.35,3.9,44,Female,Oily,Pune,Retail Store,01-02-2023,0,February,1,Wednesday,0,Premium,Mature,1533.69,Average,0,0
PROD1436,Nykaa,Lipstick,1290.38,31,15,34001.51,4.2,27,Female,Sensitive,Chennai,Retail Store,01-11-2023,0,November,4,Wednesday,0,Mid-Range,Young Adult,1096.82,Good,1,0
PROD1437,L'Oreal,Foundation,1934.39,32,0,61900.48,4.2,53,Female,Sensitive,Hyderabad,Online,14-10-2023,1,October,4,Saturday,1,Premium,Mature,1934.39,Good,1,61900.48
PROD1438,Colorbar,Highlighter,2846.77,43,0,122411.11,4.8,46,Female,Oily,Mumbai,Retail Store,28-04-2023,0,April,2,Friday,0,Premium,Mature,2846.77,Excellent,1,0
PROD1439,Colorbar,Foundation,1654.7,23,0,38058.1,3.6,47,Female,Normal,Chennai,Online,20-12-2023,0,December,4,Wednesday,0,Premium,Mature,1654.7,Average,0,0
PROD1440,Revlon,Highlighter,588.03,30,0,17640.9,4,41,Male,Oily,Bangalore,Retail Store,04-08-2023,0,August,3,Friday,0,Mid-Range,Mature,588.03,Good,1,0
PROD1441,Nykaa,Setting Spray,951.73,16,5,14466.3,4.3,55,Female,Combination,Kolkata,Online,09-06-2023,0,June,2,Friday,0,Mid-Range,Mature,904.14,Good,1,0
PROD1442,Faces Canada,Mascara,807.77,25,5,19184.54,2.9,38,Female,Normal,Chennai,Brand Store,07-10-2023,0,October,4,Saturday,1,Mid-Range,Mature,767.38,Poor,0,0
PROD1443,MAC,Setting Spray,751.33,26,0,19534.58,3.8,48,Male,Oily,Chennai,Brand Store,12-03-2023,1,March,1,Sunday,1,Mid-Range,Mature,751.33,Average,0,19534.58
PROD1444,Faces Canada,Mascara,1000.76,37,15,31473.9,2.7,17,Female,Combination,Delhi,Online,27-02-2023,0,February,1,Monday,0,Mid-Range,Mature,850.65,Poor,0,0
PROD1445,Revlon,Eyeshadow,2746.03,39,5,101740.41,4.1,26,Female,Normal,Chennai,Brand Store,20-04-2023,0,April,2,Thursday,0,Premium,Young Adult,2608.73,Good,1,0
PROD1446,Revlon,Lipstick,628.32,16,10,9047.81,2.6,32,Female,Sensitive,Pune,Brand Store,20-06-2023,0,June,2,Tuesday,0,Mid-Range,Mature,565.49,Poor,0,0
PROD1447,Revlon,Mascara,1831.48,18,0,32966.64,4.4,47,Female,Oily,Bangalore,Retail Store,08-08-2023,0,August,3,Tuesday,0,Premium,Mature,1831.48,Good,1,0
PROD1448,NYX,Eyeshadow,1311.59,37,0,48528.83,3.5,20,Male,Normal,Ahmedabad,Brand Store,03-02-2023,0,February,1,Friday,0,Mid-Range,Mature,1311.59,Average,0,0
PROD1449,Colorbar,Blush,1460.58,49,0,71568.42,3.9,18,Male,Normal,Mumbai,Retail Store,16-03-2023,0,March,1,Thursday,0,Mid-Range,Mature,1460.58,Average,0,0
PROD1450,Nykaa,Blush,1412.7,7,10,8900.01,4.5,36,Non-binary,Normal,Bangalore,Retail Store,07-10-2023,0,October,4,Saturday,1,Mid-Range,Mature,1271.43,Excellent,1,0
PROD1451,MAC,Setting Spray,1487.8,38,20,45229.12,3.5,55,Female,Sensitive,Ahmedabad,Retail Store,09-06-2023,0,June,2,Friday,0,Mid-Range,Mature,1190.24,Average,0,0
PROD1452,Revlon,Concealer,1729.3,21,0,36315.3,4.5,19,Female,Sensitive,Delhi,Online,03-11-2023,0,November,4,Friday,0,Premium,Mature,1729.3,Excellent,1,0
PROD1453,Revlon,Eyeliner,444.2,25,0,11105,4.7,18,Female,Oily,Pune,Online,05-08-2023,0,August,3,Saturday,1,Budget,Mature,444.2,Excellent,1,0
PROD1454,Faces Canada,Setting Spray,1579.35,36,0,56856.6,4.5,29,Female,Dry,Kolkata,Retail Store,30-12-2023,0,December,4,Saturday,1,Premium,Young Adult,1579.35,Excellent,1,0
PROD1455,NYX,Setting Spray,856.34,39,15,28387.67,2.6,47,Female,Oily,Mumbai,Online,30-11-2023,0,November,4,Thursday,0,Mid-Range,Mature,727.89,Poor,0,0
PROD1456,Faces Canada,Blush,2435.34,17,5,39330.74,2.9,34,Female,Combination,Kolkata,Retail Store,13-10-2023,0,October,4,Friday,0,Premium,Mature,2313.57,Poor,0,0
PROD1457,Lakme,Highlighter,1181.89,28,0,33092.92,3.2,16,Male,Normal,Hyderabad,Retail Store,08-09-2023,0,September,3,Friday,0,Mid-Range,Mature,1181.89,Average,0,0
PROD1458,Colorbar,Lipstick,1235.88,20,15,21009.96,4.4,30,Female,Sensitive,Chennai,Brand Store,08-03-2023,0,March,1,Wednesday,0,Mid-Range,Young Adult,1050.5,Good,1,0
PROD1459,Nykaa,Blush,2220.62,9,10,17987.02,4.6,27,Female,Combination,Kolkata,Retail Store,23-07-2023,0,July,3,Sunday,1,Premium,Young Adult,1998.56,Excellent,1,0
PROD1460,MAC,Concealer,2605.84,1,15,2214.96,4.2,43,Female,Oily,Bangalore,Online,31-05-2023,0,May,2,Wednesday,0,Premium,Mature,2214.96,Good,1,0
PROD1461,Nykaa,Eyeliner,1450.03,31,0,44950.93,4.2,46,Female,Dry,Hyderabad,Retail Store,10-11-2023,0,November,4,Friday,0,Mid-Range,Mature,1450.03,Good,1,0
PROD1462,L'Oreal,Foundation,1198.26,7,20,6710.26,2.7,48,Female,Sensitive,Hyderabad,Brand Store,31-01-2023,0,January,1,Tuesday,0,Mid-Range,Mature,958.61,Poor,0,0
PROD1463,Lakme,Primer,734.99,38,0,27929.62,3.8,41,Non-binary,Normal,Ahmedabad,Brand Store,07-03-2023,0,March,1,Tuesday,0,Mid-Range,Mature,734.99,Average,0,0
PROD1464,Colorbar,Setting Spray,1800.1,23,20,33121.84,3.6,16,Non-binary,Dry,Hyderabad,Retail Store,29-07-2023,0,July,3,Saturday,1,Premium,Mature,1440.08,Average,0,0
PROD1465,Maybelline,Highlighter,696.79,8,5,5295.6,4.8,19,Female,Combination,Chennai,Brand Store,03-09-2023,0,September,3,Sunday,1,Mid-Range,Mature,661.95,Excellent,1,0
PROD1466,Nykaa,Setting Spray,1772.74,35,0,62045.9,2.6,51,Female,Dry,Pune,Brand Store,16-05-2023,1,May,2,Tuesday,0,Premium,Mature,1772.74,Poor,0,62045.9
PROD1467,Maybelline,Mascara,1408.82,45,10,57057.21,4.4,48,Female,Combination,Pune,Retail Store,18-05-2023,0,May,2,Thursday,0,Mid-Range,Mature,1267.94,Good,1,0
PROD1468,NYX,Highlighter,1124.16,24,20,21583.87,3.2,45,Male,Dry,Pune,Brand Store,09-02-2023,0,February,1,Thursday,0,Mid-Range,Mature,899.33,Average,0,0
PROD1469,Sugar,Mascara,713.12,35,0,24959.2,4,47,Male,Normal,Delhi,Retail Store,23-07-2023,0,July,3,Sunday,1,Mid-Range,Mature,713.12,Good,1,0
PROD1470,L'Oreal,Blush,1350.38,2,0,2700.76,3,51,Male,Dry,Kolkata,Brand Store,01-09-2023,0,September,3,Friday,0,Mid-Range,Mature,1350.38,Average,0,0
PROD1471,Lakme,Primer,2883.51,5,0,14417.55,4,40,Female,Combination,Chennai,Online,22-11-2023,0,November,4,Wednesday,0,Premium,Mature,2883.51,Good,1,0
PROD1472,Revlon,Eyeshadow,2960.71,33,20,78162.74,4.6,33,Male,Dry,Chennai,Retail Store,07-01-2023,0,January,1,Saturday,1,Premium,Mature,2368.57,Excellent,1,0
PROD1473,Faces Canada,Foundation,520.26,26,0,13526.76,3.6,48,Male,Oily,Hyderabad,Brand Store,26-06-2023,1,June,2,Monday,0,Mid-Range,Mature,520.26,Average,0,13526.76
PROD1474,Revlon,Blush,837.98,28,0,23463.44,2.6,50,Female,Combination,Chennai,Brand Store,01-09-2023,0,September,3,Friday,0,Mid-Range,Mature,837.98,Poor,0,0
PROD1475,Maybelline,Primer,447.28,44,5,18696.3,4.1,36,Female,Sensitive,Chennai,Brand Store,02-10-2023,0,October,4,Monday,0,Budget,Mature,424.92,Good,1,0
PROD1476,Faces Canada,Blush,1904.25,40,10,68553,3.9,43,Female,Sensitive,Bangalore,Brand Store,11-06-2023,0,June,2,Sunday,1,Premium,Mature,1713.82,Average,0,0
PROD1477,Maybelline,Eyeliner,483.21,29,25,10509.82,4.2,32,Male,Oily,Kolkata,Online,03-11-2023,0,November,4,Friday,0,Budget,Mature,362.41,Good,1,0
PROD1478,L'Oreal,Blush,851.82,14,0,11925.48,4.6,30,Female,Sensitive,Ahmedabad,Online,18-10-2023,0,October,4,Wednesday,0,Mid-Range,Young Adult,851.82,Excellent,1,0
PROD1479,Faces Canada,Foundation,1899.4,26,10,44445.96,4.8,26,Male,Sensitive,Chennai,Online,26-01-2023,0,January,1,Thursday,0,Premium,Young Adult,1709.46,Excellent,1,0
PROD1480,L'Oreal,Eyeshadow,838.26,3,5,2389.04,4.5,16,Male,Dry,Bangalore,Online,09-01-2023,0,January,1,Monday,0,Mid-Range,Mature,796.35,Excellent,1,0
PROD1481,Nykaa,Eyeliner,630.54,3,0,1891.62,4.8,48,Female,Normal,Ahmedabad,Brand Store,08-10-2023,0,October,4,Sunday,1,Mid-Range,Mature,630.54,Excellent,1,0
PROD1482,Nykaa,Concealer,2271.63,19,15,36686.82,2.7,31,Female,Dry,Hyderabad,Retail Store,13-02-2023,0,February,1,Monday,0,Premium,Mature,1930.89,Poor,0,0
PROD1483,NYX,Eyeliner,689.02,49,10,30385.78,4.4,51,Female,Combination,Bangalore,Online,29-10-2023,0,October,4,Sunday,1,Mid-Range,Mature,620.12,Good,1,0
PROD1484,Lakme,Foundation,310.68,47,25,10951.47,4.4,17,Female,Dry,Ahmedabad,Retail Store,23-05-2023,1,May,2,Tuesday,0,Budget,Mature,233.01,Good,1,10951.47
PROD1485,Nykaa,Setting Spray,1043.25,5,20,4173,3.3,18,Female,Normal,Kolkata,Retail Store,17-02-2023,0,February,1,Friday,0,Mid-Range,Mature,834.6,Average,0,0
PROD1486,Revlon,Highlighter,1106.84,6,15,5644.88,4.3,30,Female,Normal,Hyderabad,Online,21-02-2023,0,February,1,Tuesday,0,Mid-Range,Young Adult,940.81,Good,1,0
PROD1487,NYX,Setting Spray,1612.9,31,0,49999.9,2.6,55,Female,Sensitive,Mumbai,Retail Store,09-08-2023,0,August,3,Wednesday,0,Premium,Mature,1612.9,Poor,0,0
PROD1488,L'Oreal,Primer,1570.93,47,5,70142.02,3.9,55,Female,Normal,Kolkata,Online,08-01-2023,0,January,1,Sunday,1,Premium,Mature,1492.38,Average,0,0
PROD1489,Faces Canada,Primer,2011.64,41,5,78353.38,3.9,46,Female,Oily,Ahmedabad,Brand Store,09-07-2023,0,July,3,Sunday,1,Premium,Mature,1911.06,Average,0,0
PROD1490,Sugar,Concealer,2393.97,37,0,88576.89,3.6,40,Female,Sensitive,Mumbai,Brand Store,12-01-2023,1,January,1,Thursday,0,Premium,Mature,2393.97,Average,0,88576.89
PROD1491,Sugar,Concealer,2407.95,41,0,98725.95,3.8,51,Female,Oily,Bangalore,Retail Store,10-02-2023,0,February,1,Friday,0,Premium,Mature,2407.95,Average,0,0
PROD1492,Revlon,Setting Spray,1888.63,5,5,8970.99,4.5,39,Non-binary,Combination,Pune,Brand Store,02-03-2023,0,March,1,Thursday,0,Premium,Mature,1794.2,Excellent,1,0
PROD1493,L'Oreal,Foundation,1861.98,25,10,41894.55,4,20,Female,Sensitive,Delhi,Brand Store,17-02-2023,0,February,1,Friday,0,Premium,Mature,1675.78,Good,1,0
PROD1494,Nykaa,Mascara,678.55,11,20,5971.24,2.9,46,Female,Sensitive,Pune,Brand Store,28-01-2023,0,January,1,Saturday,1,Mid-Range,Mature,542.84,Poor,0,0
PROD1495,Revlon,Blush,848.67,9,15,6492.33,2.8,51,Female,Combination,Pune,Brand Store,24-01-2023,0,January,1,Tuesday,0,Mid-Range,Mature,721.37,Poor,0,0
PROD1496,Lakme,Mascara,1720.7,10,0,17207,2.8,39,Female,Sensitive,Ahmedabad,Online,26-01-2023,0,January,1,Thursday,0,Premium,Mature,1720.7,Poor,0,0
PROD1497,Nykaa,Concealer,914.56,4,10,3292.42,3.6,29,Non-binary,Normal,Bangalore,Retail Store,15-09-2023,0,September,3,Friday,0,Mid-Range,Young Adult,823.1,Average,0,0
PROD1498,NYX,Concealer,212.15,6,25,954.68,3.7,49,Female,Combination,Bangalore,Online,04-05-2023,0,May,2,Thursday,0,Budget,Mature,159.11,Average,0,0
PROD1499,Nykaa,Foundation,3313.05,35,10,104361.07,4.8,39,Female,Oily,Mumbai,Retail Store,29-06-2023,1,June,2,Thursday,0,Premium,Mature,2981.74,Excellent,1,104361.07
PROD1500,Maybelline,Lipstick,466.3,24,0,11191.2,4.9,55,Non-binary,Oily,Bangalore,Retail Store,03-12-2023,0,December,4,Sunday,1,Budget,Mature,466.3,Excellent,1,0
PROD1501,Lakme,Foundation,2680.12,15,15,34171.53,4.9,44,Female,Dry,Mumbai,Brand Store,17-01-2023,0,January,1,Tuesday,0,Premium,Mature,2278.1,Excellent,1,0
PROD1502,Revlon,Setting Spray,1456.51,1,10,1310.86,4.9,32,Female,Sensitive,Delhi,Brand Store,15-10-2023,0,October,4,Sunday,1,Mid-Range,Mature,1310.86,Excellent,1,0
PROD1503,L'Oreal,Eyeshadow,3250.36,34,5,104986.63,3.7,53,Female,Combination,Chennai,Retail Store,12-05-2023,0,May,2,Friday,0,Premium,Mature,3087.84,Average,0,0
PROD1504,Nykaa,Foundation,2976.1,6,20,14285.28,4.9,48,Male,Dry,Bangalore,Retail Store,03-10-2023,0,October,4,Tuesday,0,Premium,Mature,2380.88,Excellent,1,0
PROD1505,Lakme,Foundation,1124.27,3,20,2698.25,2.9,51,Female,Dry,Kolkata,Online,01-06-2023,0,June,2,Thursday,0,Mid-Range,Mature,899.42,Poor,0,0
PROD1506,Sugar,Concealer,864.94,49,25,31786.55,4.7,31,Female,Normal,Pune,Online,27-07-2023,0,July,3,Thursday,0,Mid-Range,Mature,648.71,Excellent,1,0
PROD1507,Lakme,Highlighter,2312.14,29,5,63699.46,3,51,Male,Combination,Chennai,Brand Store,05-10-2023,0,October,4,Thursday,0,Premium,Mature,2196.53,Average,0,0
PROD1508,Revlon,Mascara,1640.16,25,15,34853.4,4.8,35,Female,Sensitive,Kolkata,Online,21-06-2023,0,June,2,Wednesday,0,Premium,Mature,1394.14,Excellent,1,0
PROD1509,Lakme,Blush,1134.71,29,15,27970.6,4,38,Female,Normal,Delhi,Retail Store,17-10-2023,0,October,4,Tuesday,0,Mid-Range,Mature,964.5,Good,1,0
PROD1510,Lakme,Setting Spray,1218.97,22,10,24135.61,4.8,36,Female,Normal,Delhi,Online,08-06-2023,0,June,2,Thursday,0,Mid-Range,Mature,1097.07,Excellent,1,0
PROD1511,Maybelline,Setting Spray,1812.01,7,0,12684.07,4.9,22,Female,Normal,Ahmedabad,Brand Store,18-12-2023,0,December,4,Monday,0,Premium,Young Adult,1812.01,Excellent,1,0
PROD1512,Sugar,Blush,1784.13,4,0,7136.52,4.2,27,Female,Oily,Bangalore,Brand Store,14-11-2023,0,November,4,Tuesday,0,Premium,Young Adult,1784.13,Good,1,0
PROD1513,Maybelline,Blush,1785.51,1,25,1339.13,4.7,24,Female,Combination,Bangalore,Retail Store,17-10-2023,0,October,4,Tuesday,0,Premium,Young Adult,1339.13,Excellent,1,0
PROD1514,L'Oreal,Lipstick,2177.7,49,0,106707.3,4.5,19,Female,Oily,Delhi,Retail Store,04-04-2023,1,April,2,Tuesday,0,Premium,Mature,2177.7,Excellent,1,106707.3
PROD1515,NYX,Setting Spray,1047.7,40,15,35621.8,3.3,44,Female,Normal,Hyderabad,Online,15-08-2023,0,August,3,Tuesday,0,Mid-Range,Mature,890.54,Average,0,0
PROD1516,Colorbar,Eyeliner,870.59,23,0,20023.57,4.3,53,Male,Oily,Pune,Brand Store,08-12-2023,0,December,4,Friday,0,Mid-Range,Mature,870.59,Good,1,0
PROD1517,Nykaa,Lipstick,861.33,44,20,30318.82,4.1,35,Female,Sensitive,Mumbai,Online,23-05-2023,0,May,2,Tuesday,0,Mid-Range,Mature,689.06,Good,1,0
PROD1518,Nykaa,Eyeshadow,467.79,40,25,14033.7,4.2,34,Female,Sensitive,Delhi,Online,11-11-2023,1,November,4,Saturday,1,Budget,Mature,350.84,Good,1,14033.7
PROD1519,Colorbar,Concealer,1802.78,12,0,21633.36,4.9,38,Female,Combination,Pune,Online,24-06-2023,0,June,2,Saturday,1,Premium,Mature,1802.78,Excellent,1,0
PROD1520,Lakme,Foundation,488.9,32,20,12515.84,3.9,52,Female,Oily,Mumbai,Brand Store,08-08-2023,1,August,3,Tuesday,0,Budget,Mature,391.12,Average,0,12515.84
PROD1521,Lakme,Primer,627.51,25,10,14118.98,4.3,46,Non-binary,Dry,Hyderabad,Online,14-09-2023,0,September,3,Thursday,0,Mid-Range,Mature,564.76,Good,1,0
PROD1522,MAC,Eyeshadow,2409.59,19,15,38914.88,3.3,39,Female,Oily,Chennai,Online,23-08-2023,0,August,3,Wednesday,0,Premium,Mature,2048.15,Average,0,0
PROD1523,Revlon,Mascara,789.89,14,0,11058.46,2.9,38,Female,Normal,Mumbai,Online,14-07-2023,0,July,3,Friday,0,Mid-Range,Mature,789.89,Poor,0,0
PROD1524,L'Oreal,Highlighter,1071.13,30,0,32133.9,3.8,27,Female,Dry,Mumbai,Brand Store,21-10-2023,0,October,4,Saturday,1,Mid-Range,Young Adult,1071.13,Average,0,0
PROD1525,NYX,Eyeshadow,1524.14,7,0,10668.98,2.7,18,Male,Normal,Mumbai,Brand Store,24-01-2023,0,January,1,Tuesday,0,Premium,Mature,1524.14,Poor,0,0
PROD1526,Faces Canada,Primer,3231.84,33,0,106650.72,3.1,16,Female,Oily,Bangalore,Online,16-08-2023,0,August,3,Wednesday,0,Premium,Mature,3231.84,Average,0,0
PROD1527,NYX,Lipstick,2261.58,22,20,39803.81,4.9,45,Female,Sensitive,Pune,Brand Store,06-10-2023,0,October,4,Friday,0,Premium,Mature,1809.26,Excellent,1,0
PROD1528,Maybelline,Mascara,506.96,48,15,20683.97,4,43,Female,Normal,Hyderabad,Online,04-05-2023,0,May,2,Thursday,0,Mid-Range,Mature,430.92,Good,1,0
PROD1529,Lakme,Mascara,1792.42,10,10,16131.78,3.6,38,Female,Combination,Bangalore,Online,26-08-2023,0,August,3,Saturday,1,Premium,Mature,1613.18,Average,0,0
PROD1530,Lakme,Mascara,1833.1,8,25,10998.6,2.7,38,Female,Sensitive,Bangalore,Online,07-04-2023,0,April,2,Friday,0,Premium,Mature,1374.82,Poor,0,0
PROD1531,Colorbar,Foundation,2621.51,11,10,25952.95,2.7,49,Male,Sensitive,Delhi,Brand Store,03-01-2023,0,January,1,Tuesday,0,Premium,Mature,2359.36,Poor,0,0
PROD1532,Maybelline,Highlighter,2386.34,33,10,70874.3,3.6,50,Female,Sensitive,Pune,Retail Store,29-10-2023,0,October,4,Sunday,1,Premium,Mature,2147.71,Average,0,0
PROD1533,Sugar,Eyeliner,333.64,45,5,14263.11,2.7,51,Female,Oily,Mumbai,Brand Store,23-06-2023,1,June,2,Friday,0,Budget,Mature,316.96,Poor,0,14263.11
PROD1534,MAC,Setting Spray,413.25,25,10,9298.12,4,25,Female,Sensitive,Ahmedabad,Online,09-06-2023,0,June,2,Friday,0,Budget,Young Adult,371.92,Good,1,0
PROD1535,L'Oreal,Primer,920.34,49,10,40586.99,3.7,16,Female,Sensitive,Mumbai,Online,31-05-2023,0,May,2,Wednesday,0,Mid-Range,Mature,828.31,Average,0,0
PROD1536,L'Oreal,Eyeshadow,2750.86,10,0,27508.6,2.6,21,Non-binary,Normal,Hyderabad,Retail Store,02-12-2023,0,December,4,Saturday,1,Premium,Young Adult,2750.86,Poor,0,0
PROD1537,Maybelline,Primer,603.79,24,10,13041.86,3.9,28,Female,Dry,Mumbai,Brand Store,07-01-2023,0,January,1,Saturday,1,Mid-Range,Young Adult,543.41,Average,0,0
PROD1538,NYX,Lipstick,2355.28,45,0,105987.6,2.9,24,Female,Normal,Bangalore,Brand Store,07-03-2023,0,March,1,Tuesday,0,Premium,Young Adult,2355.28,Poor,0,0
PROD1539,MAC,Concealer,306.76,50,0,15338,4.4,48,Male,Combination,Delhi,Retail Store,28-07-2023,0,July,3,Friday,0,Budget,Mature,306.76,Good,1,0
PROD1540,Revlon,Lipstick,1844.78,39,5,68349.1,3.1,44,Female,Combination,Ahmedabad,Retail Store,27-10-2023,0,October,4,Friday,0,Premium,Mature,1752.54,Average,0,0
PROD1541,Maybelline,Mascara,1430.5,42,0,60081,2.9,54,Female,Oily,Delhi,Retail Store,13-07-2023,0,July,3,Thursday,0,Mid-Range,Mature,1430.5,Poor,0,0
PROD1542,Colorbar,Mascara,1548.08,34,0,52634.72,3,17,Male,Sensitive,Hyderabad,Online,04-02-2023,0,February,1,Saturday,1,Premium,Mature,1548.08,Average,0,0
PROD1543,Colorbar,Mascara,345.17,13,0,4487.21,4.8,42,Female,Sensitive,Ahmedabad,Online,27-07-2023,0,July,3,Thursday,0,Budget,Mature,345.17,Excellent,1,0
PROD1544,Nykaa,Highlighter,1542.82,49,15,64258.45,4.7,18,Non-binary,Normal,Kolkata,Online,13-02-2023,0,February,1,Monday,0,Premium,Mature,1311.4,Excellent,1,0
PROD1545,Revlon,Concealer,356.22,38,0,13536.36,3.2,32,Female,Oily,Hyderabad,Brand Store,09-08-2023,0,August,3,Wednesday,0,Budget,Mature,356.22,Average,0,0
PROD1546,Colorbar,Blush,1982.74,46,0,91206.04,3.1,42,Female,Combination,Pune,Online,12-07-2023,0,July,3,Wednesday,0,Premium,Mature,1982.74,Average,0,0
PROD1547,Nykaa,Mascara,441.58,8,10,3179.38,2.7,25,Female,Normal,Hyderabad,Online,25-06-2023,1,June,2,Sunday,1,Budget,Young Adult,397.42,Poor,0,3179.38
PROD1548,NYX,Concealer,1950.79,7,10,12289.98,4.2,48,Non-binary,Normal,Mumbai,Brand Store,01-11-2023,1,November,4,Wednesday,0,Premium,Mature,1755.71,Good,1,12289.98
PROD1549,Nykaa,Setting Spray,549.93,16,20,7039.1,4.3,21,Female,Dry,Kolkata,Retail Store,23-06-2023,0,June,2,Friday,0,Mid-Range,Young Adult,439.94,Good,1,0
PROD1550,Sugar,Blush,2441.72,12,20,23440.51,4.7,19,Female,Dry,Pune,Brand Store,14-05-2023,1,May,2,Sunday,1,Premium,Mature,1953.38,Excellent,1,23440.51
PROD1551,MAC,Lipstick,377.44,46,5,16494.13,4.6,49,Female,Oily,Ahmedabad,Retail Store,17-05-2023,0,May,2,Wednesday,0,Budget,Mature,358.57,Excellent,1,0
PROD1552,Colorbar,Highlighter,2122.55,32,0,67921.6,3.3,45,Female,Combination,Kolkata,Brand Store,22-11-2023,0,November,4,Wednesday,0,Premium,Mature,2122.55,Average,0,0
PROD1553,Nykaa,Eyeshadow,1671.03,31,0,51801.93,5,33,Female,Sensitive,Kolkata,Retail Store,15-07-2023,1,July,3,Saturday,1,Premium,Mature,1671.03,Excellent,1,51801.93
PROD1554,NYX,Eyeshadow,767.08,12,0,9204.96,3.4,39,Female,Oily,Mumbai,Brand Store,13-11-2023,1,November,4,Monday,0,Mid-Range,Mature,767.08,Average,0,9204.96
PROD1555,Revlon,Foundation,892.35,26,20,18560.88,4,36,Female,Normal,Pune,Brand Store,17-08-2023,0,August,3,Thursday,0,Mid-Range,Mature,713.88,Good,1,0
PROD1556,Lakme,Eyeshadow,1976.29,18,10,32015.9,2.8,39,Female,Dry,Delhi,Retail Store,27-05-2023,0,May,2,Saturday,1,Premium,Mature,1778.66,Poor,0,0
PROD1557,Faces Canada,Blush,1562.51,16,15,21250.14,4.5,26,Female,Combination,Kolkata,Online,08-06-2023,0,June,2,Thursday,0,Premium,Young Adult,1328.13,Excellent,1,0
PROD1558,Colorbar,Eyeliner,677.12,43,0,29116.16,4.4,30,Female,Oily,Delhi,Brand Store,27-11-2023,0,November,4,Monday,0,Mid-Range,Young Adult,677.12,Good,1,0
PROD1559,Revlon,Primer,3251.15,10,0,32511.5,4.8,21,Female,Sensitive,Pune,Brand Store,13-10-2023,0,October,4,Friday,0,Premium,Young Adult,3251.15,Excellent,1,0
PROD1560,NYX,Concealer,2121.46,12,5,24184.64,3.6,48,Male,Combination,Ahmedabad,Retail Store,30-11-2023,0,November,4,Thursday,0,Premium,Mature,2015.39,Average,0,0
PROD1561,Sugar,Foundation,919.98,11,0,10119.78,4.7,17,Female,Dry,Kolkata,Retail Store,16-08-2023,0,August,3,Wednesday,0,Mid-Range,Mature,919.98,Excellent,1,0
PROD1562,Nykaa,Highlighter,2141,27,20,46245.6,3,45,Male,Combination,Mumbai,Online,27-11-2023,0,November,4,Monday,0,Premium,Mature,1712.8,Average,0,0
PROD1563,L'Oreal,Concealer,2315.36,35,20,64830.08,2.7,39,Female,Sensitive,Pune,Brand Store,24-01-2023,0,January,1,Tuesday,0,Premium,Mature,1852.29,Poor,0,0
PROD1564,L'Oreal,Eyeliner,1121.01,5,0,5605.05,3.3,36,Female,Dry,Ahmedabad,Brand Store,14-01-2023,0,January,1,Saturday,1,Mid-Range,Mature,1121.01,Average,0,0
PROD1565,Maybelline,Setting Spray,1607.48,14,0,22504.72,4.4,49,Male,Dry,Delhi,Retail Store,12-04-2023,0,April,2,Wednesday,0,Premium,Mature,1607.48,Good,1,0
PROD1566,Revlon,Concealer,2043.6,34,15,59060.04,4.4,27,Female,Dry,Mumbai,Brand Store,20-11-2023,0,November,4,Monday,0,Premium,Young Adult,1737.06,Good,1,0
PROD1567,L'Oreal,Concealer,2069.47,40,5,78639.86,3.4,29,Female,Dry,Chennai,Online,21-12-2023,0,December,4,Thursday,0,Premium,Young Adult,1966,Average,0,0
PROD1568,MAC,Setting Spray,1819.05,39,0,70942.95,4,16,Female,Normal,Hyderabad,Retail Store,24-04-2023,0,April,2,Monday,0,Premium,Mature,1819.05,Good,1,0
PROD1569,Nykaa,Eyeshadow,1878.67,33,0,61996.11,3.4,18,Male,Oily,Ahmedabad,Retail Store,10-10-2023,1,October,4,Tuesday,0,Premium,Mature,1878.67,Average,0,61996.11
PROD1570,Nykaa,Mascara,1292.45,8,0,10339.6,4.4,26,Female,Oily,Chennai,Retail Store,09-09-2023,0,September,3,Saturday,1,Mid-Range,Young Adult,1292.45,Good,1,0
PROD1571,Faces Canada,Concealer,777.1,36,0,27975.6,4.2,27,Non-binary,Normal,Delhi,Retail Store,15-05-2023,0,May,2,Monday,0,Mid-Range,Young Adult,777.1,Good,1,0
PROD1572,Sugar,Highlighter,840.02,29,0,24360.58,4.4,24,Non-binary,Dry,Bangalore,Online,20-03-2023,0,March,1,Monday,0,Mid-Range,Young Adult,840.02,Good,1,0
PROD1573,Lakme,Primer,2367.33,49,15,98599.29,4,32,Non-binary,Sensitive,Bangalore,Retail Store,17-10-2023,0,October,4,Tuesday,0,Premium,Mature,2012.23,Good,1,0
PROD1574,L'Oreal,Mascara,1521.39,23,0,34991.97,3.5,40,Female,Combination,Bangalore,Brand Store,02-12-2023,0,December,4,Saturday,1,Premium,Mature,1521.39,Average,0,0
PROD1575,MAC,Eyeliner,192.4,42,10,7272.72,2.8,19,Female,Normal,Hyderabad,Retail Store,01-05-2023,0,May,2,Monday,0,Budget,Mature,173.16,Poor,0,0
PROD1576,Faces Canada,Eyeshadow,3814.13,50,0,190706.5,2.8,51,Male,Oily,Pune,Online,06-02-2023,0,February,1,Monday,0,Premium,Mature,3814.13,Poor,0,0
PROD1577,Lakme,Highlighter,1673.05,19,15,27019.76,4.2,30,Female,Combination,Ahmedabad,Brand Store,10-06-2023,0,June,2,Saturday,1,Premium,Young Adult,1422.09,Good,1,0
PROD1578,Revlon,Lipstick,931.69,37,10,31025.28,2.7,27,Female,Oily,Delhi,Retail Store,18-05-2023,0,May,2,Thursday,0,Mid-Range,Young Adult,838.52,Poor,0,0
PROD1579,Revlon,Concealer,1312.92,2,0,2625.84,3.9,21,Female,Dry,Kolkata,Brand Store,19-08-2023,0,August,3,Saturday,1,Mid-Range,Young Adult,1312.92,Average,0,0
PROD1580,Lakme,Mascara,1058.37,1,10,952.53,4.5,17,Non-binary,Normal,Hyderabad,Online,08-12-2023,0,December,4,Friday,0,Mid-Range,Mature,952.53,Excellent,1,0
PROD1581,Maybelline,Eyeliner,289.47,43,10,11202.49,2.7,35,Female,Sensitive,Delhi,Online,09-08-2023,1,August,3,Wednesday,0,Budget,Mature,260.52,Poor,0,11202.49
PROD1582,Faces Canada,Eyeliner,892.71,30,0,26781.3,3.5,52,Female,Oily,Ahmedabad,Online,09-09-2023,0,September,3,Saturday,1,Mid-Range,Mature,892.71,Average,0,0
PROD1583,L'Oreal,Setting Spray,523.28,42,10,19779.98,3.5,17,Non-binary,Sensitive,Ahmedabad,Retail Store,01-10-2023,0,October,4,Sunday,1,Mid-Range,Mature,470.95,Average,0,0
PROD1584,Revlon,Highlighter,939.76,41,0,38530.16,4.8,52,Female,Oily,Hyderabad,Online,19-11-2023,0,November,4,Sunday,1,Mid-Range,Mature,939.76,Excellent,1,0
PROD1585,Lakme,Eyeshadow,3829.06,44,10,151630.78,4.3,53,Female,Dry,Pune,Online,24-01-2023,0,January,1,Tuesday,0,Premium,Mature,3446.15,Good,1,0
PROD1586,Lakme,Concealer,2213.72,32,10,63755.14,4.5,33,Female,Normal,Hyderabad,Brand Store,26-05-2023,0,May,2,Friday,0,Premium,Mature,1992.35,Excellent,1,0
PROD1587,L'Oreal,Lipstick,1167.41,36,10,37824.08,3.7,35,Female,Normal,Hyderabad,Brand Store,02-06-2023,0,June,2,Friday,0,Mid-Range,Mature,1050.67,Average,0,0
PROD1588,Maybelline,Blush,1193.95,13,5,14745.28,3.5,38,Female,Oily,Kolkata,Brand Store,19-06-2023,0,June,2,Monday,0,Mid-Range,Mature,1134.25,Average,0,0
PROD1589,Revlon,Concealer,2017.18,31,5,59405.95,3,53,Female,Sensitive,Kolkata,Retail Store,06-04-2023,1,April,2,Thursday,0,Premium,Mature,1916.32,Average,0,59405.95
PROD1590,Colorbar,Foundation,2379.89,9,10,19277.11,3.9,40,Female,Dry,Chennai,Retail Store,09-07-2023,0,July,3,Sunday,1,Premium,Mature,2141.9,Average,0,0
PROD1591,Revlon,Mascara,828.93,11,20,7294.58,3.8,45,Female,Dry,Kolkata,Brand Store,01-05-2023,1,May,2,Monday,0,Mid-Range,Mature,663.14,Average,0,7294.58
PROD1592,NYX,Setting Spray,1857.4,40,5,70581.2,4.6,52,Female,Normal,Pune,Brand Store,25-05-2023,0,May,2,Thursday,0,Premium,Mature,1764.53,Excellent,1,0
PROD1593,Revlon,Blush,1945.62,19,10,33270.1,4.4,35,Female,Combination,Hyderabad,Online,22-07-2023,0,July,3,Saturday,1,Premium,Mature,1751.06,Good,1,0
PROD1594,Colorbar,Eyeshadow,1196.34,46,20,44025.31,4.9,32,Female,Normal,Hyderabad,Brand Store,22-10-2023,0,October,4,Sunday,1,Mid-Range,Mature,957.07,Excellent,1,0
PROD1595,Lakme,Blush,1432.63,44,0,63035.72,4.6,51,Female,Dry,Bangalore,Online,18-06-2023,0,June,2,Sunday,1,Mid-Range,Mature,1432.63,Excellent,1,0
PROD1596,MAC,Eyeliner,1483.65,43,15,54227.41,4.5,49,Female,Dry,Hyderabad,Online,05-01-2023,1,January,1,Thursday,0,Mid-Range,Mature,1261.1,Excellent,1,54227.41
PROD1597,L'Oreal,Eyeliner,184.75,12,0,2217,2.8,46,Female,Combination,Mumbai,Retail Store,23-09-2023,0,September,3,Saturday,1,Budget,Mature,184.75,Poor,0,0
PROD1598,Revlon,Highlighter,1208.37,38,15,39030.35,2.8,24,Female,Oily,Mumbai,Online,23-05-2023,0,May,2,Tuesday,0,Mid-Range,Young Adult,1027.11,Poor,0,0
PROD1599,Maybelline,Highlighter,699.78,40,20,22392.96,3.1,19,Female,Combination,Mumbai,Online,28-02-2023,0,February,1,Tuesday,0,Mid-Range,Mature,559.82,Average,0,0
PROD1600,Nykaa,Concealer,2447.09,34,25,62400.79,4.3,41,Female,Sensitive,Chennai,Retail Store,13-12-2023,0,December,4,Wednesday,0,Premium,Mature,1835.32,Good,1,0
PROD1601,Nykaa,Primer,3409.61,6,0,20457.66,4.8,55,Female,Combination,Chennai,Online,10-10-2023,0,October,4,Tuesday,0,Premium,Mature,3409.61,Excellent,1,0
PROD1602,Nykaa,Concealer,1207.89,6,5,6884.97,2.7,50,Female,Dry,Pune,Online,04-04-2023,0,April,2,Tuesday,0,Mid-Range,Mature,1147.5,Poor,0,0
PROD1603,Lakme,Mascara,1744.21,13,0,22674.73,3.3,34,Female,Normal,Bangalore,Retail Store,25-02-2023,0,February,1,Saturday,1,Premium,Mature,1744.21,Average,0,0
PROD1604,Colorbar,Eyeliner,681.37,48,10,29435.18,4.2,41,Female,Sensitive,Mumbai,Online,30-11-2023,0,November,4,Thursday,0,Mid-Range,Mature,613.23,Good,1,0
PROD1605,Colorbar,Mascara,1748.5,25,0,43712.5,4.4,19,Female,Oily,Bangalore,Brand Store,07-09-2023,0,September,3,Thursday,0,Premium,Mature,1748.5,Good,1,0
PROD1606,NYX,Eyeliner,362.84,3,0,1088.52,3.3,36,Female,Dry,Mumbai,Online,07-07-2023,1,July,3,Friday,0,Budget,Mature,362.84,Average,0,1088.52
PROD1607,Colorbar,Primer,3327.34,28,0,93165.52,3.5,27,Female,Dry,Ahmedabad,Retail Store,10-03-2023,0,March,1,Friday,0,Premium,Young Adult,3327.34,Average,0,0
PROD1608,Lakme,Eyeshadow,803.42,9,0,7230.78,3.3,52,Male,Dry,Delhi,Online,28-04-2023,0,April,2,Friday,0,Mid-Range,Mature,803.42,Average,0,0
PROD1609,Sugar,Highlighter,1490.07,47,5,66531.63,4.2,43,Female,Oily,Ahmedabad,Retail Store,07-08-2023,0,August,3,Monday,0,Mid-Range,Mature,1415.57,Good,1,0
PROD1610,Revlon,Setting Spray,1576.29,21,0,33102.09,3.1,19,Female,Combination,Bangalore,Retail Store,10-02-2023,1,February,1,Friday,0,Premium,Mature,1576.29,Average,0,33102.09
PROD1611,Colorbar,Eyeshadow,2357.23,17,5,38069.26,4.5,26,Female,Dry,Chennai,Online,09-03-2023,0,March,1,Thursday,0,Premium,Young Adult,2239.37,Excellent,1,0
PROD1612,Maybelline,Eyeliner,1425.11,38,0,54154.18,4.5,17,Non-binary,Dry,Delhi,Retail Store,05-12-2023,0,December,4,Tuesday,0,Mid-Range,Mature,1425.11,Excellent,1,0
PROD1613,Lakme,Concealer,1341.74,47,10,56755.6,3.5,32,Male,Oily,Ahmedabad,Brand Store,01-09-2023,0,September,3,Friday,0,Mid-Range,Mature,1207.57,Average,0,0
PROD1614,NYX,Concealer,1275.61,40,5,48473.18,4.5,54,Female,Oily,Bangalore,Retail Store,24-11-2023,0,November,4,Friday,0,Mid-Range,Mature,1211.83,Excellent,1,0
PROD1615,L'Oreal,Eyeliner,1203.86,31,10,33587.69,4.1,37,Female,Dry,Delhi,Online,21-01-2023,0,January,1,Saturday,1,Mid-Range,Mature,1083.47,Good,1,0
PROD1616,Nykaa,Concealer,1224.32,35,15,36423.52,3.2,32,Female,Normal,Bangalore,Online,07-04-2023,0,April,2,Friday,0,Mid-Range,Mature,1040.67,Average,0,0
PROD1617,L'Oreal,Foundation,618.23,6,0,3709.38,2.7,19,Non-binary,Normal,Delhi,Brand Store,22-01-2023,0,January,1,Sunday,1,Mid-Range,Mature,618.23,Poor,0,0
PROD1618,Nykaa,Primer,2902.57,48,20,111458.69,4,20,Female,Normal,Ahmedabad,Online,19-01-2023,0,January,1,Thursday,0,Premium,Mature,2322.06,Good,1,0
PROD1619,L'Oreal,Setting Spray,898.64,38,20,27318.66,4.9,55,Female,Combination,Hyderabad,Brand Store,12-06-2023,0,June,2,Monday,0,Mid-Range,Mature,718.91,Excellent,1,0
PROD1620,Sugar,Foundation,625.58,12,0,7506.96,2.9,47,Female,Combination,Kolkata,Brand Store,13-10-2023,0,October,4,Friday,0,Mid-Range,Mature,625.58,Poor,0,0
PROD1621,NYX,Concealer,588.25,8,25,3529.5,3.4,40,Female,Combination,Pune,Brand Store,27-11-2023,0,November,4,Monday,0,Mid-Range,Mature,441.19,Average,0,0
PROD1622,Lakme,Eyeshadow,2861.41,13,15,31618.58,3,34,Male,Normal,Hyderabad,Retail Store,10-01-2023,0,January,1,Tuesday,0,Premium,Mature,2432.2,Average,0,0
PROD1623,Faces Canada,Eyeliner,938.51,22,15,17550.14,2.5,45,Male,Oily,Mumbai,Online,11-11-2023,0,November,4,Saturday,1,Mid-Range,Mature,797.73,Poor,0,0
PROD1624,Maybelline,Concealer,1791.01,21,10,33850.09,3,44,Female,Sensitive,Ahmedabad,Retail Store,04-04-2023,0,April,2,Tuesday,0,Premium,Mature,1611.91,Average,0,0
PROD1625,L'Oreal,Eyeshadow,3806.17,39,15,126174.54,4.4,42,Female,Dry,Chennai,Retail Store,12-09-2023,0,September,3,Tuesday,0,Premium,Mature,3235.24,Good,1,0
PROD1626,Revlon,Mascara,1220.6,2,10,2197.08,3.5,41,Female,Oily,Pune,Brand Store,06-11-2023,0,November,4,Monday,0,Mid-Range,Mature,1098.54,Average,0,0
PROD1627,L'Oreal,Setting Spray,555.7,19,10,9502.47,2.8,36,Female,Oily,Kolkata,Online,12-06-2023,0,June,2,Monday,0,Mid-Range,Mature,500.13,Poor,0,0
PROD1628,Nykaa,Setting Spray,694.64,16,0,11114.24,3.7,25,Female,Sensitive,Kolkata,Online,07-12-2023,0,December,4,Thursday,0,Mid-Range,Young Adult,694.64,Average,0,0
PROD1629,Nykaa,Highlighter,504.27,43,0,21683.61,3.1,48,Female,Sensitive,Mumbai,Brand Store,10-04-2023,0,April,2,Monday,0,Mid-Range,Mature,504.27,Average,0,0
PROD1630,Lakme,Primer,534.23,37,15,16801.53,3.8,30,Female,Oily,Bangalore,Online,19-03-2023,0,March,1,Sunday,1,Mid-Range,Young Adult,454.1,Average,0,0
PROD1631,Revlon,Foundation,2697.14,33,5,84555.34,4.2,23,Male,Dry,Pune,Brand Store,06-10-2023,0,October,4,Friday,0,Premium,Young Adult,2562.28,Good,1,0
PROD1632,NYX,Highlighter,2712.69,7,0,18988.83,4.4,23,Female,Sensitive,Pune,Retail Store,19-07-2023,0,July,3,Wednesday,0,Premium,Young Adult,2712.69,Good,1,0
PROD1633,Lakme,Mascara,275.69,25,15,5858.41,2.9,48,Female,Sensitive,Ahmedabad,Retail Store,10-06-2023,0,June,2,Saturday,1,Budget,Mature,234.34,Poor,0,0
PROD1634,Nykaa,Highlighter,1060.06,26,10,24805.4,4.4,23,Female,Dry,Kolkata,Brand Store,04-12-2023,0,December,4,Monday,0,Mid-Range,Young Adult,954.05,Good,1,0
PROD1635,L'Oreal,Highlighter,782.6,13,15,8647.73,3,35,Female,Combination,Delhi,Online,10-05-2023,0,May,2,Wednesday,0,Mid-Range,Mature,665.21,Average,0,0
PROD1636,NYX,Foundation,2644.5,33,15,74178.22,4.8,52,Male,Normal,Delhi,Online,17-08-2023,0,August,3,Thursday,0,Premium,Mature,2247.82,Excellent,1,0
PROD1637,Colorbar,Setting Spray,1309.5,40,5,49761,3.2,49,Female,Dry,Delhi,Brand Store,12-04-2023,0,April,2,Wednesday,0,Mid-Range,Mature,1244.02,Average,0,0
PROD1638,MAC,Lipstick,2212.8,28,5,58860.48,3.5,26,Female,Oily,Mumbai,Online,11-04-2023,0,April,2,Tuesday,0,Premium,Young Adult,2102.16,Average,0,0
PROD1639,Faces Canada,Eyeshadow,1764.71,7,5,11735.32,2.5,18,Female,Combination,Pune,Online,29-09-2023,0,September,3,Friday,0,Premium,Mature,1676.47,Poor,0,0
PROD1640,Revlon,Lipstick,1471.8,11,0,16189.8,4.8,55,Female,Sensitive,Bangalore,Brand Store,01-02-2023,0,February,1,Wednesday,0,Mid-Range,Mature,1471.8,Excellent,1,0
PROD1641,L'Oreal,Highlighter,2520.94,49,5,117349.76,3.6,31,Non-binary,Sensitive,Chennai,Online,16-04-2023,0,April,2,Sunday,1,Premium,Mature,2394.89,Average,0,0
PROD1642,MAC,Highlighter,878.34,31,15,23144.26,3.5,21,Male,Oily,Pune,Brand Store,05-10-2023,1,October,4,Thursday,0,Mid-Range,Young Adult,746.59,Average,0,23144.26
PROD1643,L'Oreal,Highlighter,1373.05,7,5,9130.78,3.1,51,Non-binary,Oily,Hyderabad,Online,08-04-2023,0,April,2,Saturday,1,Mid-Range,Mature,1304.4,Average,0,0
PROD1644,MAC,Mascara,1820.02,46,0,83720.92,4,22,Female,Dry,Chennai,Retail Store,04-11-2023,0,November,4,Saturday,1,Premium,Young Adult,1820.02,Good,1,0
PROD1645,Revlon,Eyeliner,1091.25,49,15,45450.56,4.3,17,Female,Normal,Kolkata,Retail Store,30-11-2023,0,November,4,Thursday,0,Mid-Range,Mature,927.56,Good,1,0
PROD1646,Colorbar,Concealer,633.49,41,5,24674.44,4.7,50,Female,Combination,Delhi,Brand Store,08-02-2023,0,February,1,Wednesday,0,Mid-Range,Mature,601.82,Excellent,1,0
PROD1647,Nykaa,Eyeliner,262.61,33,0,8666.13,4.2,38,Female,Sensitive,Kolkata,Brand Store,05-10-2023,0,October,4,Thursday,0,Budget,Mature,262.61,Good,1,0
PROD1648,L'Oreal,Eyeliner,1127.93,2,15,1917.48,5,25,Female,Combination,Kolkata,Retail Store,24-07-2023,0,July,3,Monday,0,Mid-Range,Young Adult,958.74,Excellent,1,0
PROD1649,Revlon,Setting Spray,1276.64,7,0,8936.48,2.8,44,Female,Sensitive,Chennai,Retail Store,17-10-2023,0,October,4,Tuesday,0,Mid-Range,Mature,1276.64,Poor,0,0
PROD1650,MAC,Concealer,1765.7,43,0,75925.1,3.6,16,Male,Combination,Ahmedabad,Brand Store,24-10-2023,0,October,4,Tuesday,0,Premium,Mature,1765.7,Average,0,0
PROD1651,Sugar,Blush,570.26,40,10,20529.36,3.5,53,Female,Normal,Hyderabad,Online,22-07-2023,0,July,3,Saturday,1,Mid-Range,Mature,513.23,Average,0,0
PROD1652,Colorbar,Primer,1817.04,44,0,79949.76,4.2,32,Male,Sensitive,Pune,Brand Store,26-05-2023,0,May,2,Friday,0,Premium,Mature,1817.04,Good,1,0
PROD1653,MAC,Primer,2888.26,33,10,85781.32,4.6,23,Female,Dry,Kolkata,Retail Store,23-08-2023,0,August,3,Wednesday,0,Premium,Young Adult,2599.43,Excellent,1,0
PROD1654,Nykaa,Eyeshadow,3012.11,35,0,105423.85,4.5,22,Female,Sensitive,Kolkata,Retail Store,16-05-2023,0,May,2,Tuesday,0,Premium,Young Adult,3012.11,Excellent,1,0
PROD1655,L'Oreal,Setting Spray,1426.56,33,0,47076.48,4.5,16,Male,Oily,Pune,Online,17-01-2023,0,January,1,Tuesday,0,Mid-Range,Mature,1426.56,Excellent,1,0
PROD1656,Lakme,Eyeliner,654.79,19,0,12441.01,3.9,19,Female,Dry,Mumbai,Brand Store,10-05-2023,0,May,2,Wednesday,0,Mid-Range,Mature,654.79,Average,0,0
PROD1657,Lakme,Eyeshadow,2357.8,35,10,74270.7,3.9,28,Female,Normal,Mumbai,Retail Store,04-10-2023,0,October,4,Wednesday,0,Premium,Young Adult,2122.02,Average,0,0
PROD1658,NYX,Eyeliner,1266.6,48,20,48637.44,5,51,Female,Dry,Pune,Retail Store,17-08-2023,0,August,3,Thursday,0,Mid-Range,Mature,1013.28,Excellent,1,0
PROD1659,Lakme,Lipstick,688.78,44,0,30306.32,3.4,40,Male,Sensitive,Kolkata,Online,02-11-2023,0,November,4,Thursday,0,Mid-Range,Mature,688.78,Average,0,0
PROD1660,Nykaa,Concealer,960.53,36,10,31121.17,3.2,52,Female,Sensitive,Chennai,Retail Store,31-05-2023,0,May,2,Wednesday,0,Mid-Range,Mature,864.48,Average,0,0
PROD1661,Sugar,Primer,3233.25,2,10,5819.85,4.1,49,Male,Normal,Ahmedabad,Online,18-01-2023,0,January,1,Wednesday,0,Premium,Mature,2909.92,Good,1,0
PROD1662,Nykaa,Eyeshadow,1677.11,45,10,67922.96,2.8,30,Non-binary,Combination,Hyderabad,Retail Store,10-05-2023,0,May,2,Wednesday,0,Premium,Young Adult,1509.4,Poor,0,0
PROD1663,Nykaa,Lipstick,1312.56,43,15,47974.07,3.4,43,Female,Dry,Kolkata,Retail Store,20-01-2023,0,January,1,Friday,0,Mid-Range,Mature,1115.68,Average,0,0
PROD1664,Maybelline,Mascara,781.82,23,20,14385.49,4,43,Non-binary,Combination,Ahmedabad,Online,02-04-2023,0,April,2,Sunday,1,Mid-Range,Mature,625.46,Good,1,0
PROD1665,Colorbar,Foundation,324.33,16,0,5189.28,3,34,Female,Combination,Ahmedabad,Online,03-09-2023,1,September,3,Sunday,1,Budget,Mature,324.33,Average,0,5189.28
PROD1666,Revlon,Blush,1087.19,15,15,13861.67,4,36,Female,Dry,Bangalore,Online,10-06-2023,0,June,2,Saturday,1,Mid-Range,Mature,924.11,Good,1,0
PROD1667,NYX,Mascara,798.76,23,0,18371.48,3,26,Female,Dry,Mumbai,Online,04-12-2023,0,December,4,Monday,0,Mid-Range,Young Adult,798.76,Average,0,0
PROD1668,Sugar,Foundation,1057.09,50,10,47569.05,4.1,45,Female,Normal,Ahmedabad,Online,02-10-2023,0,October,4,Monday,0,Mid-Range,Mature,951.38,Good,1,0
PROD1669,Revlon,Setting Spray,1244.22,46,15,48649,4.2,51,Female,Dry,Pune,Online,06-06-2023,0,June,2,Tuesday,0,Mid-Range,Mature,1057.59,Good,1,0
PROD1670,Revlon,Mascara,381.63,8,20,2442.43,4.9,36,Female,Sensitive,Ahmedabad,Retail Store,04-02-2023,0,February,1,Saturday,1,Budget,Mature,305.3,Excellent,1,0
PROD1671,Lakme,Primer,1525.51,39,0,59494.89,2.7,44,Female,Combination,Ahmedabad,Retail Store,07-07-2023,0,July,3,Friday,0,Premium,Mature,1525.51,Poor,0,0
PROD1672,NYX,Mascara,988.49,34,25,25206.5,4.3,34,Female,Oily,Delhi,Retail Store,03-06-2023,0,June,2,Saturday,1,Mid-Range,Mature,741.37,Good,1,0
PROD1673,MAC,Eyeliner,463.2,39,5,17161.56,3,37,Female,Sensitive,Chennai,Retail Store,24-04-2023,0,April,2,Monday,0,Budget,Mature,440.04,Average,0,0
PROD1674,Maybelline,Highlighter,2659.26,5,0,13296.3,4.2,31,Female,Oily,Bangalore,Retail Store,17-09-2023,0,September,3,Sunday,1,Premium,Mature,2659.26,Good,1,0
PROD1675,Maybelline,Primer,1492.49,12,10,16118.89,3.7,46,Male,Combination,Chennai,Online,11-08-2023,0,August,3,Friday,0,Mid-Range,Mature,1343.24,Average,0,0
PROD1676,L'Oreal,Concealer,516.91,45,5,22097.9,3.3,36,Female,Dry,Chennai,Retail Store,20-09-2023,0,September,3,Wednesday,0,Mid-Range,Mature,491.06,Average,0,0
PROD1677,Revlon,Foundation,1658.96,31,20,41142.21,3,33,Female,Oily,Kolkata,Retail Store,15-08-2023,0,August,3,Tuesday,0,Premium,Mature,1327.17,Average,0,0
PROD1678,Nykaa,Setting Spray,1300.63,5,0,6503.15,5,30,Female,Dry,Chennai,Retail Store,22-10-2023,0,October,4,Sunday,1,Mid-Range,Young Adult,1300.63,Excellent,1,0
PROD1679,NYX,Highlighter,2923.48,22,0,64316.56,2.6,53,Female,Oily,Mumbai,Brand Store,30-09-2023,0,September,3,Saturday,1,Premium,Mature,2923.48,Poor,0,0
PROD1680,Colorbar,Eyeshadow,361.78,15,0,5426.7,4.6,37,Female,Oily,Bangalore,Online,29-07-2023,0,July,3,Saturday,1,Budget,Mature,361.78,Excellent,1,0
PROD1681,L'Oreal,Blush,1713.39,25,0,42834.75,3.2,48,Female,Sensitive,Hyderabad,Brand Store,26-10-2023,0,October,4,Thursday,0,Premium,Mature,1713.39,Average,0,0
PROD1682,Sugar,Concealer,1053.67,46,0,48468.82,3.9,49,Male,Oily,Bangalore,Brand Store,27-01-2023,0,January,1,Friday,0,Mid-Range,Mature,1053.67,Average,0,0
PROD1683,Sugar,Setting Spray,1542.65,39,20,48130.68,4.2,20,Female,Sensitive,Bangalore,Retail Store,24-11-2023,0,November,4,Friday,0,Premium,Mature,1234.12,Good,1,0
PROD1684,Sugar,Foundation,345.06,22,0,7591.32,4.4,49,Male,Combination,Hyderabad,Retail Store,17-05-2023,0,May,2,Wednesday,0,Budget,Mature,345.06,Good,1,0
PROD1685,L'Oreal,Eyeliner,831.82,26,0,21627.32,5,22,Female,Dry,Delhi,Online,18-04-2023,0,April,2,Tuesday,0,Mid-Range,Young Adult,831.82,Excellent,1,0
PROD1686,Faces Canada,Highlighter,607.12,6,20,2914.18,3.9,55,Female,Oily,Ahmedabad,Brand Store,22-06-2023,0,June,2,Thursday,0,Mid-Range,Mature,485.7,Average,0,0
PROD1687,Colorbar,Lipstick,1710.05,47,10,72335.11,3.9,26,Female,Normal,Delhi,Retail Store,09-07-2023,0,July,3,Sunday,1,Premium,Young Adult,1539.04,Average,0,0
PROD1688,Nykaa,Highlighter,1879.63,15,15,23965.28,4.6,39,Female,Combination,Delhi,Brand Store,03-10-2023,0,October,4,Tuesday,0,Premium,Mature,1597.69,Excellent,1,0
PROD1689,Lakme,Eyeliner,1176.09,43,0,50571.87,3.3,24,Female,Oily,Kolkata,Online,04-05-2023,0,May,2,Thursday,0,Mid-Range,Young Adult,1176.09,Average,0,0
PROD1690,Faces Canada,Eyeshadow,764.03,37,0,28269.11,5,35,Female,Combination,Bangalore,Brand Store,05-05-2023,0,May,2,Friday,0,Mid-Range,Mature,764.03,Excellent,1,0
PROD1691,Faces Canada,Lipstick,953.94,35,10,30049.11,4.5,48,Female,Combination,Delhi,Online,11-03-2023,0,March,1,Saturday,1,Mid-Range,Mature,858.55,Excellent,1,0
PROD1692,Nykaa,Eyeshadow,556.88,22,0,12251.36,4.8,49,Female,Normal,Ahmedabad,Online,13-03-2023,1,March,1,Monday,0,Mid-Range,Mature,556.88,Excellent,1,12251.36
PROD1693,Faces Canada,Concealer,2073.34,26,5,51211.5,3.9,29,Female,Sensitive,Pune,Online,04-01-2023,0,January,1,Wednesday,0,Premium,Young Adult,1969.67,Average,0,0
PROD1694,Maybelline,Highlighter,1289.51,19,5,23275.66,3.6,31,Male,Combination,Delhi,Brand Store,12-07-2023,0,July,3,Wednesday,0,Mid-Range,Mature,1225.03,Average,0,0
PROD1695,Revlon,Mascara,823.44,8,20,5270.02,2.8,34,Female,Sensitive,Chennai,Retail Store,10-03-2023,0,March,1,Friday,0,Mid-Range,Mature,658.75,Poor,0,0
PROD1696,Sugar,Eyeliner,353.58,2,0,707.16,4.6,50,Female,Normal,Kolkata,Brand Store,25-06-2023,1,June,2,Sunday,1,Budget,Mature,353.58,Excellent,1,707.16
PROD1697,Maybelline,Primer,1570.28,17,20,21355.81,3.1,42,Female,Oily,Delhi,Online,23-12-2023,0,December,4,Saturday,1,Premium,Mature,1256.22,Average,0,0
PROD1698,Revlon,Eyeshadow,2280.56,41,10,84152.66,4.8,42,Non-binary,Combination,Hyderabad,Online,20-01-2023,0,January,1,Friday,0,Premium,Mature,2052.5,Excellent,1,0
PROD1699,L'Oreal,Lipstick,1327.44,14,0,18584.16,2.5,25,Female,Dry,Ahmedabad,Retail Store,18-09-2023,0,September,3,Monday,0,Mid-Range,Young Adult,1327.44,Poor,0,0
PROD1700,NYX,Blush,1269.35,34,5,41000,4.4,30,Female,Oily,Pune,Online,22-10-2023,0,October,4,Sunday,1,Mid-Range,Young Adult,1205.88,Good,1,0
PROD1701,NYX,Highlighter,2176.66,43,5,88916.56,4.7,16,Female,Sensitive,Bangalore,Online,23-05-2023,1,May,2,Tuesday,0,Premium,Mature,2067.83,Excellent,1,88916.56
PROD1702,Revlon,Blush,1947.15,23,0,44784.45,2.8,31,Female,Normal,Pune,Brand Store,09-09-2023,0,September,3,Saturday,1,Premium,Mature,1947.15,Poor,0,0
PROD1703,Lakme,Eyeshadow,2674.31,28,15,63648.58,4.5,51,Male,Normal,Delhi,Online,19-05-2023,0,May,2,Friday,0,Premium,Mature,2273.16,Excellent,1,0
PROD1704,MAC,Lipstick,900.96,14,10,11352.1,4,49,Female,Normal,Delhi,Brand Store,29-08-2023,0,August,3,Tuesday,0,Mid-Range,Mature,810.86,Good,1,0
PROD1705,MAC,Primer,2669.86,14,10,33640.24,3.5,46,Female,Combination,Ahmedabad,Online,05-01-2023,0,January,1,Thursday,0,Premium,Mature,2402.87,Average,0,0
PROD1706,Revlon,Foundation,916.8,41,0,37588.8,4.7,17,Female,Dry,Bangalore,Brand Store,28-06-2023,0,June,2,Wednesday,0,Mid-Range,Mature,916.8,Excellent,1,0
PROD1707,NYX,Lipstick,355.05,11,0,3905.55,4.7,30,Female,Oily,Delhi,Brand Store,02-07-2023,0,July,3,Sunday,1,Budget,Young Adult,355.05,Excellent,1,0
PROD1708,NYX,Blush,398.21,4,15,1353.91,4.3,47,Female,Sensitive,Hyderabad,Online,19-05-2023,0,May,2,Friday,0,Budget,Mature,338.48,Good,1,0
PROD1709,Maybelline,Primer,583.5,31,5,17184.08,4.3,35,Female,Dry,Delhi,Brand Store,22-05-2023,0,May,2,Monday,0,Mid-Range,Mature,554.33,Good,1,0
PROD1710,Faces Canada,Setting Spray,1106.41,48,15,45141.53,3.5,32,Female,Dry,Kolkata,Online,10-02-2023,1,February,1,Friday,0,Mid-Range,Mature,940.45,Average,0,45141.53
PROD1711,L'Oreal,Mascara,720.59,17,0,12250.03,4.6,29,Female,Oily,Bangalore,Retail Store,15-11-2023,0,November,4,Wednesday,0,Mid-Range,Young Adult,720.59,Excellent,1,0
PROD1712,Faces Canada,Highlighter,1464.81,45,0,65916.45,3.5,19,Female,Dry,Ahmedabad,Online,18-08-2023,0,August,3,Friday,0,Mid-Range,Mature,1464.81,Average,0,0
PROD1713,Lakme,Mascara,256.27,22,25,4228.45,4.4,31,Female,Dry,Kolkata,Retail Store,04-07-2023,0,July,3,Tuesday,0,Budget,Mature,192.2,Good,1,0
PROD1714,Lakme,Setting Spray,315.97,30,15,8057.23,3.7,36,Female,Oily,Mumbai,Online,11-03-2023,0,March,1,Saturday,1,Budget,Mature,268.57,Average,0,0
PROD1715,Lakme,Lipstick,2036.42,14,5,27084.39,4,21,Female,Normal,Chennai,Online,17-02-2023,0,February,1,Friday,0,Premium,Young Adult,1934.6,Good,1,0
PROD1716,Colorbar,Highlighter,410.43,33,0,13544.19,3.7,20,Female,Dry,Kolkata,Retail Store,13-01-2023,0,January,1,Friday,0,Budget,Mature,410.43,Average,0,0
PROD1717,Nykaa,Blush,2032.57,32,0,65042.24,2.8,26,Female,Oily,Delhi,Retail Store,06-06-2023,0,June,2,Tuesday,0,Premium,Young Adult,2032.57,Poor,0,0
PROD1718,MAC,Mascara,1567,19,0,29773,4.6,24,Female,Dry,Bangalore,Retail Store,23-07-2023,0,July,3,Sunday,1,Premium,Young Adult,1567,Excellent,1,0
PROD1719,Colorbar,Eyeshadow,1297.82,6,0,7786.92,2.9,17,Female,Normal,Hyderabad,Retail Store,31-08-2023,0,August,3,Thursday,0,Mid-Range,Mature,1297.82,Poor,0,0
PROD1720,MAC,Lipstick,1750.8,27,10,42544.44,4.1,38,Non-binary,Dry,Pune,Online,29-08-2023,0,August,3,Tuesday,0,Premium,Mature,1575.72,Good,1,0
PROD1721,NYX,Setting Spray,1524.06,2,0,3048.12,4.9,24,Female,Combination,Hyderabad,Retail Store,29-06-2023,0,June,2,Thursday,0,Premium,Young Adult,1524.06,Excellent,1,0
PROD1722,Maybelline,Foundation,2139.49,8,10,15404.33,3.3,50,Female,Normal,Delhi,Online,27-07-2023,1,July,3,Thursday,0,Premium,Mature,1925.54,Average,0,15404.33
PROD1723,Faces Canada,Setting Spray,1804.21,17,5,29137.99,3.7,43,Female,Dry,Kolkata,Online,31-01-2023,1,January,1,Tuesday,0,Premium,Mature,1714,Average,0,29137.99
PROD1724,NYX,Blush,1275.88,2,0,2551.76,3.8,30,Non-binary,Sensitive,Ahmedabad,Brand Store,17-10-2023,0,October,4,Tuesday,0,Mid-Range,Young Adult,1275.88,Average,0,0
PROD1725,Colorbar,Blush,2154.18,9,15,16479.48,2.7,35,Female,Normal,Mumbai,Online,28-09-2023,1,September,3,Thursday,0,Premium,Mature,1831.05,Poor,0,16479.48
PROD1726,Nykaa,Eyeshadow,2548.95,47,5,113810.62,4.1,28,Female,Combination,Pune,Online,19-09-2023,0,September,3,Tuesday,0,Premium,Young Adult,2421.5,Good,1,0
PROD1727,Faces Canada,Lipstick,561.91,15,0,8428.65,3.9,49,Female,Combination,Kolkata,Retail Store,17-03-2023,0,March,1,Friday,0,Mid-Range,Mature,561.91,Average,0,0
PROD1728,L'Oreal,Foundation,936.97,47,0,44037.59,3.7,25,Female,Combination,Mumbai,Retail Store,17-04-2023,0,April,2,Monday,0,Mid-Range,Young Adult,936.97,Average,0,0
PROD1729,Lakme,Lipstick,1461.2,25,5,34703.5,3.1,34,Female,Dry,Kolkata,Retail Store,10-11-2023,0,November,4,Friday,0,Mid-Range,Mature,1388.14,Average,0,0
PROD1730,Colorbar,Setting Spray,1998.76,8,15,13591.57,3.1,41,Non-binary,Sensitive,Mumbai,Online,17-02-2023,0,February,1,Friday,0,Premium,Mature,1698.95,Average,0,0
PROD1731,MAC,Mascara,449.09,32,10,12933.79,3,45,Female,Sensitive,Ahmedabad,Brand Store,05-01-2023,0,January,1,Thursday,0,Budget,Mature,404.18,Average,0,0
PROD1732,Faces Canada,Blush,2475.22,6,20,11881.06,4.9,51,Female,Combination,Kolkata,Retail Store,21-01-2023,0,January,1,Saturday,1,Premium,Mature,1980.18,Excellent,1,0
PROD1733,Faces Canada,Setting Spray,770.74,15,5,10983.05,3.1,23,Non-binary,Dry,Delhi,Brand Store,12-02-2023,1,February,1,Sunday,1,Mid-Range,Young Adult,732.2,Average,0,10983.05
PROD1734,Revlon,Foundation,594.99,39,0,23204.61,3.9,39,Female,Sensitive,Hyderabad,Retail Store,21-10-2023,1,October,4,Saturday,1,Mid-Range,Mature,594.99,Average,0,23204.61
PROD1735,MAC,Lipstick,1662.26,43,0,71477.18,2.5,39,Female,Dry,Chennai,Retail Store,30-07-2023,0,July,3,Sunday,1,Premium,Mature,1662.26,Poor,0,0
PROD1736,Colorbar,Setting Spray,1314.89,19,10,22484.62,4,33,Female,Normal,Kolkata,Retail Store,28-01-2023,0,January,1,Saturday,1,Mid-Range,Mature,1183.4,Good,1,0
PROD1737,Lakme,Blush,2072.57,46,0,95338.22,4.4,21,Female,Dry,Bangalore,Online,02-11-2023,1,November,4,Thursday,0,Premium,Young Adult,2072.57,Good,1,95338.22
PROD1738,L'Oreal,Lipstick,2410.2,26,0,62665.2,2.9,49,Female,Oily,Pune,Brand Store,19-12-2023,0,December,4,Tuesday,0,Premium,Mature,2410.2,Poor,0,0
PROD1739,Revlon,Eyeshadow,2657.18,13,10,31089.01,3.5,26,Female,Normal,Chennai,Retail Store,31-05-2023,0,May,2,Wednesday,0,Premium,Young Adult,2391.46,Average,0,0
PROD1740,L'Oreal,Primer,2109.7,22,0,46413.4,2.8,23,Female,Dry,Kolkata,Online,17-06-2023,0,June,2,Saturday,1,Premium,Young Adult,2109.7,Poor,0,0
PROD1741,Maybelline,Highlighter,2684.98,4,0,10739.92,3.7,27,Female,Combination,Chennai,Online,13-01-2023,0,January,1,Friday,0,Premium,Young Adult,2684.98,Average,0,0
PROD1742,Faces Canada,Eyeshadow,829.44,6,0,4976.64,2.6,27,Female,Sensitive,Chennai,Online,18-11-2023,0,November,4,Saturday,1,Mid-Range,Young Adult,829.44,Poor,0,0
PROD1743,Lakme,Mascara,1378.41,17,15,19918.02,4.9,39,Female,Normal,Mumbai,Retail Store,16-06-2023,0,June,2,Friday,0,Mid-Range,Mature,1171.65,Excellent,1,0
PROD1744,NYX,Blush,1108.51,3,0,3325.53,4.9,35,Female,Normal,Bangalore,Online,23-04-2023,0,April,2,Sunday,1,Mid-Range,Mature,1108.51,Excellent,1,0
PROD1745,Maybelline,Lipstick,1630.31,22,0,35866.82,3.1,39,Non-binary,Dry,Ahmedabad,Brand Store,08-06-2023,0,June,2,Thursday,0,Premium,Mature,1630.31,Average,0,0
PROD1746,Revlon,Eyeshadow,2365.4,27,5,60672.51,2.7,42,Female,Combination,Bangalore,Online,14-12-2023,0,December,4,Thursday,0,Premium,Mature,2247.13,Poor,0,0
PROD1747,Nykaa,Mascara,1014.97,1,0,1014.97,3.8,42,Non-binary,Normal,Kolkata,Retail Store,08-03-2023,0,March,1,Wednesday,0,Mid-Range,Mature,1014.97,Average,0,0
PROD1748,Sugar,Setting Spray,1802.47,27,10,43800.02,4.6,44,Female,Combination,Hyderabad,Brand Store,11-02-2023,0,February,1,Saturday,1,Premium,Mature,1622.22,Excellent,1,0
PROD1749,Revlon,Eyeshadow,354.68,27,0,9576.36,4.9,22,Female,Sensitive,Hyderabad,Brand Store,04-06-2023,1,June,2,Sunday,1,Budget,Young Adult,354.68,Excellent,1,9576.36
PROD1750,NYX,Concealer,2310.22,20,15,39273.74,2.6,42,Non-binary,Dry,Kolkata,Brand Store,19-03-2023,0,March,1,Sunday,1,Premium,Mature,1963.69,Poor,0,0
PROD1751,NYX,Highlighter,1932.03,49,0,94669.47,3.4,38,Female,Dry,Hyderabad,Brand Store,24-07-2023,0,July,3,Monday,0,Premium,Mature,1932.03,Average,0,0
PROD1752,Maybelline,Blush,1974.2,7,0,13819.4,4.2,55,Female,Sensitive,Ahmedabad,Online,29-09-2023,0,September,3,Friday,0,Premium,Mature,1974.2,Good,1,0
PROD1753,MAC,Highlighter,1127.46,22,5,23563.91,4.2,34,Female,Oily,Bangalore,Brand Store,22-05-2023,0,May,2,Monday,0,Mid-Range,Mature,1071.09,Good,1,0
PROD1754,Nykaa,Lipstick,1131.25,50,10,50906.25,2.5,22,Female,Dry,Delhi,Online,09-07-2023,0,July,3,Sunday,1,Mid-Range,Young Adult,1018.12,Poor,0,0
PROD1755,Maybelline,Blush,2054.63,12,5,23422.78,3.1,17,Female,Normal,Delhi,Brand Store,09-11-2023,0,November,4,Thursday,0,Premium,Mature,1951.9,Average,0,0
PROD1756,MAC,Lipstick,1341.84,7,0,9392.88,4.3,48,Female,Oily,Kolkata,Online,01-02-2023,1,February,1,Wednesday,0,Mid-Range,Mature,1341.84,Good,1,9392.88
PROD1757,Sugar,Setting Spray,1235.84,38,20,37569.54,4.1,19,Female,Combination,Delhi,Online,07-01-2023,0,January,1,Saturday,1,Mid-Range,Mature,988.67,Good,1,0
PROD1758,Maybelline,Eyeliner,436.22,49,15,18168.56,4.2,22,Female,Sensitive,Ahmedabad,Brand Store,23-02-2023,0,February,1,Thursday,0,Budget,Young Adult,370.79,Good,1,0
PROD1759,Revlon,Mascara,1430.42,40,5,54355.96,4.9,19,Female,Sensitive,Hyderabad,Online,22-11-2023,0,November,4,Wednesday,0,Mid-Range,Mature,1358.9,Excellent,1,0
PROD1760,Lakme,Concealer,1834.21,5,5,8712.5,3,44,Female,Combination,Pune,Online,28-12-2023,0,December,4,Thursday,0,Premium,Mature,1742.5,Average,0,0
PROD1761,Faces Canada,Mascara,1150.8,29,5,31704.54,3.8,16,Female,Normal,Ahmedabad,Online,29-01-2023,0,January,1,Sunday,1,Mid-Range,Mature,1093.26,Average,0,0
PROD1762,Maybelline,Highlighter,1451.66,36,15,44420.8,4.2,23,Male,Dry,Ahmedabad,Online,13-12-2023,0,December,4,Wednesday,0,Mid-Range,Young Adult,1233.91,Good,1,0
PROD1763,NYX,Highlighter,1598.51,50,0,79925.5,2.8,28,Female,Dry,Ahmedabad,Retail Store,03-08-2023,0,August,3,Thursday,0,Premium,Young Adult,1598.51,Poor,0,0
PROD1764,L'Oreal,Lipstick,2035.82,36,0,73289.52,2.5,51,Male,Normal,Pune,Retail Store,14-09-2023,0,September,3,Thursday,0,Premium,Mature,2035.82,Poor,0,0
PROD1765,NYX,Blush,686.04,50,0,34302,2.8,41,Female,Oily,Bangalore,Online,20-01-2023,0,January,1,Friday,0,Mid-Range,Mature,686.04,Poor,0,0
PROD1766,Faces Canada,Highlighter,1250.86,30,10,33773.22,3.1,46,Female,Normal,Mumbai,Retail Store,02-07-2023,0,July,3,Sunday,1,Mid-Range,Mature,1125.77,Average,0,0
PROD1767,MAC,Foundation,2149.38,24,15,43847.35,4.2,25,Female,Oily,Delhi,Retail Store,28-07-2023,0,July,3,Friday,0,Premium,Young Adult,1826.97,Good,1,0
PROD1768,Maybelline,Highlighter,310.92,1,0,310.92,3,39,Female,Sensitive,Mumbai,Brand Store,22-03-2023,0,March,1,Wednesday,0,Budget,Mature,310.92,Average,0,0
PROD1769,Colorbar,Foundation,2021.76,15,0,30326.4,3.9,34,Female,Oily,Hyderabad,Brand Store,06-01-2023,0,January,1,Friday,0,Premium,Mature,2021.76,Average,0,0
PROD1770,Colorbar,Highlighter,2485.11,5,10,11183,4.5,36,Female,Dry,Chennai,Online,06-02-2023,0,February,1,Monday,0,Premium,Mature,2236.6,Excellent,1,0
PROD1771,Nykaa,Primer,2564.38,26,0,66673.88,4.3,31,Male,Sensitive,Chennai,Brand Store,30-04-2023,0,April,2,Sunday,1,Premium,Mature,2564.38,Good,1,0
PROD1772,Revlon,Lipstick,238.29,8,15,1620.37,4.7,33,Female,Combination,Ahmedabad,Retail Store,21-03-2023,0,March,1,Tuesday,0,Budget,Mature,202.55,Excellent,1,0
PROD1773,Nykaa,Setting Spray,1754.24,8,20,11227.14,3.3,31,Female,Oily,Pune,Retail Store,09-02-2023,1,February,1,Thursday,0,Premium,Mature,1403.39,Average,0,11227.14
PROD1774,Maybelline,Concealer,547.5,38,20,16644,3.4,52,Female,Oily,Ahmedabad,Brand Store,13-05-2023,0,May,2,Saturday,1,Mid-Range,Mature,438,Average,0,0
PROD1775,Colorbar,Lipstick,1261.74,15,5,17979.79,4.3,17,Female,Combination,Bangalore,Retail Store,09-07-2023,0,July,3,Sunday,1,Mid-Range,Mature,1198.65,Good,1,0
PROD1776,Sugar,Eyeliner,297.03,23,0,6831.69,2.7,22,Female,Dry,Mumbai,Retail Store,14-09-2023,0,September,3,Thursday,0,Budget,Young Adult,297.03,Poor,0,0
PROD1777,Sugar,Blush,1445.54,42,5,57677.05,4.4,46,Female,Oily,Mumbai,Online,07-06-2023,1,June,2,Wednesday,0,Mid-Range,Mature,1373.26,Good,1,57677.05
PROD1778,Sugar,Mascara,733.01,5,10,3298.55,4.6,48,Female,Normal,Pune,Brand Store,16-07-2023,0,July,3,Sunday,1,Mid-Range,Mature,659.71,Excellent,1,0
PROD1779,NYX,Concealer,2203.27,26,5,54420.77,4.2,41,Female,Dry,Bangalore,Retail Store,03-06-2023,1,June,2,Saturday,1,Premium,Mature,2093.11,Good,1,54420.77
PROD1780,NYX,Highlighter,666.62,29,0,19331.98,4.1,40,Non-binary,Normal,Chennai,Online,28-12-2023,0,December,4,Thursday,0,Mid-Range,Mature,666.62,Good,1,0
PROD1781,Nykaa,Primer,1874.73,45,10,75926.57,2.8,54,Female,Sensitive,Bangalore,Online,16-09-2023,0,September,3,Saturday,1,Premium,Mature,1687.26,Poor,0,0
PROD1782,Lakme,Highlighter,2452.59,34,0,83388.06,4.8,49,Female,Dry,Kolkata,Brand Store,22-12-2023,0,December,4,Friday,0,Premium,Mature,2452.59,Excellent,1,0
PROD1783,NYX,Eyeshadow,321.3,2,0,642.6,4.2,54,Female,Dry,Bangalore,Retail Store,12-02-2023,1,February,1,Sunday,1,Budget,Mature,321.3,Good,1,642.6
PROD1784,Nykaa,Eyeliner,1432.11,50,20,57284.4,2.5,28,Female,Normal,Pune,Retail Store,31-08-2023,0,August,3,Thursday,0,Mid-Range,Young Adult,1145.69,Poor,0,0
PROD1785,Revlon,Eyeliner,581.31,11,20,5115.53,3.6,20,Female,Sensitive,Mumbai,Online,03-04-2023,0,April,2,Monday,0,Mid-Range,Mature,465.05,Average,0,0
PROD1786,Sugar,Mascara,1511.29,12,15,15415.16,2.6,27,Female,Dry,Bangalore,Brand Store,24-02-2023,0,February,1,Friday,0,Premium,Young Adult,1284.6,Poor,0,0
PROD1787,Sugar,Concealer,1306.83,8,5,9931.91,4.9,22,Female,Oily,Kolkata,Online,22-03-2023,0,March,1,Wednesday,0,Mid-Range,Young Adult,1241.49,Excellent,1,0
PROD1788,NYX,Foundation,1157.52,36,25,31253.04,3.5,51,Female,Combination,Chennai,Online,23-02-2023,0,February,1,Thursday,0,Mid-Range,Mature,868.14,Average,0,0
PROD1789,MAC,Lipstick,1543.97,12,0,18527.64,3,27,Female,Sensitive,Kolkata,Brand Store,17-05-2023,0,May,2,Wednesday,0,Premium,Young Adult,1543.97,Average,0,0
PROD1790,Maybelline,Eyeliner,183.83,35,0,6434.05,2.6,20,Non-binary,Oily,Ahmedabad,Retail Store,11-02-2023,0,February,1,Saturday,1,Budget,Mature,183.83,Poor,0,0
PROD1791,Revlon,Lipstick,1775.76,3,0,5327.28,3.2,28,Male,Normal,Chennai,Online,04-04-2023,0,April,2,Tuesday,0,Premium,Young Adult,1775.76,Average,0,0
PROD1792,MAC,Setting Spray,1749.63,29,25,38054.45,2.9,33,Male,Dry,Ahmedabad,Retail Store,03-01-2023,0,January,1,Tuesday,0,Premium,Mature,1312.22,Poor,0,0
PROD1793,Nykaa,Lipstick,1939.09,21,10,36648.8,3.2,26,Male,Sensitive,Pune,Brand Store,09-10-2023,0,October,4,Monday,0,Premium,Young Adult,1745.18,Average,0,0
PROD1794,Colorbar,Eyeshadow,1131.23,30,0,33936.9,4.3,47,Female,Oily,Bangalore,Brand Store,21-10-2023,0,October,4,Saturday,1,Mid-Range,Mature,1131.23,Good,1,0
PROD1795,Lakme,Concealer,975.31,50,0,48765.5,3.9,43,Female,Normal,Mumbai,Online,20-08-2023,0,August,3,Sunday,1,Mid-Range,Mature,975.31,Average,0,0
PROD1796,Sugar,Mascara,1753.29,36,0,63118.44,4.1,38,Female,Normal,Chennai,Brand Store,17-11-2023,0,November,4,Friday,0,Premium,Mature,1753.29,Good,1,0
PROD1797,Faces Canada,Lipstick,2175.93,28,0,60926.04,3.3,16,Non-binary,Normal,Kolkata,Brand Store,31-07-2023,0,July,3,Monday,0,Premium,Mature,2175.93,Average,0,0
PROD1798,Faces Canada,Lipstick,222.54,46,15,8701.31,4.8,52,Female,Oily,Bangalore,Brand Store,09-02-2023,1,February,1,Thursday,0,Budget,Mature,189.16,Excellent,1,8701.31
PROD1799,MAC,Blush,1643.94,18,0,29590.92,3.1,52,Female,Dry,Mumbai,Brand Store,22-03-2023,0,March,1,Wednesday,0,Premium,Mature,1643.94,Average,0,0
PROD1800,L'Oreal,Eyeshadow,323.28,11,25,2667.06,3.1,20,Male,Combination,Mumbai,Online,19-06-2023,0,June,2,Monday,0,Budget,Mature,242.46,Average,0,0
PROD1801,Colorbar,Foundation,3131.04,15,15,39920.76,5,34,Female,Oily,Pune,Brand Store,27-07-2023,0,July,3,Thursday,0,Premium,Mature,2661.38,Excellent,1,0
PROD1802,NYX,Primer,2554.64,14,10,32188.46,4.1,31,Male,Combination,Chennai,Online,21-07-2023,1,July,3,Friday,0,Premium,Mature,2299.18,Good,1,32188.46
PROD1803,Lakme,Mascara,1661.13,2,0,3322.26,3.4,50,Male,Dry,Chennai,Online,18-05-2023,0,May,2,Thursday,0,Premium,Mature,1661.13,Average,0,0
PROD1804,Lakme,Setting Spray,1054.81,22,0,23205.82,4.4,41,Female,Sensitive,Pune,Brand Store,29-01-2023,0,January,1,Sunday,1,Mid-Range,Mature,1054.81,Good,1,0
PROD1805,Nykaa,Eyeliner,376.52,31,10,10504.91,3.6,53,Female,Dry,Pune,Retail Store,08-01-2023,0,January,1,Sunday,1,Budget,Mature,338.87,Average,0,0
PROD1806,Maybelline,Blush,1523.87,29,5,41982.62,3.4,22,Female,Normal,Bangalore,Online,26-12-2023,0,December,4,Tuesday,0,Premium,Young Adult,1447.68,Average,0,0
PROD1807,Nykaa,Eyeshadow,773.13,28,0,21647.64,4.6,33,Female,Dry,Ahmedabad,Retail Store,18-09-2023,0,September,3,Monday,0,Mid-Range,Mature,773.13,Excellent,1,0
PROD1808,Maybelline,Highlighter,2722.6,10,10,24503.4,4.3,55,Male,Normal,Kolkata,Online,28-04-2023,0,April,2,Friday,0,Premium,Mature,2450.34,Good,1,0
PROD1809,Faces Canada,Mascara,1824.2,21,0,38308.2,4.7,33,Female,Dry,Mumbai,Online,02-02-2023,0,February,1,Thursday,0,Premium,Mature,1824.2,Excellent,1,0
PROD1810,Revlon,Concealer,224.84,7,5,1495.19,3.2,24,Female,Oily,Delhi,Brand Store,08-12-2023,0,December,4,Friday,0,Budget,Young Adult,213.6,Average,0,0
PROD1811,Sugar,Eyeliner,1384.17,30,0,41525.1,4.1,32,Female,Dry,Ahmedabad,Brand Store,09-05-2023,0,May,2,Tuesday,0,Mid-Range,Mature,1384.17,Good,1,0
PROD1812,Faces Canada,Foundation,2044.37,46,5,89338.97,4.5,36,Female,Dry,Delhi,Brand Store,04-01-2023,0,January,1,Wednesday,0,Premium,Mature,1942.15,Excellent,1,0
PROD1813,Lakme,Eyeliner,703.42,41,10,25956.2,3.5,52,Female,Dry,Chennai,Online,29-10-2023,0,October,4,Sunday,1,Mid-Range,Mature,633.08,Average,0,0
PROD1814,Maybelline,Concealer,1130.08,40,20,36162.56,4.9,26,Female,Sensitive,Pune,Retail Store,10-08-2023,0,August,3,Thursday,0,Mid-Range,Young Adult,904.06,Excellent,1,0
PROD1815,Faces Canada,Concealer,2242.37,23,10,46417.06,4.3,49,Female,Sensitive,Chennai,Brand Store,14-06-2023,0,June,2,Wednesday,0,Premium,Mature,2018.13,Good,1,0
PROD1816,L'Oreal,Eyeliner,665.75,12,0,7989,2.5,48,Female,Normal,Hyderabad,Retail Store,27-10-2023,0,October,4,Friday,0,Mid-Range,Mature,665.75,Poor,0,0
PROD1817,Revlon,Eyeshadow,3027.06,6,0,18162.36,4.5,41,Female,Dry,Bangalore,Brand Store,29-06-2023,0,June,2,Thursday,0,Premium,Mature,3027.06,Excellent,1,0
PROD1818,Revlon,Mascara,1512.53,43,15,55282.97,4.8,41,Female,Normal,Bangalore,Retail Store,30-07-2023,0,July,3,Sunday,1,Premium,Mature,1285.65,Excellent,1,0
PROD1819,Lakme,Mascara,362.24,11,15,3386.94,4.5,31,Female,Combination,Hyderabad,Online,31-03-2023,0,March,1,Friday,0,Budget,Mature,307.9,Excellent,1,0
PROD1820,Nykaa,Setting Spray,969.91,45,0,43645.95,3.6,24,Female,Oily,Kolkata,Retail Store,25-06-2023,0,June,2,Sunday,1,Mid-Range,Young Adult,969.91,Average,0,0
PROD1821,Revlon,Setting Spray,1030.95,12,0,12371.4,2.7,34,Female,Dry,Mumbai,Online,26-01-2023,0,January,1,Thursday,0,Mid-Range,Mature,1030.95,Poor,0,0
PROD1822,MAC,Eyeshadow,1671.09,13,10,19551.75,3.8,27,Male,Combination,Bangalore,Online,17-02-2023,0,February,1,Friday,0,Premium,Young Adult,1503.98,Average,0,0
PROD1823,Lakme,Highlighter,2175.73,27,5,55807.47,4.9,49,Female,Normal,Bangalore,Retail Store,14-06-2023,0,June,2,Wednesday,0,Premium,Mature,2066.94,Excellent,1,0
PROD1824,Lakme,Highlighter,1579.28,28,10,39797.86,4.7,41,Female,Sensitive,Hyderabad,Online,01-07-2023,0,July,3,Saturday,1,Premium,Mature,1421.35,Excellent,1,0
PROD1825,Sugar,Eyeshadow,940.99,18,25,12703.36,3.6,44,Male,Dry,Kolkata,Brand Store,11-12-2023,0,December,4,Monday,0,Mid-Range,Mature,705.74,Average,0,0
PROD1826,Nykaa,Eyeshadow,723.38,42,0,30381.96,4.8,55,Non-binary,Oily,Hyderabad,Retail Store,03-06-2023,0,June,2,Saturday,1,Mid-Range,Mature,723.38,Excellent,1,0
PROD1827,Nykaa,Foundation,1416.04,19,5,25559.52,2.8,28,Female,Normal,Ahmedabad,Online,18-07-2023,0,July,3,Tuesday,0,Mid-Range,Young Adult,1345.24,Poor,0,0
PROD1828,Lakme,Highlighter,1438.79,45,15,55033.72,3,32,Non-binary,Sensitive,Hyderabad,Online,23-05-2023,0,May,2,Tuesday,0,Mid-Range,Mature,1222.97,Average,0,0
PROD1829,Revlon,Eyeliner,1301.55,7,0,9110.85,3.8,44,Female,Normal,Mumbai,Online,17-10-2023,0,October,4,Tuesday,0,Mid-Range,Mature,1301.55,Average,0,0
PROD1830,Lakme,Mascara,1787.85,19,0,33969.15,3.9,44,Female,Combination,Hyderabad,Retail Store,12-09-2023,0,September,3,Tuesday,0,Premium,Mature,1787.85,Average,0,0
PROD1831,Revlon,Highlighter,2449.35,33,20,64662.84,4.6,52,Female,Sensitive,Hyderabad,Retail Store,06-01-2023,0,January,1,Friday,0,Premium,Mature,1959.48,Excellent,1,0
PROD1832,Revlon,Primer,2710.35,25,0,67758.75,4.6,24,Female,Sensitive,Kolkata,Brand Store,19-12-2023,0,December,4,Tuesday,0,Premium,Young Adult,2710.35,Excellent,1,0
PROD1833,NYX,Highlighter,469.76,1,5,446.27,4.9,16,Male,Sensitive,Pune,Online,17-11-2023,0,November,4,Friday,0,Budget,Mature,446.27,Excellent,1,0
PROD1834,L'Oreal,Blush,454.67,47,0,21369.49,3.2,36,Female,Sensitive,Mumbai,Online,02-09-2023,0,September,3,Saturday,1,Budget,Mature,454.67,Average,0,0
PROD1835,Lakme,Highlighter,1122.06,42,0,47126.52,4.1,22,Female,Normal,Hyderabad,Online,25-09-2023,0,September,3,Monday,0,Mid-Range,Young Adult,1122.06,Good,1,0
PROD1836,Nykaa,Lipstick,1873.53,6,20,8992.94,3.9,44,Male,Combination,Pune,Retail Store,28-08-2023,0,August,3,Monday,0,Premium,Mature,1498.82,Average,0,0
PROD1837,Nykaa,Eyeshadow,2347.33,5,20,9389.32,3.4,35,Male,Combination,Delhi,Brand Store,08-11-2023,0,November,4,Wednesday,0,Premium,Mature,1877.86,Average,0,0
PROD1838,Sugar,Mascara,1055.16,45,15,40359.87,2.9,23,Female,Combination,Mumbai,Brand Store,24-12-2023,0,December,4,Sunday,1,Mid-Range,Young Adult,896.89,Poor,0,0
PROD1839,Nykaa,Primer,462.37,16,20,5918.34,3.4,43,Female,Oily,Mumbai,Retail Store,07-05-2023,0,May,2,Sunday,1,Budget,Mature,369.9,Average,0,0
PROD1840,Faces Canada,Setting Spray,716.85,2,0,1433.7,3.5,44,Female,Normal,Chennai,Online,03-03-2023,0,March,1,Friday,0,Mid-Range,Mature,716.85,Average,0,0
PROD1841,Nykaa,Mascara,937.97,31,5,27623.22,4.8,33,Female,Oily,Delhi,Brand Store,20-08-2023,0,August,3,Sunday,1,Mid-Range,Mature,891.07,Excellent,1,0
PROD1842,MAC,Concealer,1505.69,22,15,28156.4,4.2,18,Female,Dry,Kolkata,Retail Store,15-04-2023,0,April,2,Saturday,1,Premium,Mature,1279.84,Good,1,0
PROD1843,Colorbar,Primer,3092.09,33,0,102038.97,4.4,41,Female,Combination,Mumbai,Brand Store,23-11-2023,0,November,4,Thursday,0,Premium,Mature,3092.09,Good,1,0
PROD1844,Colorbar,Blush,559.75,8,5,4254.1,4.2,19,Female,Sensitive,Hyderabad,Brand Store,25-12-2023,0,December,4,Monday,0,Mid-Range,Mature,531.76,Good,1,0
PROD1845,Sugar,Highlighter,379.33,26,0,9862.58,3,19,Female,Dry,Delhi,Retail Store,13-12-2023,0,December,4,Wednesday,0,Budget,Mature,379.33,Average,0,0
PROD1846,Colorbar,Eyeshadow,2450.59,50,10,110276.55,4.6,55,Male,Sensitive,Delhi,Brand Store,23-03-2023,0,March,1,Thursday,0,Premium,Mature,2205.53,Excellent,1,0
PROD1847,Revlon,Highlighter,2907.56,50,15,123571.3,3,30,Female,Normal,Ahmedabad,Online,04-01-2023,0,January,1,Wednesday,0,Premium,Young Adult,2471.43,Average,0,0
PROD1848,Colorbar,Blush,839.7,26,20,17465.76,4,26,Female,Sensitive,Mumbai,Online,07-12-2023,0,December,4,Thursday,0,Mid-Range,Young Adult,671.76,Good,1,0
PROD1849,Revlon,Eyeshadow,1418.5,41,5,55250.57,4,17,Female,Combination,Delhi,Retail Store,09-11-2023,1,November,4,Thursday,0,Mid-Range,Mature,1347.57,Good,1,55250.57
PROD1850,Colorbar,Highlighter,784.19,40,25,23525.7,3.3,50,Female,Oily,Ahmedabad,Online,07-11-2023,0,November,4,Tuesday,0,Mid-Range,Mature,588.14,Average,0,0
PROD1851,MAC,Blush,1512.74,33,10,44928.38,4.4,33,Female,Dry,Chennai,Online,22-12-2023,0,December,4,Friday,0,Premium,Mature,1361.47,Good,1,0
PROD1852,Faces Canada,Eyeliner,255.42,31,10,7126.22,3.8,16,Non-binary,Normal,Kolkata,Brand Store,19-05-2023,0,May,2,Friday,0,Budget,Mature,229.88,Average,0,0
PROD1853,Faces Canada,Concealer,1707.32,49,10,75292.81,4.4,19,Male,Combination,Delhi,Retail Store,25-10-2023,1,October,4,Wednesday,0,Premium,Mature,1536.59,Good,1,75292.81
PROD1854,Maybelline,Primer,1417.89,13,0,18432.57,4.8,18,Non-binary,Oily,Delhi,Retail Store,21-03-2023,0,March,1,Tuesday,0,Mid-Range,Mature,1417.89,Excellent,1,0
PROD1855,Lakme,Eyeliner,384.23,33,20,10143.67,4.1,18,Female,Dry,Delhi,Retail Store,28-09-2023,0,September,3,Thursday,0,Budget,Mature,307.38,Good,1,0
PROD1856,L'Oreal,Primer,2418.63,50,10,108838.35,3.2,35,Female,Oily,Pune,Online,22-09-2023,0,September,3,Friday,0,Premium,Mature,2176.77,Average,0,0
PROD1857,Colorbar,Concealer,677.2,42,10,25598.16,3.7,33,Female,Normal,Delhi,Online,05-08-2023,1,August,3,Saturday,1,Mid-Range,Mature,609.48,Average,0,25598.16
PROD1858,Nykaa,Setting Spray,1759.44,11,0,19353.84,4.5,41,Female,Oily,Kolkata,Online,29-09-2023,0,September,3,Friday,0,Premium,Mature,1759.44,Excellent,1,0
PROD1859,Maybelline,Setting Spray,1075.15,41,10,39673.04,4.4,27,Female,Combination,Kolkata,Online,22-04-2023,0,April,2,Saturday,1,Mid-Range,Young Adult,967.64,Good,1,0
PROD1860,NYX,Mascara,800.55,34,20,21774.96,4.2,47,Female,Dry,Mumbai,Online,01-06-2023,0,June,2,Thursday,0,Mid-Range,Mature,640.44,Good,1,0
PROD1861,NYX,Mascara,491.31,24,5,11201.87,3,54,Non-binary,Oily,Mumbai,Brand Store,21-03-2023,1,March,1,Tuesday,0,Budget,Mature,466.74,Average,0,11201.87
PROD1862,Lakme,Eyeshadow,974.95,18,20,14039.28,3.9,41,Female,Sensitive,Mumbai,Online,18-08-2023,0,August,3,Friday,0,Mid-Range,Mature,779.96,Average,0,0
PROD1863,MAC,Blush,1094.1,9,15,8369.86,4.6,35,Female,Combination,Mumbai,Retail Store,06-08-2023,0,August,3,Sunday,1,Mid-Range,Mature,929.98,Excellent,1,0
PROD1864,Sugar,Primer,2848.09,50,0,142404.5,4.9,17,Male,Combination,Chennai,Retail Store,19-09-2023,0,September,3,Tuesday,0,Premium,Mature,2848.09,Excellent,1,0
PROD1865,Sugar,Setting Spray,1996.73,16,0,31947.68,3.8,33,Non-binary,Dry,Kolkata,Retail Store,07-03-2023,0,March,1,Tuesday,0,Premium,Mature,1996.73,Average,0,0
PROD1866,Sugar,Highlighter,1931.27,40,15,65663.18,4.9,42,Female,Oily,Hyderabad,Brand Store,25-10-2023,0,October,4,Wednesday,0,Premium,Mature,1641.58,Excellent,1,0
PROD1867,L'Oreal,Mascara,1547.04,17,0,26299.68,3,49,Non-binary,Dry,Kolkata,Online,16-10-2023,0,October,4,Monday,0,Premium,Mature,1547.04,Average,0,0
PROD1868,Nykaa,Highlighter,495.29,30,10,13372.83,4.9,52,Male,Dry,Kolkata,Online,13-07-2023,0,July,3,Thursday,0,Budget,Mature,445.76,Excellent,1,0
PROD1869,L'Oreal,Setting Spray,1299.17,48,0,62360.16,4,51,Female,Combination,Chennai,Online,02-09-2023,0,September,3,Saturday,1,Mid-Range,Mature,1299.17,Good,1,0
PROD1870,Sugar,Primer,2601.07,29,0,75431.03,4,39,Female,Combination,Kolkata,Online,11-05-2023,0,May,2,Thursday,0,Premium,Mature,2601.07,Good,1,0
PROD1871,Colorbar,Blush,2079.28,7,0,14554.96,3.3,54,Female,Oily,Chennai,Brand Store,06-03-2023,0,March,1,Monday,0,Premium,Mature,2079.28,Average,0,0
PROD1872,NYX,Foundation,1251.27,42,0,52553.34,4.9,45,Female,Sensitive,Kolkata,Online,04-02-2023,1,February,1,Saturday,1,Mid-Range,Mature,1251.27,Excellent,1,52553.34
PROD1873,Lakme,Eyeshadow,3521.52,47,5,157235.87,4.8,20,Female,Oily,Chennai,Retail Store,22-09-2023,0,September,3,Friday,0,Premium,Mature,3345.44,Excellent,1,0
PROD1874,Faces Canada,Mascara,1045.61,3,10,2823.15,4,50,Male,Combination,Kolkata,Brand Store,16-07-2023,0,July,3,Sunday,1,Mid-Range,Mature,941.05,Good,1,0
PROD1875,NYX,Mascara,1835.37,22,20,32302.51,4.1,25,Female,Dry,Mumbai,Brand Store,29-04-2023,0,April,2,Saturday,1,Premium,Young Adult,1468.3,Good,1,0
PROD1876,Nykaa,Highlighter,1942.91,7,25,10200.28,4.1,32,Non-binary,Sensitive,Kolkata,Online,07-10-2023,1,October,4,Saturday,1,Premium,Mature,1457.18,Good,1,10200.28
PROD1877,Revlon,Lipstick,1124.69,9,5,9616.1,4.7,21,Female,Combination,Ahmedabad,Brand Store,02-01-2023,0,January,1,Monday,0,Mid-Range,Young Adult,1068.46,Excellent,1,0
PROD1878,Faces Canada,Foundation,1677.39,22,0,36902.58,4.9,25,Female,Combination,Hyderabad,Online,07-06-2023,0,June,2,Wednesday,0,Premium,Young Adult,1677.39,Excellent,1,0
PROD1879,Revlon,Mascara,605.19,5,0,3025.95,4.1,46,Female,Oily,Pune,Retail Store,12-09-2023,0,September,3,Tuesday,0,Mid-Range,Mature,605.19,Good,1,0
PROD1880,Maybelline,Mascara,1092.89,23,15,21366,2.7,42,Non-binary,Dry,Delhi,Brand Store,17-03-2023,0,March,1,Friday,0,Mid-Range,Mature,928.96,Poor,0,0
PROD1881,Colorbar,Setting Spray,1527.52,38,15,49338.9,3,46,Female,Normal,Chennai,Online,02-06-2023,0,June,2,Friday,0,Premium,Mature,1298.39,Average,0,0
PROD1882,NYX,Blush,2154.76,19,0,40940.44,3.9,16,Female,Normal,Hyderabad,Retail Store,01-10-2023,0,October,4,Sunday,1,Premium,Mature,2154.76,Average,0,0
PROD1883,Revlon,Eyeshadow,3949.83,1,5,3752.34,4.2,46,Female,Oily,Kolkata,Retail Store,08-11-2023,0,November,4,Wednesday,0,Premium,Mature,3752.34,Good,1,0
PROD1884,Faces Canada,Lipstick,2162.52,23,0,49737.96,2.7,31,Female,Sensitive,Bangalore,Brand Store,18-05-2023,0,May,2,Thursday,0,Premium,Mature,2162.52,Poor,0,0
PROD1885,Lakme,Blush,1610.9,5,15,6846.32,3.9,38,Female,Combination,Mumbai,Retail Store,10-02-2023,0,February,1,Friday,0,Premium,Mature,1369.26,Average,0,0
PROD1886,Sugar,Concealer,876.75,46,5,38313.97,4.5,41,Female,Sensitive,Pune,Online,23-07-2023,0,July,3,Sunday,1,Mid-Range,Mature,832.91,Excellent,1,0
PROD1887,Lakme,Eyeliner,169.86,1,25,127.4,4,16,Female,Combination,Hyderabad,Retail Store,22-05-2023,1,May,2,Monday,0,Budget,Mature,127.4,Good,1,127.4
PROD1888,Colorbar,Eyeshadow,3715.46,46,15,145274.49,3.9,27,Female,Oily,Delhi,Brand Store,29-10-2023,0,October,4,Sunday,1,Premium,Young Adult,3158.14,Average,0,0
PROD1889,MAC,Lipstick,1381.12,35,0,48339.2,3.9,33,Female,Normal,Mumbai,Brand Store,07-01-2023,0,January,1,Saturday,1,Mid-Range,Mature,1381.12,Average,0,0
PROD1890,Revlon,Setting Spray,453.01,25,0,11325.25,3.2,43,Female,Dry,Chennai,Online,02-08-2023,0,August,3,Wednesday,0,Budget,Mature,453.01,Average,0,0
PROD1891,Colorbar,Eyeshadow,3946.16,20,25,59192.4,3.2,17,Female,Normal,Mumbai,Retail Store,06-11-2023,0,November,4,Monday,0,Premium,Mature,2959.62,Average,0,0
PROD1892,Colorbar,Lipstick,586,44,10,23205.6,4.3,54,Male,Combination,Delhi,Brand Store,10-02-2023,0,February,1,Friday,0,Mid-Range,Mature,527.4,Good,1,0
PROD1893,Nykaa,Mascara,880.81,7,10,5549.1,3.3,33,Female,Oily,Pune,Brand Store,24-07-2023,0,July,3,Monday,0,Mid-Range,Mature,792.73,Average,0,0
PROD1894,Colorbar,Foundation,2399.49,3,10,6478.62,3.2,45,Female,Oily,Bangalore,Online,04-11-2023,1,November,4,Saturday,1,Premium,Mature,2159.54,Average,0,6478.62
PROD1895,Sugar,Eyeliner,1432.71,24,15,29227.28,4.3,34,Male,Oily,Ahmedabad,Brand Store,14-12-2023,0,December,4,Thursday,0,Mid-Range,Mature,1217.8,Good,1,0
PROD1896,Maybelline,Eyeshadow,1941.48,5,5,9222.03,3.2,20,Female,Dry,Pune,Brand Store,04-08-2023,0,August,3,Friday,0,Premium,Mature,1844.41,Average,0,0
PROD1897,Nykaa,Highlighter,656.26,27,0,17719.02,2.9,36,Female,Combination,Kolkata,Online,07-01-2023,0,January,1,Saturday,1,Mid-Range,Mature,656.26,Poor,0,0
PROD1898,NYX,Primer,449.99,24,0,10799.76,3.7,51,Male,Dry,Ahmedabad,Online,22-09-2023,0,September,3,Friday,0,Budget,Mature,449.99,Average,0,0
PROD1899,Nykaa,Lipstick,743.2,26,0,19323.2,3.5,43,Female,Oily,Mumbai,Retail Store,29-09-2023,0,September,3,Friday,0,Mid-Range,Mature,743.2,Average,0,0
PROD1900,NYX,Highlighter,2560.87,40,0,102434.8,3.9,23,Female,Sensitive,Mumbai,Online,02-03-2023,1,March,1,Thursday,0,Premium,Young Adult,2560.87,Average,0,102434.8
PROD1901,Lakme,Eyeshadow,828.84,9,10,6713.6,2.6,32,Female,Dry,Pune,Online,24-08-2023,0,August,3,Thursday,0,Mid-Range,Mature,745.96,Poor,0,0
PROD1902,Revlon,Setting Spray,692.38,8,0,5539.04,3.9,27,Female,Oily,Kolkata,Online,01-10-2023,0,October,4,Sunday,1,Mid-Range,Young Adult,692.38,Average,0,0
PROD1903,Revlon,Eyeliner,1384.04,32,10,39860.35,4.8,36,Non-binary,Sensitive,Hyderabad,Retail Store,23-01-2023,0,January,1,Monday,0,Mid-Range,Mature,1245.64,Excellent,1,0
PROD1904,NYX,Setting Spray,1478.62,22,10,29276.68,3.1,21,Female,Oily,Delhi,Brand Store,03-03-2023,0,March,1,Friday,0,Mid-Range,Young Adult,1330.76,Average,0,0
PROD1905,Revlon,Concealer,1575.95,19,10,26948.74,4.7,34,Female,Normal,Pune,Retail Store,27-03-2023,0,March,1,Monday,0,Premium,Mature,1418.35,Excellent,1,0
PROD1906,Maybelline,Mascara,1087.48,32,5,33059.39,2.6,42,Non-binary,Dry,Kolkata,Online,29-07-2023,0,July,3,Saturday,1,Mid-Range,Mature,1033.11,Poor,0,0
PROD1907,NYX,Mascara,1174.71,2,0,2349.42,3.6,34,Female,Dry,Ahmedabad,Brand Store,27-07-2023,0,July,3,Thursday,0,Mid-Range,Mature,1174.71,Average,0,0
PROD1908,Revlon,Foundation,1912.2,2,5,3633.18,2.7,28,Female,Normal,Mumbai,Online,22-11-2023,1,November,4,Wednesday,0,Premium,Young Adult,1816.59,Poor,0,3633.18
PROD1909,Revlon,Foundation,1653.81,23,0,38037.63,3.8,52,Female,Dry,Mumbai,Retail Store,04-06-2023,0,June,2,Sunday,1,Premium,Mature,1653.81,Average,0,0
PROD1910,NYX,Concealer,1349.52,17,10,20647.66,2.6,40,Female,Combination,Hyderabad,Brand Store,15-12-2023,0,December,4,Friday,0,Mid-Range,Mature,1214.57,Poor,0,0
PROD1911,Colorbar,Eyeliner,175.23,47,25,6176.86,3.7,52,Female,Sensitive,Delhi,Brand Store,30-09-2023,0,September,3,Saturday,1,Budget,Mature,131.42,Average,0,0
PROD1912,Nykaa,Blush,1556.24,28,10,39217.25,3.3,23,Female,Combination,Chennai,Online,11-09-2023,0,September,3,Monday,0,Premium,Young Adult,1400.62,Average,0,0
PROD1913,Nykaa,Eyeliner,865.26,1,5,822,3.4,45,Non-binary,Dry,Mumbai,Online,22-12-2023,0,December,4,Friday,0,Mid-Range,Mature,822,Average,0,0
PROD1914,Faces Canada,Foundation,1148.41,1,0,1148.41,4.5,22,Female,Oily,Bangalore,Online,10-08-2023,0,August,3,Thursday,0,Mid-Range,Young Adult,1148.41,Excellent,1,0
PROD1915,Colorbar,Mascara,1457.18,14,10,18360.47,4.5,24,Female,Normal,Chennai,Brand Store,21-01-2023,0,January,1,Saturday,1,Mid-Range,Young Adult,1311.46,Excellent,1,0
PROD1916,Revlon,Mascara,631.37,11,5,6597.82,4.5,45,Female,Sensitive,Kolkata,Brand Store,13-05-2023,0,May,2,Saturday,1,Mid-Range,Mature,599.8,Excellent,1,0
PROD1917,Colorbar,Eyeshadow,3752.23,11,0,41274.53,3.1,50,Female,Dry,Pune,Brand Store,03-05-2023,0,May,2,Wednesday,0,Premium,Mature,3752.23,Average,0,0
PROD1918,NYX,Foundation,2503.66,1,25,1877.74,2.7,55,Female,Dry,Chennai,Online,31-05-2023,0,May,2,Wednesday,0,Premium,Mature,1877.74,Poor,0,0
PROD1919,Maybelline,Eyeliner,946.11,34,0,32167.74,2.9,54,Female,Normal,Mumbai,Brand Store,14-06-2023,0,June,2,Wednesday,0,Mid-Range,Mature,946.11,Poor,0,0
PROD1920,Revlon,Blush,534.51,25,10,12026.48,2.6,44,Female,Sensitive,Pune,Retail Store,15-11-2023,0,November,4,Wednesday,0,Mid-Range,Mature,481.06,Poor,0,0
PROD1921,Maybelline,Eyeshadow,408.01,46,10,16891.61,4.6,34,Female,Dry,Chennai,Online,10-08-2023,1,August,3,Thursday,0,Budget,Mature,367.21,Excellent,1,16891.61
PROD1922,L'Oreal,Mascara,1086.47,30,5,30964.4,3.7,29,Female,Sensitive,Delhi,Retail Store,18-01-2023,1,January,1,Wednesday,0,Mid-Range,Young Adult,1032.15,Average,0,30964.4
PROD1923,Sugar,Blush,312.65,29,0,9066.85,2.5,51,Female,Dry,Pune,Online,18-01-2023,0,January,1,Wednesday,0,Budget,Mature,312.65,Poor,0,0
PROD1924,Faces Canada,Setting Spray,1653.25,9,0,14879.25,4.1,21,Female,Normal,Mumbai,Brand Store,02-06-2023,0,June,2,Friday,0,Premium,Young Adult,1653.25,Good,1,0
PROD1925,NYX,Eyeliner,124.92,42,10,4721.98,4.7,46,Female,Dry,Pune,Brand Store,04-08-2023,0,August,3,Friday,0,Budget,Mature,112.43,Excellent,1,0
PROD1926,Nykaa,Lipstick,2109.77,1,15,1793.3,4.6,31,Female,Sensitive,Kolkata,Online,02-07-2023,0,July,3,Sunday,1,Premium,Mature,1793.3,Excellent,1,0
PROD1927,NYX,Highlighter,2853.78,47,0,134127.66,2.7,52,Female,Combination,Ahmedabad,Retail Store,27-11-2023,0,November,4,Monday,0,Premium,Mature,2853.78,Poor,0,0
PROD1928,Colorbar,Eyeshadow,2885.94,37,0,106779.78,4.2,52,Female,Oily,Hyderabad,Brand Store,28-12-2023,0,December,4,Thursday,0,Premium,Mature,2885.94,Good,1,0
PROD1929,Revlon,Setting Spray,1683.39,1,0,1683.39,4.7,54,Female,Normal,Chennai,Online,12-08-2023,0,August,3,Saturday,1,Premium,Mature,1683.39,Excellent,1,0
PROD1930,Colorbar,Eyeshadow,1251.12,25,0,31278,2.8,22,Female,Sensitive,Bangalore,Brand Store,01-10-2023,0,October,4,Sunday,1,Mid-Range,Young Adult,1251.12,Poor,0,0
PROD1931,Revlon,Foundation,2270.55,36,5,77652.81,4.8,30,Female,Oily,Hyderabad,Online,04-04-2023,0,April,2,Tuesday,0,Premium,Young Adult,2157.02,Excellent,1,0
PROD1932,L'Oreal,Mascara,1837.22,38,0,69814.36,4.9,35,Male,Dry,Ahmedabad,Retail Store,23-11-2023,0,November,4,Thursday,0,Premium,Mature,1837.22,Excellent,1,0
PROD1933,Faces Canada,Eyeliner,1074.21,5,5,5102.5,4.6,48,Female,Dry,Bangalore,Online,26-11-2023,0,November,4,Sunday,1,Mid-Range,Mature,1020.5,Excellent,1,0
PROD1934,Faces Canada,Concealer,2728.55,19,0,51842.45,2.7,49,Non-binary,Oily,Mumbai,Retail Store,13-04-2023,0,April,2,Thursday,0,Premium,Mature,2728.55,Poor,0,0
PROD1935,Nykaa,Concealer,994.77,48,10,42974.06,4.9,54,Female,Oily,Hyderabad,Retail Store,16-06-2023,0,June,2,Friday,0,Mid-Range,Mature,895.29,Excellent,1,0
PROD1936,NYX,Setting Spray,1264.09,25,0,31602.25,3,50,Male,Sensitive,Chennai,Online,16-08-2023,0,August,3,Wednesday,0,Mid-Range,Mature,1264.09,Average,0,0
PROD1937,Lakme,Foundation,2985.95,4,0,11943.8,3.9,25,Female,Normal,Kolkata,Online,04-01-2023,0,January,1,Wednesday,0,Premium,Young Adult,2985.95,Average,0,0
PROD1938,Sugar,Concealer,1979.08,27,15,45419.89,4.9,37,Non-binary,Sensitive,Ahmedabad,Brand Store,15-06-2023,0,June,2,Thursday,0,Premium,Mature,1682.22,Excellent,1,0
PROD1939,Revlon,Eyeliner,238.93,12,5,2723.8,3.1,43,Female,Oily,Hyderabad,Online,26-09-2023,0,September,3,Tuesday,0,Budget,Mature,226.98,Average,0,0
PROD1940,Faces Canada,Highlighter,2610.61,19,0,49601.59,4.2,38,Female,Normal,Delhi,Retail Store,16-06-2023,0,June,2,Friday,0,Premium,Mature,2610.61,Good,1,0
PROD1941,NYX,Blush,834.29,50,5,39628.78,3.8,55,Female,Oily,Ahmedabad,Retail Store,14-04-2023,0,April,2,Friday,0,Mid-Range,Mature,792.58,Average,0,0
PROD1942,Nykaa,Primer,451.68,50,0,22584,3.1,36,Female,Oily,Ahmedabad,Online,06-05-2023,0,May,2,Saturday,1,Budget,Mature,451.68,Average,0,0
PROD1943,NYX,Setting Spray,1676.62,18,0,30179.16,2.9,29,Female,Dry,Kolkata,Online,22-12-2023,0,December,4,Friday,0,Premium,Young Adult,1676.62,Poor,0,0
PROD1944,Faces Canada,Setting Spray,678.9,39,5,25153.24,4.4,33,Female,Combination,Delhi,Online,07-01-2023,0,January,1,Saturday,1,Mid-Range,Mature,644.95,Good,1,0
PROD1945,Colorbar,Foundation,1821.49,32,0,58287.68,4.7,52,Female,Combination,Ahmedabad,Online,20-03-2023,0,March,1,Monday,0,Premium,Mature,1821.49,Excellent,1,0
PROD1946,Nykaa,Concealer,1784.03,34,5,57624.17,2.5,36,Female,Dry,Mumbai,Retail Store,13-07-2023,0,July,3,Thursday,0,Premium,Mature,1694.83,Poor,0,0
PROD1947,Lakme,Primer,2175.99,32,15,59186.93,4.1,30,Male,Oily,Hyderabad,Brand Store,27-10-2023,0,October,4,Friday,0,Premium,Young Adult,1849.59,Good,1,0
PROD1948,L'Oreal,Lipstick,1712.74,28,25,35967.54,2.5,55,Female,Dry,Hyderabad,Retail Store,23-01-2023,0,January,1,Monday,0,Premium,Mature,1284.56,Poor,0,0
PROD1949,Faces Canada,Concealer,1760.81,49,0,86279.69,2.8,49,Female,Oily,Hyderabad,Brand Store,09-06-2023,0,June,2,Friday,0,Premium,Mature,1760.81,Poor,0,0
PROD1950,Sugar,Setting Spray,1430.14,31,0,44334.34,3.2,43,Female,Sensitive,Ahmedabad,Retail Store,28-02-2023,0,February,1,Tuesday,0,Mid-Range,Mature,1430.14,Average,0,0
PROD1951,NYX,Highlighter,2982.25,44,0,131219,3.8,26,Female,Sensitive,Chennai,Online,08-03-2023,0,March,1,Wednesday,0,Premium,Young Adult,2982.25,Average,0,0
PROD1952,Nykaa,Primer,2558.32,18,10,41444.78,2.8,42,Female,Dry,Bangalore,Online,08-08-2023,0,August,3,Tuesday,0,Premium,Mature,2302.49,Poor,0,0
PROD1953,Nykaa,Primer,2620.65,49,25,96308.89,3.2,45,Non-binary,Combination,Kolkata,Retail Store,18-04-2023,0,April,2,Tuesday,0,Premium,Mature,1965.49,Average,0,0
PROD1954,Lakme,Eyeshadow,1720,12,15,17544,4.6,29,Non-binary,Oily,Delhi,Retail Store,29-09-2023,1,September,3,Friday,0,Premium,Young Adult,1462,Excellent,1,17544
PROD1955,Sugar,Foundation,2030.36,10,10,18273.24,3.2,25,Female,Combination,Kolkata,Retail Store,01-08-2023,0,August,3,Tuesday,0,Premium,Young Adult,1827.32,Average,0,0
PROD1956,Nykaa,Lipstick,2333.99,16,10,33609.46,2.8,25,Female,Normal,Chennai,Brand Store,16-11-2023,0,November,4,Thursday,0,Premium,Young Adult,2100.59,Poor,0,0
PROD1957,L'Oreal,Mascara,609.63,44,10,24141.35,4.6,19,Female,Normal,Mumbai,Brand Store,20-05-2023,0,May,2,Saturday,1,Mid-Range,Mature,548.67,Excellent,1,0
PROD1958,Lakme,Eyeliner,1039.21,36,5,35540.98,3.2,45,Female,Combination,Ahmedabad,Brand Store,06-02-2023,0,February,1,Monday,0,Mid-Range,Mature,987.25,Average,0,0
PROD1959,Revlon,Eyeliner,538.74,38,0,20472.12,3.8,50,Female,Dry,Mumbai,Retail Store,03-02-2023,0,February,1,Friday,0,Mid-Range,Mature,538.74,Average,0,0
PROD1960,Colorbar,Eyeliner,180.37,38,10,6168.65,3.3,48,Male,Normal,Kolkata,Online,18-04-2023,0,April,2,Tuesday,0,Budget,Mature,162.33,Average,0,0
PROD1961,Nykaa,Eyeliner,386.71,2,0,773.42,4.7,17,Female,Oily,Ahmedabad,Retail Store,31-10-2023,0,October,4,Tuesday,0,Budget,Mature,386.71,Excellent,1,0
PROD1962,Colorbar,Foundation,388.17,22,0,8539.74,4.3,51,Female,Sensitive,Delhi,Online,04-10-2023,0,October,4,Wednesday,0,Budget,Mature,388.17,Good,1,0
PROD1963,Faces Canada,Foundation,2754.22,2,0,5508.44,4.1,47,Female,Normal,Mumbai,Retail Store,02-11-2023,0,November,4,Thursday,0,Premium,Mature,2754.22,Good,1,0
PROD1964,Colorbar,Eyeliner,283.87,31,20,7039.98,4.4,53,Female,Sensitive,Bangalore,Retail Store,29-04-2023,0,April,2,Saturday,1,Budget,Mature,227.1,Good,1,0
PROD1965,Nykaa,Primer,2449.86,39,5,90767.31,4.8,18,Female,Combination,Chennai,Brand Store,09-09-2023,0,September,3,Saturday,1,Premium,Mature,2327.37,Excellent,1,0
PROD1966,Faces Canada,Highlighter,2413.72,15,10,32585.22,5,28,Female,Normal,Pune,Retail Store,07-09-2023,0,September,3,Thursday,0,Premium,Young Adult,2172.35,Excellent,1,0
PROD1967,MAC,Mascara,379.37,22,5,7928.83,3.4,18,Female,Oily,Pune,Retail Store,26-11-2023,0,November,4,Sunday,1,Budget,Mature,360.4,Average,0,0
PROD1968,MAC,Setting Spray,1177.7,46,25,40630.65,4.6,32,Non-binary,Combination,Mumbai,Retail Store,03-10-2023,0,October,4,Tuesday,0,Mid-Range,Mature,883.28,Excellent,1,0
PROD1969,Maybelline,Blush,943.59,31,25,21938.47,4.9,22,Male,Combination,Bangalore,Online,12-04-2023,0,April,2,Wednesday,0,Mid-Range,Young Adult,707.69,Excellent,1,0
PROD1970,Revlon,Foundation,2308.54,26,5,57020.94,4.5,50,Female,Oily,Delhi,Brand Store,13-08-2023,0,August,3,Sunday,1,Premium,Mature,2193.11,Excellent,1,0
PROD1971,Faces Canada,Eyeliner,173.86,10,5,1651.67,3.1,35,Female,Normal,Hyderabad,Retail Store,15-05-2023,0,May,2,Monday,0,Budget,Mature,165.17,Average,0,0
PROD1972,Lakme,Blush,2308.62,15,10,31166.37,4.5,43,Female,Oily,Kolkata,Retail Store,22-04-2023,1,April,2,Saturday,1,Premium,Mature,2077.76,Excellent,1,31166.37
PROD1973,MAC,Eyeliner,1161.49,33,10,34496.25,4.2,23,Female,Normal,Pune,Brand Store,28-12-2023,1,December,4,Thursday,0,Mid-Range,Young Adult,1045.34,Good,1,34496.25
PROD1974,Sugar,Mascara,619.57,33,0,20445.81,3.5,51,Female,Oily,Chennai,Brand Store,15-02-2023,0,February,1,Wednesday,0,Mid-Range,Mature,619.57,Average,0,0
PROD1975,L'Oreal,Blush,2490.84,15,0,37362.6,3.1,35,Female,Combination,Delhi,Retail Store,27-06-2023,0,June,2,Tuesday,0,Premium,Mature,2490.84,Average,0,0
PROD1976,Colorbar,Eyeshadow,1901.02,25,0,47525.5,2.6,45,Female,Combination,Chennai,Retail Store,30-08-2023,0,August,3,Wednesday,0,Premium,Mature,1901.02,Poor,0,0
PROD1977,Revlon,Foundation,2677.38,37,0,99063.06,3.4,34,Female,Normal,Delhi,Brand Store,09-11-2023,0,November,4,Thursday,0,Premium,Mature,2677.38,Average,0,0
PROD1978,Revlon,Lipstick,229.21,11,0,2521.31,4.7,20,Female,Sensitive,Delhi,Retail Store,27-11-2023,0,November,4,Monday,0,Budget,Mature,229.21,Excellent,1,0
PROD1979,MAC,Foundation,2820.54,20,0,56410.8,4.6,46,Female,Oily,Kolkata,Brand Store,11-05-2023,0,May,2,Thursday,0,Premium,Mature,2820.54,Excellent,1,0
PROD1980,Sugar,Eyeliner,502.21,48,25,18079.56,5,53,Female,Normal,Bangalore,Brand Store,23-11-2023,1,November,4,Thursday,0,Mid-Range,Mature,376.66,Excellent,1,18079.56
PROD1981,L'Oreal,Lipstick,1176.36,41,5,45819.22,3.4,17,Female,Dry,Kolkata,Brand Store,07-04-2023,0,April,2,Friday,0,Mid-Range,Mature,1117.54,Average,0,0
PROD1982,Colorbar,Foundation,2687.76,27,15,61684.09,3.5,20,Female,Combination,Mumbai,Online,04-05-2023,0,May,2,Thursday,0,Premium,Mature,2284.6,Average,0,0
PROD1983,L'Oreal,Lipstick,2024.69,9,0,18222.21,2.8,30,Female,Sensitive,Hyderabad,Brand Store,07-02-2023,0,February,1,Tuesday,0,Premium,Young Adult,2024.69,Poor,0,0
PROD1984,Nykaa,Eyeliner,874.77,27,0,23618.79,3.7,55,Male,Normal,Mumbai,Online,11-11-2023,0,November,4,Saturday,1,Mid-Range,Mature,874.77,Average,0,0
PROD1985,NYX,Blush,2081.88,8,0,16655.04,3.2,17,Female,Dry,Bangalore,Online,29-06-2023,0,June,2,Thursday,0,Premium,Mature,2081.88,Average,0,0
PROD1986,Revlon,Highlighter,1471.99,20,0,29439.8,2.9,40,Female,Sensitive,Mumbai,Online,08-09-2023,0,September,3,Friday,0,Mid-Range,Mature,1471.99,Poor,0,0
PROD1987,Colorbar,Foundation,2170.17,49,10,95704.5,3.4,40,Female,Sensitive,Pune,Retail Store,24-11-2023,0,November,4,Friday,0,Premium,Mature,1953.15,Average,0,0
PROD1988,NYX,Highlighter,2491.92,20,0,49838.4,4,17,Female,Combination,Chennai,Brand Store,02-04-2023,0,April,2,Sunday,1,Premium,Mature,2491.92,Good,1,0
PROD1989,MAC,Foundation,2961.41,18,0,53305.38,4.4,32,Female,Dry,Kolkata,Retail Store,02-10-2023,0,October,4,Monday,0,Premium,Mature,2961.41,Good,1,0
PROD1990,MAC,Eyeliner,1439.34,5,15,6117.19,3.1,39,Female,Oily,Hyderabad,Retail Store,04-09-2023,0,September,3,Monday,0,Mid-Range,Mature,1223.44,Average,0,0
PROD1991,Revlon,Mascara,366.12,17,0,6224.04,4.2,53,Female,Sensitive,Ahmedabad,Brand Store,12-06-2023,0,June,2,Monday,0,Budget,Mature,366.12,Good,1,0
PROD1992,NYX,Lipstick,231.13,21,10,4368.36,3.2,44,Female,Normal,Ahmedabad,Brand Store,21-09-2023,0,September,3,Thursday,0,Budget,Mature,208.02,Average,0,0
PROD1993,Faces Canada,Concealer,333.21,7,0,2332.47,4.3,50,Female,Oily,Ahmedabad,Online,26-10-2023,0,October,4,Thursday,0,Budget,Mature,333.21,Good,1,0
PROD1994,NYX,Foundation,1031.52,31,0,31977.12,3.8,26,Female,Normal,Delhi,Online,09-02-2023,0,February,1,Thursday,0,Mid-Range,Young Adult,1031.52,Average,0,0
PROD1995,Nykaa,Setting Spray,1372.1,21,0,28814.1,3.6,24,Female,Oily,Pune,Retail Store,08-10-2023,0,October,4,Sunday,1,Mid-Range,Young Adult,1372.1,Average,0,0
PROD1996,Colorbar,Highlighter,2072.33,16,0,33157.28,4.8,20,Female,Dry,Pune,Retail Store,11-04-2023,0,April,2,Tuesday,0,Premium,Mature,2072.33,Excellent,1,0
PROD1997,MAC,Mascara,296.67,33,10,8811.1,3.6,37,Female,Oily,Pune,Brand Store,12-03-2023,0,March,1,Sunday,1,Budget,Mature,267,Average,0,0
PROD1998,NYX,Foundation,2822.22,2,10,5080,3.5,46,Female,Combination,Mumbai,Online,13-06-2023,0,June,2,Tuesday,0,Premium,Mature,2540,Average,0,0
PROD1999,Maybelline,Lipstick,2461.12,26,0,63989.12,3.6,31,Female,Sensitive,Chennai,Brand Store,11-03-2023,0,March,1,Saturday,1,Premium,Mature,2461.12,Average,0,0
PROD2000,Revlon,Lipstick,733.08,38,10,25071.34,2.8,27,Female,Normal,Mumbai,Retail Store,15-01-2023,0,January,1,Sunday,1,Mid-Range,Young Adult,659.77,Poor,0,0
